# GEM-CSC alignment correction in 1/8-strip units for ME11 negative endcap (4D format)
# Index: 3072*(chamber-1)+384*(roll-1)+192*(layer-1)+pad
# chamber in [1,36], roll in [1,8], layer in [1,2], pad in [0,191]
# Value: signed alignment correction in 1/8-strip units
0 4
1 4
2 4
3 4
4 4
5 4
6 4
7 4
8 4
9 4
10 4
11 4
12 4
13 4
14 4
15 4
16 4
17 4
18 4
19 4
20 4
21 4
22 4
23 4
24 4
25 4
26 4
27 4
28 4
29 4
30 4
31 4
32 4
33 4
34 4
35 4
36 4
37 4
38 4
39 4
40 4
41 4
42 4
43 4
44 4
45 4
46 4
47 4
48 4
49 4
50 4
51 4
52 4
53 4
54 4
55 4
56 4
57 4
58 4
59 4
60 4
61 4
62 4
63 4
64 4
65 4
66 4
67 4
68 4
69 4
70 4
71 4
72 4
73 4
74 4
75 4
76 4
77 4
78 4
79 4
80 4
81 4
82 4
83 4
84 4
85 4
86 4
87 4
88 4
89 4
90 4
91 4
92 4
93 4
94 4
95 4
96 4
97 4
98 4
99 4
100 4
101 4
102 4
103 4
104 4
105 4
106 4
107 4
108 4
109 4
110 4
111 4
112 4
113 4
114 4
115 4
116 4
117 4
118 4
119 4
120 4
121 4
122 4
123 4
124 4
125 4
126 4
127 4
128 4
129 4
130 4
131 4
132 4
133 4
134 4
135 4
136 4
137 4
138 4
139 4
140 4
141 4
142 4
143 4
144 4
145 4
146 4
147 4
148 4
149 4
150 4
151 4
152 4
153 4
154 4
155 4
156 4
157 4
158 4
159 4
160 4
161 4
162 4
163 4
164 4
165 4
166 4
167 4
168 4
169 4
170 4
171 4
172 4
173 4
174 4
175 4
176 4
177 4
178 4
179 4
180 4
181 4
182 4
183 4
184 4
185 4
186 4
187 4
188 4
189 4
190 4
191 4
192 4
193 4
194 4
195 4
196 4
197 4
198 4
199 4
200 4
201 4
202 4
203 4
204 4
205 4
206 4
207 4
208 4
209 4
210 4
211 4
212 4
213 4
214 4
215 4
216 4
217 4
218 4
219 4
220 4
221 4
222 4
223 4
224 4
225 4
226 4
227 4
228 4
229 4
230 4
231 4
232 4
233 4
234 4
235 4
236 4
237 4
238 4
239 4
240 4
241 4
242 4
243 4
244 4
245 4
246 4
247 4
248 4
249 4
250 4
251 4
252 4
253 4
254 4
255 4
256 4
257 4
258 4
259 4
260 4
261 4
262 4
263 4
264 4
265 4
266 4
267 4
268 4
269 4
270 4
271 4
272 4
273 4
274 4
275 4
276 4
277 4
278 4
279 4
280 4
281 4
282 4
283 4
284 4
285 4
286 4
287 4
288 4
289 4
290 4
291 4
292 4
293 4
294 4
295 4
296 4
297 4
298 4
299 4
300 4
301 4
302 4
303 4
304 4
305 4
306 4
307 4
308 4
309 4
310 4
311 4
312 4
313 4
314 4
315 4
316 4
317 4
318 4
319 4
320 4
321 4
322 4
323 4
324 4
325 4
326 4
327 4
328 4
329 4
330 4
331 4
332 4
333 4
334 4
335 4
336 4
337 4
338 4
339 4
340 4
341 4
342 4
343 4
344 4
345 4
346 4
347 4
348 4
349 4
350 4
351 4
352 4
353 4
354 4
355 4
356 4
357 4
358 4
359 4
360 4
361 4
362 4
363 4
364 4
365 4
366 4
367 4
368 4
369 4
370 4
371 4
372 4
373 4
374 4
375 4
376 4
377 4
378 4
379 4
380 4
381 4
382 4
383 4
384 5
385 5
386 5
387 5
388 5
389 5
390 5
391 5
392 5
393 5
394 5
395 5
396 5
397 5
398 5
399 5
400 5
401 5
402 5
403 5
404 5
405 5
406 5
407 5
408 5
409 5
410 5
411 5
412 5
413 5
414 5
415 5
416 5
417 5
418 5
419 5
420 5
421 5
422 5
423 5
424 5
425 5
426 5
427 5
428 5
429 5
430 5
431 5
432 5
433 5
434 5
435 5
436 5
437 5
438 5
439 5
440 5
441 5
442 5
443 5
444 5
445 5
446 5
447 5
448 5
449 5
450 5
451 5
452 5
453 5
454 5
455 5
456 5
457 5
458 5
459 5
460 5
461 5
462 5
463 5
464 5
465 5
466 5
467 5
468 5
469 5
470 5
471 5
472 5
473 5
474 5
475 5
476 5
477 5
478 5
479 5
480 5
481 5
482 5
483 5
484 5
485 5
486 5
487 5
488 5
489 5
490 5
491 5
492 5
493 5
494 5
495 5
496 5
497 5
498 5
499 5
500 5
501 5
502 5
503 5
504 5
505 5
506 5
507 5
508 5
509 5
510 5
511 5
512 5
513 5
514 5
515 5
516 5
517 5
518 5
519 5
520 5
521 5
522 5
523 5
524 5
525 5
526 5
527 5
528 5
529 5
530 5
531 5
532 5
533 5
534 5
535 5
536 5
537 5
538 5
539 5
540 5
541 5
542 5
543 5
544 5
545 5
546 5
547 5
548 5
549 5
550 5
551 5
552 5
553 5
554 5
555 5
556 5
557 5
558 5
559 5
560 5
561 5
562 5
563 5
564 5
565 5
566 5
567 5
568 5
569 5
570 5
571 5
572 5
573 5
574 5
575 5
576 5
577 5
578 5
579 5
580 5
581 5
582 5
583 5
584 5
585 5
586 5
587 5
588 5
589 5
590 5
591 5
592 5
593 5
594 5
595 5
596 5
597 5
598 5
599 5
600 5
601 5
602 5
603 5
604 5
605 5
606 5
607 5
608 5
609 5
610 5
611 5
612 5
613 5
614 5
615 5
616 5
617 5
618 5
619 5
620 5
621 5
622 5
623 5
624 5
625 5
626 5
627 5
628 5
629 5
630 5
631 5
632 5
633 5
634 5
635 5
636 5
637 5
638 5
639 5
640 5
641 5
642 5
643 5
644 5
645 5
646 5
647 5
648 5
649 5
650 5
651 5
652 5
653 5
654 5
655 5
656 5
657 5
658 5
659 5
660 5
661 5
662 5
663 5
664 5
665 5
666 5
667 5
668 5
669 5
670 5
671 5
672 5
673 5
674 5
675 5
676 5
677 5
678 5
679 5
680 5
681 5
682 5
683 5
684 5
685 5
686 5
687 5
688 5
689 5
690 5
691 5
692 5
693 5
694 5
695 5
696 5
697 5
698 5
699 5
700 5
701 5
702 5
703 5
704 5
705 5
706 5
707 5
708 5
709 5
710 5
711 5
712 5
713 5
714 5
715 5
716 5
717 5
718 5
719 5
720 5
721 5
722 5
723 5
724 5
725 5
726 5
727 5
728 5
729 5
730 5
731 5
732 5
733 5
734 5
735 5
736 5
737 5
738 5
739 5
740 5
741 5
742 5
743 5
744 5
745 5
746 5
747 5
748 5
749 5
750 5
751 5
752 5
753 5
754 5
755 5
756 5
757 5
758 5
759 5
760 5
761 5
762 5
763 5
764 5
765 5
766 5
767 5
768 5
769 5
770 5
771 5
772 5
773 5
774 5
775 5
776 5
777 5
778 5
779 5
780 5
781 5
782 5
783 5
784 5
785 5
786 5
787 5
788 5
789 5
790 5
791 5
792 5
793 5
794 5
795 5
796 5
797 5
798 5
799 5
800 5
801 5
802 5
803 5
804 5
805 5
806 5
807 5
808 5
809 5
810 5
811 5
812 5
813 5
814 5
815 5
816 5
817 5
818 5
819 5
820 5
821 5
822 5
823 5
824 5
825 5
826 5
827 5
828 5
829 5
830 5
831 5
832 5
833 5
834 5
835 5
836 5
837 5
838 5
839 5
840 5
841 5
842 5
843 5
844 5
845 5
846 5
847 5
848 5
849 5
850 5
851 5
852 5
853 5
854 5
855 5
856 5
857 5
858 5
859 5
860 5
861 5
862 5
863 5
864 5
865 5
866 5
867 5
868 5
869 5
870 5
871 5
872 5
873 5
874 5
875 5
876 5
877 5
878 5
879 5
880 5
881 5
882 5
883 5
884 5
885 5
886 5
887 5
888 5
889 5
890 5
891 5
892 5
893 5
894 5
895 5
896 5
897 5
898 5
899 5
900 5
901 5
902 5
903 5
904 5
905 5
906 5
907 5
908 5
909 5
910 5
911 5
912 5
913 5
914 5
915 5
916 5
917 5
918 5
919 5
920 5
921 5
922 5
923 5
924 5
925 5
926 5
927 5
928 5
929 5
930 5
931 5
932 5
933 5
934 5
935 5
936 5
937 5
938 5
939 5
940 5
941 5
942 5
943 5
944 5
945 5
946 5
947 5
948 5
949 5
950 5
951 5
952 5
953 5
954 5
955 5
956 5
957 5
958 5
959 5
960 5
961 5
962 5
963 5
964 5
965 5
966 5
967 5
968 5
969 5
970 5
971 5
972 5
973 5
974 5
975 5
976 5
977 5
978 5
979 5
980 5
981 5
982 5
983 5
984 5
985 5
986 5
987 5
988 5
989 5
990 5
991 5
992 5
993 5
994 5
995 5
996 5
997 5
998 5
999 5
1000 5
1001 5
1002 5
1003 5
1004 5
1005 5
1006 5
1007 5
1008 5
1009 5
1010 5
1011 5
1012 5
1013 5
1014 5
1015 5
1016 5
1017 5
1018 5
1019 5
1020 5
1021 5
1022 5
1023 5
1024 5
1025 5
1026 5
1027 5
1028 5
1029 5
1030 5
1031 5
1032 5
1033 5
1034 5
1035 5
1036 5
1037 5
1038 5
1039 5
1040 5
1041 5
1042 5
1043 5
1044 5
1045 5
1046 5
1047 5
1048 5
1049 5
1050 5
1051 5
1052 5
1053 5
1054 5
1055 5
1056 5
1057 5
1058 5
1059 5
1060 5
1061 5
1062 5
1063 5
1064 5
1065 5
1066 5
1067 5
1068 5
1069 5
1070 5
1071 5
1072 5
1073 5
1074 5
1075 5
1076 5
1077 5
1078 5
1079 5
1080 5
1081 5
1082 5
1083 5
1084 5
1085 5
1086 5
1087 5
1088 5
1089 5
1090 5
1091 5
1092 5
1093 5
1094 5
1095 5
1096 5
1097 5
1098 5
1099 5
1100 5
1101 5
1102 5
1103 5
1104 5
1105 5
1106 5
1107 5
1108 5
1109 5
1110 5
1111 5
1112 5
1113 5
1114 5
1115 5
1116 5
1117 5
1118 5
1119 5
1120 5
1121 5
1122 5
1123 5
1124 5
1125 5
1126 5
1127 5
1128 5
1129 5
1130 5
1131 5
1132 5
1133 5
1134 5
1135 5
1136 5
1137 5
1138 5
1139 5
1140 5
1141 5
1142 5
1143 5
1144 5
1145 5
1146 5
1147 5
1148 5
1149 5
1150 5
1151 5
1152 5
1153 5
1154 5
1155 5
1156 5
1157 5
1158 5
1159 5
1160 5
1161 5
1162 5
1163 5
1164 5
1165 5
1166 5
1167 5
1168 5
1169 5
1170 5
1171 5
1172 5
1173 5
1174 5
1175 5
1176 5
1177 5
1178 5
1179 5
1180 5
1181 5
1182 5
1183 5
1184 5
1185 5
1186 5
1187 5
1188 5
1189 5
1190 5
1191 5
1192 5
1193 5
1194 5
1195 5
1196 5
1197 5
1198 5
1199 5
1200 5
1201 5
1202 5
1203 5
1204 5
1205 5
1206 5
1207 5
1208 5
1209 5
1210 5
1211 5
1212 5
1213 5
1214 5
1215 5
1216 5
1217 5
1218 5
1219 5
1220 5
1221 5
1222 5
1223 5
1224 5
1225 5
1226 5
1227 5
1228 5
1229 5
1230 5
1231 5
1232 5
1233 5
1234 5
1235 5
1236 5
1237 5
1238 5
1239 5
1240 5
1241 5
1242 5
1243 5
1244 5
1245 5
1246 5
1247 5
1248 5
1249 5
1250 5
1251 5
1252 5
1253 5
1254 5
1255 5
1256 5
1257 5
1258 5
1259 5
1260 5
1261 5
1262 5
1263 5
1264 5
1265 5
1266 5
1267 5
1268 5
1269 5
1270 5
1271 5
1272 5
1273 5
1274 5
1275 5
1276 5
1277 5
1278 5
1279 5
1280 5
1281 5
1282 5
1283 5
1284 5
1285 5
1286 5
1287 5
1288 5
1289 5
1290 5
1291 5
1292 5
1293 5
1294 5
1295 5
1296 5
1297 5
1298 5
1299 5
1300 5
1301 5
1302 5
1303 5
1304 5
1305 5
1306 5
1307 5
1308 5
1309 5
1310 5
1311 5
1312 5
1313 5
1314 5
1315 5
1316 5
1317 5
1318 5
1319 5
1320 5
1321 5
1322 5
1323 5
1324 5
1325 5
1326 5
1327 5
1328 5
1329 5
1330 5
1331 5
1332 5
1333 5
1334 5
1335 5
1336 5
1337 5
1338 5
1339 5
1340 5
1341 5
1342 5
1343 5
1344 5
1345 5
1346 5
1347 5
1348 5
1349 5
1350 5
1351 5
1352 5
1353 5
1354 5
1355 5
1356 5
1357 5
1358 5
1359 5
1360 5
1361 5
1362 5
1363 5
1364 5
1365 5
1366 5
1367 5
1368 5
1369 5
1370 5
1371 5
1372 5
1373 5
1374 5
1375 5
1376 5
1377 5
1378 5
1379 5
1380 5
1381 5
1382 5
1383 5
1384 5
1385 5
1386 5
1387 5
1388 5
1389 5
1390 5
1391 5
1392 5
1393 5
1394 5
1395 5
1396 5
1397 5
1398 5
1399 5
1400 5
1401 5
1402 5
1403 5
1404 5
1405 5
1406 5
1407 5
1408 5
1409 5
1410 5
1411 5
1412 5
1413 5
1414 5
1415 5
1416 5
1417 5
1418 5
1419 5
1420 5
1421 5
1422 5
1423 5
1424 5
1425 5
1426 5
1427 5
1428 5
1429 5
1430 5
1431 5
1432 5
1433 5
1434 5
1435 5
1436 5
1437 5
1438 5
1439 5
1440 5
1441 5
1442 5
1443 5
1444 5
1445 5
1446 5
1447 5
1448 5
1449 5
1450 5
1451 5
1452 5
1453 5
1454 5
1455 5
1456 5
1457 5
1458 5
1459 5
1460 5
1461 5
1462 5
1463 5
1464 5
1465 5
1466 5
1467 5
1468 5
1469 5
1470 5
1471 5
1472 5
1473 5
1474 5
1475 5
1476 5
1477 5
1478 5
1479 5
1480 5
1481 5
1482 5
1483 5
1484 5
1485 5
1486 5
1487 5
1488 5
1489 5
1490 5
1491 5
1492 5
1493 5
1494 5
1495 5
1496 5
1497 5
1498 5
1499 5
1500 5
1501 5
1502 5
1503 5
1504 5
1505 5
1506 5
1507 5
1508 5
1509 5
1510 5
1511 5
1512 5
1513 5
1514 5
1515 5
1516 5
1517 5
1518 5
1519 5
1520 5
1521 5
1522 5
1523 5
1524 5
1525 5
1526 5
1527 5
1528 5
1529 5
1530 5
1531 5
1532 5
1533 5
1534 5
1535 5
1536 5
1537 5
1538 5
1539 5
1540 5
1541 5
1542 5
1543 5
1544 5
1545 5
1546 5
1547 5
1548 5
1549 5
1550 5
1551 5
1552 5
1553 5
1554 5
1555 5
1556 5
1557 5
1558 5
1559 5
1560 5
1561 5
1562 5
1563 5
1564 5
1565 5
1566 5
1567 5
1568 5
1569 5
1570 5
1571 5
1572 5
1573 5
1574 5
1575 5
1576 5
1577 5
1578 5
1579 5
1580 5
1581 5
1582 5
1583 5
1584 5
1585 5
1586 5
1587 5
1588 5
1589 5
1590 5
1591 5
1592 5
1593 5
1594 5
1595 5
1596 5
1597 5
1598 5
1599 5
1600 5
1601 5
1602 5
1603 5
1604 5
1605 5
1606 5
1607 5
1608 5
1609 5
1610 5
1611 5
1612 5
1613 5
1614 5
1615 5
1616 5
1617 5
1618 5
1619 5
1620 5
1621 5
1622 5
1623 5
1624 5
1625 5
1626 5
1627 5
1628 5
1629 5
1630 5
1631 5
1632 5
1633 5
1634 5
1635 5
1636 5
1637 5
1638 5
1639 5
1640 5
1641 5
1642 5
1643 5
1644 5
1645 5
1646 5
1647 5
1648 5
1649 5
1650 5
1651 5
1652 5
1653 5
1654 5
1655 5
1656 5
1657 5
1658 5
1659 5
1660 5
1661 5
1662 5
1663 5
1664 5
1665 5
1666 5
1667 5
1668 5
1669 5
1670 5
1671 5
1672 5
1673 5
1674 5
1675 5
1676 5
1677 5
1678 5
1679 5
1680 5
1681 5
1682 5
1683 5
1684 5
1685 5
1686 5
1687 5
1688 5
1689 5
1690 5
1691 5
1692 5
1693 5
1694 5
1695 5
1696 5
1697 5
1698 5
1699 5
1700 5
1701 5
1702 5
1703 5
1704 5
1705 5
1706 5
1707 5
1708 5
1709 5
1710 5
1711 5
1712 5
1713 5
1714 5
1715 5
1716 5
1717 5
1718 5
1719 5
1720 5
1721 5
1722 5
1723 5
1724 5
1725 5
1726 5
1727 5
1728 6
1729 6
1730 6
1731 6
1732 6
1733 6
1734 6
1735 6
1736 6
1737 6
1738 6
1739 6
1740 6
1741 6
1742 6
1743 6
1744 6
1745 6
1746 6
1747 6
1748 6
1749 6
1750 6
1751 6
1752 6
1753 6
1754 6
1755 6
1756 6
1757 6
1758 6
1759 6
1760 6
1761 6
1762 6
1763 6
1764 6
1765 6
1766 6
1767 6
1768 6
1769 6
1770 6
1771 6
1772 6
1773 6
1774 6
1775 6
1776 6
1777 6
1778 6
1779 6
1780 6
1781 6
1782 6
1783 6
1784 6
1785 6
1786 6
1787 6
1788 6
1789 6
1790 6
1791 6
1792 6
1793 6
1794 6
1795 6
1796 6
1797 6
1798 6
1799 6
1800 6
1801 6
1802 6
1803 6
1804 6
1805 6
1806 6
1807 6
1808 6
1809 6
1810 6
1811 6
1812 6
1813 6
1814 6
1815 6
1816 6
1817 6
1818 6
1819 6
1820 6
1821 6
1822 6
1823 6
1824 6
1825 6
1826 6
1827 6
1828 6
1829 6
1830 6
1831 6
1832 6
1833 6
1834 6
1835 6
1836 6
1837 6
1838 6
1839 6
1840 6
1841 6
1842 6
1843 6
1844 6
1845 6
1846 6
1847 6
1848 6
1849 6
1850 6
1851 6
1852 6
1853 6
1854 6
1855 6
1856 6
1857 6
1858 6
1859 6
1860 6
1861 6
1862 6
1863 6
1864 6
1865 6
1866 6
1867 6
1868 6
1869 6
1870 6
1871 6
1872 6
1873 6
1874 6
1875 6
1876 6
1877 6
1878 6
1879 6
1880 6
1881 6
1882 6
1883 6
1884 6
1885 6
1886 6
1887 6
1888 6
1889 6
1890 6
1891 6
1892 6
1893 6
1894 6
1895 6
1896 6
1897 6
1898 6
1899 6
1900 6
1901 6
1902 6
1903 6
1904 6
1905 6
1906 6
1907 6
1908 6
1909 6
1910 6
1911 6
1912 6
1913 6
1914 6
1915 6
1916 6
1917 6
1918 6
1919 6
1920 6
1921 6
1922 6
1923 6
1924 6
1925 6
1926 6
1927 6
1928 6
1929 6
1930 6
1931 6
1932 6
1933 6
1934 6
1935 6
1936 6
1937 6
1938 6
1939 6
1940 6
1941 6
1942 6
1943 6
1944 6
1945 6
1946 6
1947 6
1948 6
1949 6
1950 6
1951 6
1952 6
1953 6
1954 6
1955 6
1956 6
1957 6
1958 6
1959 6
1960 6
1961 6
1962 6
1963 6
1964 6
1965 6
1966 6
1967 6
1968 6
1969 6
1970 6
1971 6
1972 6
1973 6
1974 6
1975 6
1976 6
1977 6
1978 6
1979 6
1980 6
1981 6
1982 6
1983 6
1984 6
1985 6
1986 6
1987 6
1988 6
1989 6
1990 6
1991 6
1992 6
1993 6
1994 6
1995 6
1996 6
1997 6
1998 6
1999 6
2000 6
2001 6
2002 6
2003 6
2004 6
2005 6
2006 6
2007 6
2008 6
2009 6
2010 6
2011 6
2012 6
2013 6
2014 6
2015 6
2016 6
2017 6
2018 6
2019 6
2020 6
2021 6
2022 6
2023 6
2024 6
2025 6
2026 6
2027 6
2028 6
2029 6
2030 6
2031 6
2032 6
2033 6
2034 6
2035 6
2036 6
2037 6
2038 6
2039 6
2040 6
2041 6
2042 6
2043 6
2044 6
2045 6
2046 6
2047 6
2048 6
2049 6
2050 6
2051 6
2052 6
2053 6
2054 6
2055 6
2056 6
2057 6
2058 6
2059 6
2060 6
2061 6
2062 6
2063 6
2064 6
2065 6
2066 6
2067 6
2068 6
2069 6
2070 6
2071 6
2072 6
2073 6
2074 6
2075 6
2076 6
2077 6
2078 6
2079 6
2080 6
2081 6
2082 6
2083 6
2084 6
2085 6
2086 6
2087 6
2088 6
2089 6
2090 6
2091 6
2092 6
2093 6
2094 6
2095 6
2096 6
2097 6
2098 6
2099 6
2100 6
2101 6
2102 6
2103 6
2104 6
2105 6
2106 6
2107 6
2108 6
2109 6
2110 6
2111 6
2112 6
2113 6
2114 6
2115 6
2116 6
2117 6
2118 6
2119 6
2120 6
2121 6
2122 6
2123 6
2124 6
2125 6
2126 6
2127 6
2128 6
2129 6
2130 6
2131 6
2132 6
2133 6
2134 6
2135 6
2136 6
2137 6
2138 6
2139 6
2140 6
2141 6
2142 6
2143 6
2144 6
2145 6
2146 6
2147 6
2148 6
2149 6
2150 6
2151 6
2152 6
2153 6
2154 6
2155 6
2156 6
2157 6
2158 6
2159 6
2160 6
2161 6
2162 6
2163 6
2164 6
2165 6
2166 6
2167 6
2168 6
2169 6
2170 6
2171 6
2172 6
2173 6
2174 6
2175 6
2176 6
2177 6
2178 6
2179 6
2180 6
2181 6
2182 6
2183 6
2184 6
2185 6
2186 6
2187 6
2188 6
2189 6
2190 6
2191 6
2192 6
2193 6
2194 6
2195 6
2196 6
2197 6
2198 6
2199 6
2200 6
2201 6
2202 6
2203 6
2204 6
2205 6
2206 6
2207 6
2208 6
2209 6
2210 6
2211 6
2212 6
2213 6
2214 6
2215 6
2216 6
2217 6
2218 6
2219 6
2220 6
2221 6
2222 6
2223 6
2224 6
2225 6
2226 6
2227 6
2228 6
2229 6
2230 6
2231 6
2232 6
2233 6
2234 6
2235 6
2236 6
2237 6
2238 6
2239 6
2240 6
2241 6
2242 6
2243 6
2244 6
2245 6
2246 6
2247 6
2248 6
2249 6
2250 6
2251 6
2252 6
2253 6
2254 6
2255 6
2256 6
2257 6
2258 6
2259 6
2260 6
2261 6
2262 6
2263 6
2264 6
2265 6
2266 6
2267 6
2268 6
2269 6
2270 6
2271 6
2272 6
2273 6
2274 6
2275 6
2276 6
2277 6
2278 6
2279 6
2280 6
2281 6
2282 6
2283 6
2284 6
2285 6
2286 6
2287 6
2288 6
2289 6
2290 6
2291 6
2292 6
2293 6
2294 6
2295 6
2296 6
2297 6
2298 6
2299 6
2300 6
2301 6
2302 6
2303 6
2304 7
2305 7
2306 7
2307 7
2308 7
2309 7
2310 7
2311 7
2312 7
2313 7
2314 7
2315 7
2316 7
2317 7
2318 7
2319 7
2320 7
2321 7
2322 7
2323 7
2324 7
2325 7
2326 7
2327 7
2328 7
2329 7
2330 7
2331 7
2332 7
2333 7
2334 7
2335 7
2336 7
2337 7
2338 7
2339 7
2340 7
2341 7
2342 7
2343 7
2344 7
2345 7
2346 7
2347 7
2348 7
2349 7
2350 7
2351 7
2352 7
2353 7
2354 7
2355 7
2356 7
2357 7
2358 7
2359 7
2360 7
2361 7
2362 7
2363 7
2364 7
2365 7
2366 7
2367 7
2368 7
2369 7
2370 7
2371 7
2372 7
2373 7
2374 7
2375 7
2376 7
2377 7
2378 7
2379 7
2380 7
2381 7
2382 7
2383 7
2384 7
2385 7
2386 7
2387 7
2388 7
2389 7
2390 7
2391 7
2392 7
2393 7
2394 7
2395 7
2396 7
2397 7
2398 7
2399 7
2400 7
2401 7
2402 7
2403 7
2404 7
2405 7
2406 7
2407 7
2408 7
2409 7
2410 7
2411 7
2412 7
2413 7
2414 7
2415 7
2416 7
2417 7
2418 7
2419 7
2420 7
2421 7
2422 7
2423 7
2424 7
2425 7
2426 7
2427 7
2428 7
2429 7
2430 7
2431 7
2432 7
2433 7
2434 7
2435 7
2436 7
2437 7
2438 7
2439 7
2440 7
2441 7
2442 7
2443 7
2444 7
2445 7
2446 7
2447 7
2448 7
2449 7
2450 7
2451 7
2452 7
2453 7
2454 7
2455 7
2456 7
2457 7
2458 7
2459 7
2460 7
2461 7
2462 7
2463 7
2464 7
2465 7
2466 7
2467 7
2468 7
2469 7
2470 7
2471 7
2472 7
2473 7
2474 7
2475 7
2476 7
2477 7
2478 7
2479 7
2480 7
2481 7
2482 7
2483 7
2484 7
2485 7
2486 7
2487 7
2488 7
2489 7
2490 7
2491 7
2492 7
2493 7
2494 7
2495 7
2496 7
2497 7
2498 7
2499 7
2500 7
2501 7
2502 7
2503 7
2504 7
2505 7
2506 7
2507 7
2508 7
2509 7
2510 7
2511 7
2512 7
2513 7
2514 7
2515 7
2516 7
2517 7
2518 7
2519 7
2520 7
2521 7
2522 7
2523 7
2524 7
2525 7
2526 7
2527 7
2528 7
2529 7
2530 7
2531 7
2532 7
2533 7
2534 7
2535 7
2536 7
2537 7
2538 7
2539 7
2540 7
2541 7
2542 7
2543 7
2544 7
2545 7
2546 7
2547 7
2548 7
2549 7
2550 7
2551 7
2552 7
2553 7
2554 7
2555 7
2556 7
2557 7
2558 7
2559 7
2560 7
2561 7
2562 7
2563 7
2564 7
2565 7
2566 7
2567 7
2568 7
2569 7
2570 7
2571 7
2572 7
2573 7
2574 7
2575 7
2576 7
2577 7
2578 7
2579 7
2580 7
2581 7
2582 7
2583 7
2584 7
2585 7
2586 7
2587 7
2588 7
2589 7
2590 7
2591 7
2592 7
2593 7
2594 7
2595 7
2596 7
2597 7
2598 7
2599 7
2600 7
2601 7
2602 7
2603 7
2604 7
2605 7
2606 7
2607 7
2608 7
2609 7
2610 7
2611 7
2612 7
2613 7
2614 7
2615 7
2616 7
2617 7
2618 7
2619 7
2620 7
2621 7
2622 7
2623 7
2624 7
2625 7
2626 7
2627 7
2628 7
2629 7
2630 7
2631 7
2632 7
2633 7
2634 7
2635 7
2636 7
2637 7
2638 7
2639 7
2640 7
2641 7
2642 7
2643 7
2644 7
2645 7
2646 7
2647 7
2648 7
2649 7
2650 7
2651 7
2652 7
2653 7
2654 7
2655 7
2656 7
2657 7
2658 7
2659 7
2660 7
2661 7
2662 7
2663 7
2664 7
2665 7
2666 7
2667 7
2668 7
2669 7
2670 7
2671 7
2672 7
2673 7
2674 7
2675 7
2676 7
2677 7
2678 7
2679 7
2680 7
2681 7
2682 7
2683 7
2684 7
2685 7
2686 7
2687 7
2688 6
2689 6
2690 6
2691 6
2692 6
2693 6
2694 6
2695 6
2696 6
2697 6
2698 6
2699 6
2700 6
2701 6
2702 6
2703 6
2704 6
2705 6
2706 6
2707 6
2708 6
2709 6
2710 6
2711 6
2712 6
2713 6
2714 6
2715 6
2716 6
2717 6
2718 6
2719 6
2720 6
2721 6
2722 6
2723 6
2724 6
2725 6
2726 6
2727 6
2728 6
2729 6
2730 6
2731 6
2732 6
2733 6
2734 6
2735 6
2736 6
2737 6
2738 6
2739 6
2740 6
2741 6
2742 6
2743 6
2744 6
2745 6
2746 6
2747 6
2748 6
2749 6
2750 6
2751 6
2752 6
2753 6
2754 6
2755 6
2756 6
2757 6
2758 6
2759 6
2760 6
2761 6
2762 6
2763 6
2764 6
2765 6
2766 6
2767 6
2768 6
2769 6
2770 6
2771 6
2772 6
2773 6
2774 6
2775 6
2776 6
2777 6
2778 6
2779 6
2780 6
2781 6
2782 6
2783 6
2784 6
2785 6
2786 6
2787 6
2788 6
2789 6
2790 6
2791 6
2792 6
2793 6
2794 6
2795 6
2796 6
2797 6
2798 6
2799 6
2800 6
2801 6
2802 6
2803 6
2804 6
2805 6
2806 6
2807 6
2808 6
2809 6
2810 6
2811 6
2812 6
2813 6
2814 6
2815 6
2816 6
2817 6
2818 6
2819 6
2820 6
2821 6
2822 6
2823 6
2824 6
2825 6
2826 6
2827 6
2828 6
2829 6
2830 6
2831 6
2832 6
2833 6
2834 6
2835 6
2836 6
2837 6
2838 6
2839 6
2840 6
2841 6
2842 6
2843 6
2844 6
2845 6
2846 6
2847 6
2848 6
2849 6
2850 6
2851 6
2852 6
2853 6
2854 6
2855 6
2856 6
2857 6
2858 6
2859 6
2860 6
2861 6
2862 6
2863 6
2864 6
2865 6
2866 6
2867 6
2868 6
2869 6
2870 6
2871 6
2872 6
2873 6
2874 6
2875 6
2876 6
2877 6
2878 6
2879 6
2880 6
2881 6
2882 6
2883 6
2884 6
2885 6
2886 6
2887 6
2888 6
2889 6
2890 6
2891 6
2892 6
2893 6
2894 6
2895 6
2896 6
2897 6
2898 6
2899 6
2900 6
2901 6
2902 6
2903 6
2904 6
2905 6
2906 6
2907 6
2908 6
2909 6
2910 6
2911 6
2912 6
2913 6
2914 6
2915 6
2916 6
2917 6
2918 6
2919 6
2920 6
2921 6
2922 6
2923 6
2924 6
2925 6
2926 6
2927 6
2928 6
2929 6
2930 6
2931 6
2932 6
2933 6
2934 6
2935 6
2936 6
2937 6
2938 6
2939 6
2940 6
2941 6
2942 6
2943 6
2944 6
2945 6
2946 6
2947 6
2948 6
2949 6
2950 6
2951 6
2952 6
2953 6
2954 6
2955 6
2956 6
2957 6
2958 6
2959 6
2960 6
2961 6
2962 6
2963 6
2964 6
2965 6
2966 6
2967 6
2968 6
2969 6
2970 6
2971 6
2972 6
2973 6
2974 6
2975 6
2976 6
2977 6
2978 6
2979 6
2980 6
2981 6
2982 6
2983 6
2984 6
2985 6
2986 6
2987 6
2988 6
2989 6
2990 6
2991 6
2992 6
2993 6
2994 6
2995 6
2996 6
2997 6
2998 6
2999 6
3000 6
3001 6
3002 6
3003 6
3004 6
3005 6
3006 6
3007 6
3008 6
3009 6
3010 6
3011 6
3012 6
3013 6
3014 6
3015 6
3016 6
3017 6
3018 6
3019 6
3020 6
3021 6
3022 6
3023 6
3024 6
3025 6
3026 6
3027 6
3028 6
3029 6
3030 6
3031 6
3032 6
3033 6
3034 6
3035 6
3036 6
3037 6
3038 6
3039 6
3040 6
3041 6
3042 6
3043 6
3044 6
3045 6
3046 6
3047 6
3048 6
3049 6
3050 6
3051 6
3052 6
3053 6
3054 6
3055 6
3056 6
3057 6
3058 6
3059 6
3060 6
3061 6
3062 6
3063 6
3064 6
3065 6
3066 6
3067 6
3068 6
3069 6
3070 6
3071 6
3072 3
3073 3
3074 3
3075 3
3076 3
3077 3
3078 3
3079 3
3080 3
3081 3
3082 3
3083 3
3084 3
3085 3
3086 3
3087 3
3088 3
3089 3
3090 3
3091 3
3092 3
3093 3
3094 3
3095 3
3096 3
3097 3
3098 3
3099 3
3100 3
3101 3
3102 3
3103 3
3104 3
3105 3
3106 3
3107 3
3108 3
3109 3
3110 3
3111 3
3112 3
3113 3
3114 3
3115 3
3116 3
3117 3
3118 3
3119 3
3120 3
3121 3
3122 3
3123 3
3124 3
3125 3
3126 3
3127 3
3128 3
3129 3
3130 3
3131 3
3132 3
3133 3
3134 3
3135 3
3136 3
3137 3
3138 3
3139 3
3140 3
3141 3
3142 3
3143 3
3144 3
3145 3
3146 3
3147 3
3148 3
3149 3
3150 3
3151 3
3152 3
3153 3
3154 3
3155 3
3156 3
3157 3
3158 3
3159 3
3160 3
3161 3
3162 3
3163 3
3164 3
3165 3
3166 3
3167 3
3168 3
3169 3
3170 3
3171 3
3172 3
3173 3
3174 3
3175 3
3176 3
3177 3
3178 3
3179 3
3180 3
3181 3
3182 3
3183 3
3184 3
3185 3
3186 3
3187 3
3188 3
3189 3
3190 3
3191 3
3192 3
3193 3
3194 3
3195 3
3196 3
3197 3
3198 3
3199 3
3200 3
3201 3
3202 3
3203 3
3204 3
3205 3
3206 3
3207 3
3208 3
3209 3
3210 3
3211 3
3212 3
3213 3
3214 3
3215 3
3216 3
3217 3
3218 3
3219 3
3220 3
3221 3
3222 3
3223 3
3224 3
3225 3
3226 3
3227 3
3228 3
3229 3
3230 3
3231 3
3232 3
3233 3
3234 3
3235 3
3236 3
3237 3
3238 3
3239 3
3240 3
3241 3
3242 3
3243 3
3244 3
3245 3
3246 3
3247 3
3248 3
3249 3
3250 3
3251 3
3252 3
3253 3
3254 3
3255 3
3256 3
3257 3
3258 3
3259 3
3260 3
3261 3
3262 3
3263 3
3264 4
3265 4
3266 4
3267 4
3268 4
3269 4
3270 4
3271 4
3272 4
3273 4
3274 4
3275 4
3276 4
3277 4
3278 4
3279 4
3280 4
3281 4
3282 4
3283 4
3284 4
3285 4
3286 4
3287 4
3288 4
3289 4
3290 4
3291 4
3292 4
3293 4
3294 4
3295 4
3296 4
3297 4
3298 4
3299 4
3300 4
3301 4
3302 4
3303 4
3304 4
3305 4
3306 4
3307 4
3308 4
3309 4
3310 4
3311 4
3312 4
3313 4
3314 4
3315 4
3316 4
3317 4
3318 4
3319 4
3320 4
3321 4
3322 4
3323 4
3324 4
3325 4
3326 4
3327 4
3328 4
3329 4
3330 4
3331 4
3332 4
3333 4
3334 4
3335 4
3336 4
3337 4
3338 4
3339 4
3340 4
3341 4
3342 4
3343 4
3344 4
3345 4
3346 4
3347 4
3348 4
3349 4
3350 4
3351 4
3352 4
3353 4
3354 4
3355 4
3356 4
3357 4
3358 4
3359 4
3360 4
3361 4
3362 4
3363 4
3364 4
3365 4
3366 4
3367 4
3368 4
3369 4
3370 4
3371 4
3372 4
3373 4
3374 4
3375 4
3376 4
3377 4
3378 4
3379 4
3380 4
3381 4
3382 4
3383 4
3384 4
3385 4
3386 4
3387 4
3388 4
3389 4
3390 4
3391 4
3392 4
3393 4
3394 4
3395 4
3396 4
3397 4
3398 4
3399 4
3400 4
3401 4
3402 4
3403 4
3404 4
3405 4
3406 4
3407 4
3408 4
3409 4
3410 4
3411 4
3412 4
3413 4
3414 4
3415 4
3416 4
3417 4
3418 4
3419 4
3420 4
3421 4
3422 4
3423 4
3424 4
3425 4
3426 4
3427 4
3428 4
3429 4
3430 4
3431 4
3432 4
3433 4
3434 4
3435 4
3436 4
3437 4
3438 4
3439 4
3440 4
3441 4
3442 4
3443 4
3444 4
3445 4
3446 4
3447 4
3448 4
3449 4
3450 4
3451 4
3452 4
3453 4
3454 4
3455 4
3456 4
3457 4
3458 4
3459 4
3460 4
3461 4
3462 4
3463 4
3464 4
3465 4
3466 4
3467 4
3468 4
3469 4
3470 4
3471 4
3472 4
3473 4
3474 4
3475 4
3476 4
3477 4
3478 4
3479 4
3480 4
3481 4
3482 4
3483 4
3484 4
3485 4
3486 4
3487 4
3488 4
3489 4
3490 4
3491 4
3492 4
3493 4
3494 4
3495 4
3496 4
3497 4
3498 4
3499 4
3500 4
3501 4
3502 4
3503 4
3504 4
3505 4
3506 4
3507 4
3508 4
3509 4
3510 4
3511 4
3512 4
3513 4
3514 4
3515 4
3516 4
3517 4
3518 4
3519 4
3520 4
3521 4
3522 4
3523 4
3524 4
3525 4
3526 4
3527 4
3528 4
3529 4
3530 4
3531 4
3532 4
3533 4
3534 4
3535 4
3536 4
3537 4
3538 4
3539 4
3540 4
3541 4
3542 4
3543 4
3544 4
3545 4
3546 4
3547 4
3548 4
3549 4
3550 4
3551 4
3552 4
3553 4
3554 4
3555 4
3556 4
3557 4
3558 4
3559 4
3560 4
3561 4
3562 4
3563 4
3564 4
3565 4
3566 4
3567 4
3568 4
3569 4
3570 4
3571 4
3572 4
3573 4
3574 4
3575 4
3576 4
3577 4
3578 4
3579 4
3580 4
3581 4
3582 4
3583 4
3584 4
3585 4
3586 4
3587 4
3588 4
3589 4
3590 4
3591 4
3592 4
3593 4
3594 4
3595 4
3596 4
3597 4
3598 4
3599 4
3600 4
3601 4
3602 4
3603 4
3604 4
3605 4
3606 4
3607 4
3608 4
3609 4
3610 4
3611 4
3612 4
3613 4
3614 4
3615 4
3616 4
3617 4
3618 4
3619 4
3620 4
3621 4
3622 4
3623 4
3624 4
3625 4
3626 4
3627 4
3628 4
3629 4
3630 4
3631 4
3632 4
3633 4
3634 4
3635 4
3636 4
3637 4
3638 4
3639 4
3640 4
3641 4
3642 4
3643 4
3644 4
3645 4
3646 4
3647 4
3648 4
3649 4
3650 4
3651 4
3652 4
3653 4
3654 4
3655 4
3656 4
3657 4
3658 4
3659 4
3660 4
3661 4
3662 4
3663 4
3664 4
3665 4
3666 4
3667 4
3668 4
3669 4
3670 4
3671 4
3672 4
3673 4
3674 4
3675 4
3676 4
3677 4
3678 4
3679 4
3680 4
3681 4
3682 4
3683 4
3684 4
3685 4
3686 4
3687 4
3688 4
3689 4
3690 4
3691 4
3692 4
3693 4
3694 4
3695 4
3696 4
3697 4
3698 4
3699 4
3700 4
3701 4
3702 4
3703 4
3704 4
3705 4
3706 4
3707 4
3708 4
3709 4
3710 4
3711 4
3712 4
3713 4
3714 4
3715 4
3716 4
3717 4
3718 4
3719 4
3720 4
3721 4
3722 4
3723 4
3724 4
3725 4
3726 4
3727 4
3728 4
3729 4
3730 4
3731 4
3732 4
3733 4
3734 4
3735 4
3736 4
3737 4
3738 4
3739 4
3740 4
3741 4
3742 4
3743 4
3744 4
3745 4
3746 4
3747 4
3748 4
3749 4
3750 4
3751 4
3752 4
3753 4
3754 4
3755 4
3756 4
3757 4
3758 4
3759 4
3760 4
3761 4
3762 4
3763 4
3764 4
3765 4
3766 4
3767 4
3768 4
3769 4
3770 4
3771 4
3772 4
3773 4
3774 4
3775 4
3776 4
3777 4
3778 4
3779 4
3780 4
3781 4
3782 4
3783 4
3784 4
3785 4
3786 4
3787 4
3788 4
3789 4
3790 4
3791 4
3792 4
3793 4
3794 4
3795 4
3796 4
3797 4
3798 4
3799 4
3800 4
3801 4
3802 4
3803 4
3804 4
3805 4
3806 4
3807 4
3808 4
3809 4
3810 4
3811 4
3812 4
3813 4
3814 4
3815 4
3816 4
3817 4
3818 4
3819 4
3820 4
3821 4
3822 4
3823 4
3824 4
3825 4
3826 4
3827 4
3828 4
3829 4
3830 4
3831 4
3832 4
3833 4
3834 4
3835 4
3836 4
3837 4
3838 4
3839 4
3840 4
3841 4
3842 4
3843 4
3844 4
3845 4
3846 4
3847 4
3848 4
3849 4
3850 4
3851 4
3852 4
3853 4
3854 4
3855 4
3856 4
3857 4
3858 4
3859 4
3860 4
3861 4
3862 4
3863 4
3864 4
3865 4
3866 4
3867 4
3868 4
3869 4
3870 4
3871 4
3872 4
3873 4
3874 4
3875 4
3876 4
3877 4
3878 4
3879 4
3880 4
3881 4
3882 4
3883 4
3884 4
3885 4
3886 4
3887 4
3888 4
3889 4
3890 4
3891 4
3892 4
3893 4
3894 4
3895 4
3896 4
3897 4
3898 4
3899 4
3900 4
3901 4
3902 4
3903 4
3904 4
3905 4
3906 4
3907 4
3908 4
3909 4
3910 4
3911 4
3912 4
3913 4
3914 4
3915 4
3916 4
3917 4
3918 4
3919 4
3920 4
3921 4
3922 4
3923 4
3924 4
3925 4
3926 4
3927 4
3928 4
3929 4
3930 4
3931 4
3932 4
3933 4
3934 4
3935 4
3936 4
3937 4
3938 4
3939 4
3940 4
3941 4
3942 4
3943 4
3944 4
3945 4
3946 4
3947 4
3948 4
3949 4
3950 4
3951 4
3952 4
3953 4
3954 4
3955 4
3956 4
3957 4
3958 4
3959 4
3960 4
3961 4
3962 4
3963 4
3964 4
3965 4
3966 4
3967 4
3968 4
3969 4
3970 4
3971 4
3972 4
3973 4
3974 4
3975 4
3976 4
3977 4
3978 4
3979 4
3980 4
3981 4
3982 4
3983 4
3984 4
3985 4
3986 4
3987 4
3988 4
3989 4
3990 4
3991 4
3992 4
3993 4
3994 4
3995 4
3996 4
3997 4
3998 4
3999 4
4000 4
4001 4
4002 4
4003 4
4004 4
4005 4
4006 4
4007 4
4008 4
4009 4
4010 4
4011 4
4012 4
4013 4
4014 4
4015 4
4016 4
4017 4
4018 4
4019 4
4020 4
4021 4
4022 4
4023 4
4024 4
4025 4
4026 4
4027 4
4028 4
4029 4
4030 4
4031 4
4032 4
4033 4
4034 4
4035 4
4036 4
4037 4
4038 4
4039 4
4040 4
4041 4
4042 4
4043 4
4044 4
4045 4
4046 4
4047 4
4048 4
4049 4
4050 4
4051 4
4052 4
4053 4
4054 4
4055 4
4056 4
4057 4
4058 4
4059 4
4060 4
4061 4
4062 4
4063 4
4064 4
4065 4
4066 4
4067 4
4068 4
4069 4
4070 4
4071 4
4072 4
4073 4
4074 4
4075 4
4076 4
4077 4
4078 4
4079 4
4080 4
4081 4
4082 4
4083 4
4084 4
4085 4
4086 4
4087 4
4088 4
4089 4
4090 4
4091 4
4092 4
4093 4
4094 4
4095 4
4096 4
4097 4
4098 4
4099 4
4100 4
4101 4
4102 4
4103 4
4104 4
4105 4
4106 4
4107 4
4108 4
4109 4
4110 4
4111 4
4112 4
4113 4
4114 4
4115 4
4116 4
4117 4
4118 4
4119 4
4120 4
4121 4
4122 4
4123 4
4124 4
4125 4
4126 4
4127 4
4128 4
4129 4
4130 4
4131 4
4132 4
4133 4
4134 4
4135 4
4136 4
4137 4
4138 4
4139 4
4140 4
4141 4
4142 4
4143 4
4144 4
4145 4
4146 4
4147 4
4148 4
4149 4
4150 4
4151 4
4152 4
4153 4
4154 4
4155 4
4156 4
4157 4
4158 4
4159 4
4160 4
4161 4
4162 4
4163 4
4164 4
4165 4
4166 4
4167 4
4168 4
4169 4
4170 4
4171 4
4172 4
4173 4
4174 4
4175 4
4176 4
4177 4
4178 4
4179 4
4180 4
4181 4
4182 4
4183 4
4184 4
4185 4
4186 4
4187 4
4188 4
4189 4
4190 4
4191 4
4192 4
4193 4
4194 4
4195 4
4196 4
4197 4
4198 4
4199 4
4200 4
4201 4
4202 4
4203 4
4204 4
4205 4
4206 4
4207 4
4208 4
4209 4
4210 4
4211 4
4212 4
4213 4
4214 4
4215 4
4216 4
4217 4
4218 4
4219 4
4220 4
4221 4
4222 4
4223 4
4224 4
4225 4
4226 4
4227 4
4228 4
4229 4
4230 4
4231 4
4232 4
4233 4
4234 4
4235 4
4236 4
4237 4
4238 4
4239 4
4240 4
4241 4
4242 4
4243 4
4244 4
4245 4
4246 4
4247 4
4248 4
4249 4
4250 4
4251 4
4252 4
4253 4
4254 4
4255 4
4256 4
4257 4
4258 4
4259 4
4260 4
4261 4
4262 4
4263 4
4264 4
4265 4
4266 4
4267 4
4268 4
4269 4
4270 4
4271 4
4272 4
4273 4
4274 4
4275 4
4276 4
4277 4
4278 4
4279 4
4280 4
4281 4
4282 4
4283 4
4284 4
4285 4
4286 4
4287 4
4288 4
4289 4
4290 4
4291 4
4292 4
4293 4
4294 4
4295 4
4296 4
4297 4
4298 4
4299 4
4300 4
4301 4
4302 4
4303 4
4304 4
4305 4
4306 4
4307 4
4308 4
4309 4
4310 4
4311 4
4312 4
4313 4
4314 4
4315 4
4316 4
4317 4
4318 4
4319 4
4320 4
4321 4
4322 4
4323 4
4324 4
4325 4
4326 4
4327 4
4328 4
4329 4
4330 4
4331 4
4332 4
4333 4
4334 4
4335 4
4336 4
4337 4
4338 4
4339 4
4340 4
4341 4
4342 4
4343 4
4344 4
4345 4
4346 4
4347 4
4348 4
4349 4
4350 4
4351 4
4352 4
4353 4
4354 4
4355 4
4356 4
4357 4
4358 4
4359 4
4360 4
4361 4
4362 4
4363 4
4364 4
4365 4
4366 4
4367 4
4368 4
4369 4
4370 4
4371 4
4372 4
4373 4
4374 4
4375 4
4376 4
4377 4
4378 4
4379 4
4380 4
4381 4
4382 4
4383 4
4384 4
4385 4
4386 4
4387 4
4388 4
4389 4
4390 4
4391 4
4392 4
4393 4
4394 4
4395 4
4396 4
4397 4
4398 4
4399 4
4400 4
4401 4
4402 4
4403 4
4404 4
4405 4
4406 4
4407 4
4408 4
4409 4
4410 4
4411 4
4412 4
4413 4
4414 4
4415 4
4416 4
4417 4
4418 4
4419 4
4420 4
4421 4
4422 4
4423 4
4424 4
4425 4
4426 4
4427 4
4428 4
4429 4
4430 4
4431 4
4432 4
4433 4
4434 4
4435 4
4436 4
4437 4
4438 4
4439 4
4440 4
4441 4
4442 4
4443 4
4444 4
4445 4
4446 4
4447 4
4448 4
4449 4
4450 4
4451 4
4452 4
4453 4
4454 4
4455 4
4456 4
4457 4
4458 4
4459 4
4460 4
4461 4
4462 4
4463 4
4464 4
4465 4
4466 4
4467 4
4468 4
4469 4
4470 4
4471 4
4472 4
4473 4
4474 4
4475 4
4476 4
4477 4
4478 4
4479 4
4480 4
4481 4
4482 4
4483 4
4484 4
4485 4
4486 4
4487 4
4488 4
4489 4
4490 4
4491 4
4492 4
4493 4
4494 4
4495 4
4496 4
4497 4
4498 4
4499 4
4500 4
4501 4
4502 4
4503 4
4504 4
4505 4
4506 4
4507 4
4508 4
4509 4
4510 4
4511 4
4512 4
4513 4
4514 4
4515 4
4516 4
4517 4
4518 4
4519 4
4520 4
4521 4
4522 4
4523 4
4524 4
4525 4
4526 4
4527 4
4528 4
4529 4
4530 4
4531 4
4532 4
4533 4
4534 4
4535 4
4536 4
4537 4
4538 4
4539 4
4540 4
4541 4
4542 4
4543 4
4544 4
4545 4
4546 4
4547 4
4548 4
4549 4
4550 4
4551 4
4552 4
4553 4
4554 4
4555 4
4556 4
4557 4
4558 4
4559 4
4560 4
4561 4
4562 4
4563 4
4564 4
4565 4
4566 4
4567 4
4568 4
4569 4
4570 4
4571 4
4572 4
4573 4
4574 4
4575 4
4576 4
4577 4
4578 4
4579 4
4580 4
4581 4
4582 4
4583 4
4584 4
4585 4
4586 4
4587 4
4588 4
4589 4
4590 4
4591 4
4592 4
4593 4
4594 4
4595 4
4596 4
4597 4
4598 4
4599 4
4600 4
4601 4
4602 4
4603 4
4604 4
4605 4
4606 4
4607 4
4608 4
4609 4
4610 4
4611 4
4612 4
4613 4
4614 4
4615 4
4616 4
4617 4
4618 4
4619 4
4620 4
4621 4
4622 4
4623 4
4624 4
4625 4
4626 4
4627 4
4628 4
4629 4
4630 4
4631 4
4632 4
4633 4
4634 4
4635 4
4636 4
4637 4
4638 4
4639 4
4640 4
4641 4
4642 4
4643 4
4644 4
4645 4
4646 4
4647 4
4648 4
4649 4
4650 4
4651 4
4652 4
4653 4
4654 4
4655 4
4656 4
4657 4
4658 4
4659 4
4660 4
4661 4
4662 4
4663 4
4664 4
4665 4
4666 4
4667 4
4668 4
4669 4
4670 4
4671 4
4672 4
4673 4
4674 4
4675 4
4676 4
4677 4
4678 4
4679 4
4680 4
4681 4
4682 4
4683 4
4684 4
4685 4
4686 4
4687 4
4688 4
4689 4
4690 4
4691 4
4692 4
4693 4
4694 4
4695 4
4696 4
4697 4
4698 4
4699 4
4700 4
4701 4
4702 4
4703 4
4704 4
4705 4
4706 4
4707 4
4708 4
4709 4
4710 4
4711 4
4712 4
4713 4
4714 4
4715 4
4716 4
4717 4
4718 4
4719 4
4720 4
4721 4
4722 4
4723 4
4724 4
4725 4
4726 4
4727 4
4728 4
4729 4
4730 4
4731 4
4732 4
4733 4
4734 4
4735 4
4736 4
4737 4
4738 4
4739 4
4740 4
4741 4
4742 4
4743 4
4744 4
4745 4
4746 4
4747 4
4748 4
4749 4
4750 4
4751 4
4752 4
4753 4
4754 4
4755 4
4756 4
4757 4
4758 4
4759 4
4760 4
4761 4
4762 4
4763 4
4764 4
4765 4
4766 4
4767 4
4768 4
4769 4
4770 4
4771 4
4772 4
4773 4
4774 4
4775 4
4776 4
4777 4
4778 4
4779 4
4780 4
4781 4
4782 4
4783 4
4784 4
4785 4
4786 4
4787 4
4788 4
4789 4
4790 4
4791 4
4792 4
4793 4
4794 4
4795 4
4796 4
4797 4
4798 4
4799 4
4800 5
4801 5
4802 5
4803 5
4804 5
4805 5
4806 5
4807 5
4808 5
4809 5
4810 5
4811 5
4812 5
4813 5
4814 5
4815 5
4816 5
4817 5
4818 5
4819 5
4820 5
4821 5
4822 5
4823 5
4824 5
4825 5
4826 5
4827 5
4828 5
4829 5
4830 5
4831 5
4832 5
4833 5
4834 5
4835 5
4836 5
4837 5
4838 5
4839 5
4840 5
4841 5
4842 5
4843 5
4844 5
4845 5
4846 5
4847 5
4848 5
4849 5
4850 5
4851 5
4852 5
4853 5
4854 5
4855 5
4856 5
4857 5
4858 5
4859 5
4860 5
4861 5
4862 5
4863 5
4864 5
4865 5
4866 5
4867 5
4868 5
4869 5
4870 5
4871 5
4872 5
4873 5
4874 5
4875 5
4876 5
4877 5
4878 5
4879 5
4880 5
4881 5
4882 5
4883 5
4884 5
4885 5
4886 5
4887 5
4888 5
4889 5
4890 5
4891 5
4892 5
4893 5
4894 5
4895 5
4896 5
4897 5
4898 5
4899 5
4900 5
4901 5
4902 5
4903 5
4904 5
4905 5
4906 5
4907 5
4908 5
4909 5
4910 5
4911 5
4912 5
4913 5
4914 5
4915 5
4916 5
4917 5
4918 5
4919 5
4920 5
4921 5
4922 5
4923 5
4924 5
4925 5
4926 5
4927 5
4928 5
4929 5
4930 5
4931 5
4932 5
4933 5
4934 5
4935 5
4936 5
4937 5
4938 5
4939 5
4940 5
4941 5
4942 5
4943 5
4944 5
4945 5
4946 5
4947 5
4948 5
4949 5
4950 5
4951 5
4952 5
4953 5
4954 5
4955 5
4956 5
4957 5
4958 5
4959 5
4960 5
4961 5
4962 5
4963 5
4964 5
4965 5
4966 5
4967 5
4968 5
4969 5
4970 5
4971 5
4972 5
4973 5
4974 5
4975 5
4976 5
4977 5
4978 5
4979 5
4980 5
4981 5
4982 5
4983 5
4984 5
4985 5
4986 5
4987 5
4988 5
4989 5
4990 5
4991 5
4992 5
4993 5
4994 5
4995 5
4996 5
4997 5
4998 5
4999 5
5000 5
5001 5
5002 5
5003 5
5004 5
5005 5
5006 5
5007 5
5008 5
5009 5
5010 5
5011 5
5012 5
5013 5
5014 5
5015 5
5016 5
5017 5
5018 5
5019 5
5020 5
5021 5
5022 5
5023 5
5024 5
5025 5
5026 5
5027 5
5028 5
5029 5
5030 5
5031 5
5032 5
5033 5
5034 5
5035 5
5036 5
5037 5
5038 5
5039 5
5040 5
5041 5
5042 5
5043 5
5044 5
5045 5
5046 5
5047 5
5048 5
5049 5
5050 5
5051 5
5052 5
5053 5
5054 5
5055 5
5056 5
5057 5
5058 5
5059 5
5060 5
5061 5
5062 5
5063 5
5064 5
5065 5
5066 5
5067 5
5068 5
5069 5
5070 5
5071 5
5072 5
5073 5
5074 5
5075 5
5076 5
5077 5
5078 5
5079 5
5080 5
5081 5
5082 5
5083 5
5084 5
5085 5
5086 5
5087 5
5088 5
5089 5
5090 5
5091 5
5092 5
5093 5
5094 5
5095 5
5096 5
5097 5
5098 5
5099 5
5100 5
5101 5
5102 5
5103 5
5104 5
5105 5
5106 5
5107 5
5108 5
5109 5
5110 5
5111 5
5112 5
5113 5
5114 5
5115 5
5116 5
5117 5
5118 5
5119 5
5120 5
5121 5
5122 5
5123 5
5124 5
5125 5
5126 5
5127 5
5128 5
5129 5
5130 5
5131 5
5132 5
5133 5
5134 5
5135 5
5136 5
5137 5
5138 5
5139 5
5140 5
5141 5
5142 5
5143 5
5144 5
5145 5
5146 5
5147 5
5148 5
5149 5
5150 5
5151 5
5152 5
5153 5
5154 5
5155 5
5156 5
5157 5
5158 5
5159 5
5160 5
5161 5
5162 5
5163 5
5164 5
5165 5
5166 5
5167 5
5168 5
5169 5
5170 5
5171 5
5172 5
5173 5
5174 5
5175 5
5176 5
5177 5
5178 5
5179 5
5180 5
5181 5
5182 5
5183 5
5184 5
5185 5
5186 5
5187 5
5188 5
5189 5
5190 5
5191 5
5192 5
5193 5
5194 5
5195 5
5196 5
5197 5
5198 5
5199 5
5200 5
5201 5
5202 5
5203 5
5204 5
5205 5
5206 5
5207 5
5208 5
5209 5
5210 5
5211 5
5212 5
5213 5
5214 5
5215 5
5216 5
5217 5
5218 5
5219 5
5220 5
5221 5
5222 5
5223 5
5224 5
5225 5
5226 5
5227 5
5228 5
5229 5
5230 5
5231 5
5232 5
5233 5
5234 5
5235 5
5236 5
5237 5
5238 5
5239 5
5240 5
5241 5
5242 5
5243 5
5244 5
5245 5
5246 5
5247 5
5248 5
5249 5
5250 5
5251 5
5252 5
5253 5
5254 5
5255 5
5256 5
5257 5
5258 5
5259 5
5260 5
5261 5
5262 5
5263 5
5264 5
5265 5
5266 5
5267 5
5268 5
5269 5
5270 5
5271 5
5272 5
5273 5
5274 5
5275 5
5276 5
5277 5
5278 5
5279 5
5280 5
5281 5
5282 5
5283 5
5284 5
5285 5
5286 5
5287 5
5288 5
5289 5
5290 5
5291 5
5292 5
5293 5
5294 5
5295 5
5296 5
5297 5
5298 5
5299 5
5300 5
5301 5
5302 5
5303 5
5304 5
5305 5
5306 5
5307 5
5308 5
5309 5
5310 5
5311 5
5312 5
5313 5
5314 5
5315 5
5316 5
5317 5
5318 5
5319 5
5320 5
5321 5
5322 5
5323 5
5324 5
5325 5
5326 5
5327 5
5328 5
5329 5
5330 5
5331 5
5332 5
5333 5
5334 5
5335 5
5336 5
5337 5
5338 5
5339 5
5340 5
5341 5
5342 5
5343 5
5344 5
5345 5
5346 5
5347 5
5348 5
5349 5
5350 5
5351 5
5352 5
5353 5
5354 5
5355 5
5356 5
5357 5
5358 5
5359 5
5360 5
5361 5
5362 5
5363 5
5364 5
5365 5
5366 5
5367 5
5368 5
5369 5
5370 5
5371 5
5372 5
5373 5
5374 5
5375 5
5376 5
5377 5
5378 5
5379 5
5380 5
5381 5
5382 5
5383 5
5384 5
5385 5
5386 5
5387 5
5388 5
5389 5
5390 5
5391 5
5392 5
5393 5
5394 5
5395 5
5396 5
5397 5
5398 5
5399 5
5400 5
5401 5
5402 5
5403 5
5404 5
5405 5
5406 5
5407 5
5408 5
5409 5
5410 5
5411 5
5412 5
5413 5
5414 5
5415 5
5416 5
5417 5
5418 5
5419 5
5420 5
5421 5
5422 5
5423 5
5424 5
5425 5
5426 5
5427 5
5428 5
5429 5
5430 5
5431 5
5432 5
5433 5
5434 5
5435 5
5436 5
5437 5
5438 5
5439 5
5440 5
5441 5
5442 5
5443 5
5444 5
5445 5
5446 5
5447 5
5448 5
5449 5
5450 5
5451 5
5452 5
5453 5
5454 5
5455 5
5456 5
5457 5
5458 5
5459 5
5460 5
5461 5
5462 5
5463 5
5464 5
5465 5
5466 5
5467 5
5468 5
5469 5
5470 5
5471 5
5472 5
5473 5
5474 5
5475 5
5476 5
5477 5
5478 5
5479 5
5480 5
5481 5
5482 5
5483 5
5484 5
5485 5
5486 5
5487 5
5488 5
5489 5
5490 5
5491 5
5492 5
5493 5
5494 5
5495 5
5496 5
5497 5
5498 5
5499 5
5500 5
5501 5
5502 5
5503 5
5504 5
5505 5
5506 5
5507 5
5508 5
5509 5
5510 5
5511 5
5512 5
5513 5
5514 5
5515 5
5516 5
5517 5
5518 5
5519 5
5520 5
5521 5
5522 5
5523 5
5524 5
5525 5
5526 5
5527 5
5528 5
5529 5
5530 5
5531 5
5532 5
5533 5
5534 5
5535 5
5536 5
5537 5
5538 5
5539 5
5540 5
5541 5
5542 5
5543 5
5544 5
5545 5
5546 5
5547 5
5548 5
5549 5
5550 5
5551 5
5552 5
5553 5
5554 5
5555 5
5556 5
5557 5
5558 5
5559 5
5560 5
5561 5
5562 5
5563 5
5564 5
5565 5
5566 5
5567 5
5568 5
5569 5
5570 5
5571 5
5572 5
5573 5
5574 5
5575 5
5576 5
5577 5
5578 5
5579 5
5580 5
5581 5
5582 5
5583 5
5584 5
5585 5
5586 5
5587 5
5588 5
5589 5
5590 5
5591 5
5592 5
5593 5
5594 5
5595 5
5596 5
5597 5
5598 5
5599 5
5600 5
5601 5
5602 5
5603 5
5604 5
5605 5
5606 5
5607 5
5608 5
5609 5
5610 5
5611 5
5612 5
5613 5
5614 5
5615 5
5616 5
5617 5
5618 5
5619 5
5620 5
5621 5
5622 5
5623 5
5624 5
5625 5
5626 5
5627 5
5628 5
5629 5
5630 5
5631 5
5632 5
5633 5
5634 5
5635 5
5636 5
5637 5
5638 5
5639 5
5640 5
5641 5
5642 5
5643 5
5644 5
5645 5
5646 5
5647 5
5648 5
5649 5
5650 5
5651 5
5652 5
5653 5
5654 5
5655 5
5656 5
5657 5
5658 5
5659 5
5660 5
5661 5
5662 5
5663 5
5664 5
5665 5
5666 5
5667 5
5668 5
5669 5
5670 5
5671 5
5672 5
5673 5
5674 5
5675 5
5676 5
5677 5
5678 5
5679 5
5680 5
5681 5
5682 5
5683 5
5684 5
5685 5
5686 5
5687 5
5688 5
5689 5
5690 5
5691 5
5692 5
5693 5
5694 5
5695 5
5696 5
5697 5
5698 5
5699 5
5700 5
5701 5
5702 5
5703 5
5704 5
5705 5
5706 5
5707 5
5708 5
5709 5
5710 5
5711 5
5712 5
5713 5
5714 5
5715 5
5716 5
5717 5
5718 5
5719 5
5720 5
5721 5
5722 5
5723 5
5724 5
5725 5
5726 5
5727 5
5728 5
5729 5
5730 5
5731 5
5732 5
5733 5
5734 5
5735 5
5736 5
5737 5
5738 5
5739 5
5740 5
5741 5
5742 5
5743 5
5744 5
5745 5
5746 5
5747 5
5748 5
5749 5
5750 5
5751 5
5752 5
5753 5
5754 5
5755 5
5756 5
5757 5
5758 5
5759 5
5760 5
5761 5
5762 5
5763 5
5764 5
5765 5
5766 5
5767 5
5768 5
5769 5
5770 5
5771 5
5772 5
5773 5
5774 5
5775 5
5776 5
5777 5
5778 5
5779 5
5780 5
5781 5
5782 5
5783 5
5784 5
5785 5
5786 5
5787 5
5788 5
5789 5
5790 5
5791 5
5792 5
5793 5
5794 5
5795 5
5796 5
5797 5
5798 5
5799 5
5800 5
5801 5
5802 5
5803 5
5804 5
5805 5
5806 5
5807 5
5808 5
5809 5
5810 5
5811 5
5812 5
5813 5
5814 5
5815 5
5816 5
5817 5
5818 5
5819 5
5820 5
5821 5
5822 5
5823 5
5824 5
5825 5
5826 5
5827 5
5828 5
5829 5
5830 5
5831 5
5832 5
5833 5
5834 5
5835 5
5836 5
5837 5
5838 5
5839 5
5840 5
5841 5
5842 5
5843 5
5844 5
5845 5
5846 5
5847 5
5848 5
5849 5
5850 5
5851 5
5852 5
5853 5
5854 5
5855 5
5856 5
5857 5
5858 5
5859 5
5860 5
5861 5
5862 5
5863 5
5864 5
5865 5
5866 5
5867 5
5868 5
5869 5
5870 5
5871 5
5872 5
5873 5
5874 5
5875 5
5876 5
5877 5
5878 5
5879 5
5880 5
5881 5
5882 5
5883 5
5884 5
5885 5
5886 5
5887 5
5888 5
5889 5
5890 5
5891 5
5892 5
5893 5
5894 5
5895 5
5896 5
5897 5
5898 5
5899 5
5900 5
5901 5
5902 5
5903 5
5904 5
5905 5
5906 5
5907 5
5908 5
5909 5
5910 5
5911 5
5912 5
5913 5
5914 5
5915 5
5916 5
5917 5
5918 5
5919 5
5920 5
5921 5
5922 5
5923 5
5924 5
5925 5
5926 5
5927 5
5928 5
5929 5
5930 5
5931 5
5932 5
5933 5
5934 5
5935 5
5936 5
5937 5
5938 5
5939 5
5940 5
5941 5
5942 5
5943 5
5944 5
5945 5
5946 5
5947 5
5948 5
5949 5
5950 5
5951 5
5952 5
5953 5
5954 5
5955 5
5956 5
5957 5
5958 5
5959 5
5960 5
5961 5
5962 5
5963 5
5964 5
5965 5
5966 5
5967 5
5968 5
5969 5
5970 5
5971 5
5972 5
5973 5
5974 5
5975 5
5976 5
5977 5
5978 5
5979 5
5980 5
5981 5
5982 5
5983 5
5984 5
5985 5
5986 5
5987 5
5988 5
5989 5
5990 5
5991 5
5992 5
5993 5
5994 5
5995 5
5996 5
5997 5
5998 5
5999 5
6000 5
6001 5
6002 5
6003 5
6004 5
6005 5
6006 5
6007 5
6008 5
6009 5
6010 5
6011 5
6012 5
6013 5
6014 5
6015 5
6016 5
6017 5
6018 5
6019 5
6020 5
6021 5
6022 5
6023 5
6024 5
6025 5
6026 5
6027 5
6028 5
6029 5
6030 5
6031 5
6032 5
6033 5
6034 5
6035 5
6036 5
6037 5
6038 5
6039 5
6040 5
6041 5
6042 5
6043 5
6044 5
6045 5
6046 5
6047 5
6048 5
6049 5
6050 5
6051 5
6052 5
6053 5
6054 5
6055 5
6056 5
6057 5
6058 5
6059 5
6060 5
6061 5
6062 5
6063 5
6064 5
6065 5
6066 5
6067 5
6068 5
6069 5
6070 5
6071 5
6072 5
6073 5
6074 5
6075 5
6076 5
6077 5
6078 5
6079 5
6080 5
6081 5
6082 5
6083 5
6084 5
6085 5
6086 5
6087 5
6088 5
6089 5
6090 5
6091 5
6092 5
6093 5
6094 5
6095 5
6096 5
6097 5
6098 5
6099 5
6100 5
6101 5
6102 5
6103 5
6104 5
6105 5
6106 5
6107 5
6108 5
6109 5
6110 5
6111 5
6112 5
6113 5
6114 5
6115 5
6116 5
6117 5
6118 5
6119 5
6120 5
6121 5
6122 5
6123 5
6124 5
6125 5
6126 5
6127 5
6128 5
6129 5
6130 5
6131 5
6132 5
6133 5
6134 5
6135 5
6136 5
6137 5
6138 5
6139 5
6140 5
6141 5
6142 5
6143 5
6144 4
6145 4
6146 4
6147 4
6148 4
6149 4
6150 4
6151 4
6152 4
6153 4
6154 4
6155 4
6156 4
6157 4
6158 4
6159 4
6160 4
6161 4
6162 4
6163 4
6164 4
6165 4
6166 4
6167 4
6168 4
6169 4
6170 4
6171 4
6172 4
6173 4
6174 4
6175 4
6176 4
6177 4
6178 4
6179 4
6180 4
6181 4
6182 4
6183 4
6184 4
6185 4
6186 4
6187 4
6188 4
6189 4
6190 4
6191 4
6192 4
6193 4
6194 4
6195 4
6196 4
6197 4
6198 4
6199 4
6200 4
6201 4
6202 4
6203 4
6204 4
6205 4
6206 4
6207 4
6208 4
6209 4
6210 4
6211 4
6212 4
6213 4
6214 4
6215 4
6216 4
6217 4
6218 4
6219 4
6220 4
6221 4
6222 4
6223 4
6224 4
6225 4
6226 4
6227 4
6228 4
6229 4
6230 4
6231 4
6232 4
6233 4
6234 4
6235 4
6236 4
6237 4
6238 4
6239 4
6240 4
6241 4
6242 4
6243 4
6244 4
6245 4
6246 4
6247 4
6248 4
6249 4
6250 4
6251 4
6252 4
6253 4
6254 4
6255 4
6256 4
6257 4
6258 4
6259 4
6260 4
6261 4
6262 4
6263 4
6264 4
6265 4
6266 4
6267 4
6268 4
6269 4
6270 4
6271 4
6272 4
6273 4
6274 4
6275 4
6276 4
6277 4
6278 4
6279 4
6280 4
6281 4
6282 4
6283 4
6284 4
6285 4
6286 4
6287 4
6288 4
6289 4
6290 4
6291 4
6292 4
6293 4
6294 4
6295 4
6296 4
6297 4
6298 4
6299 4
6300 4
6301 4
6302 4
6303 4
6304 4
6305 4
6306 4
6307 4
6308 4
6309 4
6310 4
6311 4
6312 4
6313 4
6314 4
6315 4
6316 4
6317 4
6318 4
6319 4
6320 4
6321 4
6322 4
6323 4
6324 4
6325 4
6326 4
6327 4
6328 4
6329 4
6330 4
6331 4
6332 4
6333 4
6334 4
6335 4
6336 4
6337 4
6338 4
6339 4
6340 4
6341 4
6342 4
6343 4
6344 4
6345 4
6346 4
6347 4
6348 4
6349 4
6350 4
6351 4
6352 4
6353 4
6354 4
6355 4
6356 4
6357 4
6358 4
6359 4
6360 4
6361 4
6362 4
6363 4
6364 4
6365 4
6366 4
6367 4
6368 4
6369 4
6370 4
6371 4
6372 4
6373 4
6374 4
6375 4
6376 4
6377 4
6378 4
6379 4
6380 4
6381 4
6382 4
6383 4
6384 4
6385 4
6386 4
6387 4
6388 4
6389 4
6390 4
6391 4
6392 4
6393 4
6394 4
6395 4
6396 4
6397 4
6398 4
6399 4
6400 4
6401 4
6402 4
6403 4
6404 4
6405 4
6406 4
6407 4
6408 4
6409 4
6410 4
6411 4
6412 4
6413 4
6414 4
6415 4
6416 4
6417 4
6418 4
6419 4
6420 4
6421 4
6422 4
6423 4
6424 4
6425 4
6426 4
6427 4
6428 4
6429 4
6430 4
6431 4
6432 4
6433 4
6434 4
6435 4
6436 4
6437 4
6438 4
6439 4
6440 4
6441 4
6442 4
6443 4
6444 4
6445 4
6446 4
6447 4
6448 4
6449 4
6450 4
6451 4
6452 4
6453 4
6454 4
6455 4
6456 4
6457 4
6458 4
6459 4
6460 4
6461 4
6462 4
6463 4
6464 4
6465 4
6466 4
6467 4
6468 4
6469 4
6470 4
6471 4
6472 4
6473 4
6474 4
6475 4
6476 4
6477 4
6478 4
6479 4
6480 4
6481 4
6482 4
6483 4
6484 4
6485 4
6486 4
6487 4
6488 4
6489 4
6490 4
6491 4
6492 4
6493 4
6494 4
6495 4
6496 4
6497 4
6498 4
6499 4
6500 4
6501 4
6502 4
6503 4
6504 4
6505 4
6506 4
6507 4
6508 4
6509 4
6510 4
6511 4
6512 4
6513 4
6514 4
6515 4
6516 4
6517 4
6518 4
6519 4
6520 4
6521 4
6522 4
6523 4
6524 4
6525 4
6526 4
6527 4
6528 5
6529 5
6530 5
6531 5
6532 5
6533 5
6534 5
6535 5
6536 5
6537 5
6538 5
6539 5
6540 5
6541 5
6542 5
6543 5
6544 5
6545 5
6546 5
6547 5
6548 5
6549 5
6550 5
6551 5
6552 5
6553 5
6554 5
6555 5
6556 5
6557 5
6558 5
6559 5
6560 5
6561 5
6562 5
6563 5
6564 5
6565 5
6566 5
6567 5
6568 5
6569 5
6570 5
6571 5
6572 5
6573 5
6574 5
6575 5
6576 5
6577 5
6578 5
6579 5
6580 5
6581 5
6582 5
6583 5
6584 5
6585 5
6586 5
6587 5
6588 5
6589 5
6590 5
6591 5
6592 5
6593 5
6594 5
6595 5
6596 5
6597 5
6598 5
6599 5
6600 5
6601 5
6602 5
6603 5
6604 5
6605 5
6606 5
6607 5
6608 5
6609 5
6610 5
6611 5
6612 5
6613 5
6614 5
6615 5
6616 5
6617 5
6618 5
6619 5
6620 5
6621 5
6622 5
6623 5
6624 5
6625 5
6626 5
6627 5
6628 5
6629 5
6630 5
6631 5
6632 5
6633 5
6634 5
6635 5
6636 5
6637 5
6638 5
6639 5
6640 5
6641 5
6642 5
6643 5
6644 5
6645 5
6646 5
6647 5
6648 5
6649 5
6650 5
6651 5
6652 5
6653 5
6654 5
6655 5
6656 5
6657 5
6658 5
6659 5
6660 5
6661 5
6662 5
6663 5
6664 5
6665 5
6666 5
6667 5
6668 5
6669 5
6670 5
6671 5
6672 5
6673 5
6674 5
6675 5
6676 5
6677 5
6678 5
6679 5
6680 5
6681 5
6682 5
6683 5
6684 5
6685 5
6686 5
6687 5
6688 5
6689 5
6690 5
6691 5
6692 5
6693 5
6694 5
6695 5
6696 5
6697 5
6698 5
6699 5
6700 5
6701 5
6702 5
6703 5
6704 5
6705 5
6706 5
6707 5
6708 5
6709 5
6710 5
6711 5
6712 5
6713 5
6714 5
6715 5
6716 5
6717 5
6718 5
6719 5
6720 4
6721 4
6722 4
6723 4
6724 4
6725 4
6726 4
6727 4
6728 4
6729 4
6730 4
6731 4
6732 4
6733 4
6734 4
6735 4
6736 4
6737 4
6738 4
6739 4
6740 4
6741 4
6742 4
6743 4
6744 4
6745 4
6746 4
6747 4
6748 4
6749 4
6750 4
6751 4
6752 4
6753 4
6754 4
6755 4
6756 4
6757 4
6758 4
6759 4
6760 4
6761 4
6762 4
6763 4
6764 4
6765 4
6766 4
6767 4
6768 4
6769 4
6770 4
6771 4
6772 4
6773 4
6774 4
6775 4
6776 4
6777 4
6778 4
6779 4
6780 4
6781 4
6782 4
6783 4
6784 4
6785 4
6786 4
6787 4
6788 4
6789 4
6790 4
6791 4
6792 4
6793 4
6794 4
6795 4
6796 4
6797 4
6798 4
6799 4
6800 4
6801 4
6802 4
6803 4
6804 4
6805 4
6806 4
6807 4
6808 4
6809 4
6810 4
6811 4
6812 4
6813 4
6814 4
6815 4
6816 4
6817 4
6818 4
6819 4
6820 4
6821 4
6822 4
6823 4
6824 4
6825 4
6826 4
6827 4
6828 4
6829 4
6830 4
6831 4
6832 4
6833 4
6834 4
6835 4
6836 4
6837 4
6838 4
6839 4
6840 4
6841 4
6842 4
6843 4
6844 4
6845 4
6846 4
6847 4
6848 4
6849 4
6850 4
6851 4
6852 4
6853 4
6854 4
6855 4
6856 4
6857 4
6858 4
6859 4
6860 4
6861 4
6862 4
6863 4
6864 4
6865 4
6866 4
6867 4
6868 4
6869 4
6870 4
6871 4
6872 4
6873 4
6874 4
6875 4
6876 4
6877 4
6878 4
6879 4
6880 4
6881 4
6882 4
6883 4
6884 4
6885 4
6886 4
6887 4
6888 4
6889 4
6890 4
6891 4
6892 4
6893 4
6894 4
6895 4
6896 4
6897 4
6898 4
6899 4
6900 4
6901 4
6902 4
6903 4
6904 4
6905 4
6906 4
6907 4
6908 4
6909 4
6910 4
6911 4
6912 5
6913 5
6914 5
6915 5
6916 5
6917 5
6918 5
6919 5
6920 5
6921 5
6922 5
6923 5
6924 5
6925 5
6926 5
6927 5
6928 5
6929 5
6930 5
6931 5
6932 5
6933 5
6934 5
6935 5
6936 5
6937 5
6938 5
6939 5
6940 5
6941 5
6942 5
6943 5
6944 5
6945 5
6946 5
6947 5
6948 5
6949 5
6950 5
6951 5
6952 5
6953 5
6954 5
6955 5
6956 5
6957 5
6958 5
6959 5
6960 5
6961 5
6962 5
6963 5
6964 5
6965 5
6966 5
6967 5
6968 5
6969 5
6970 5
6971 5
6972 5
6973 5
6974 5
6975 5
6976 5
6977 5
6978 5
6979 5
6980 5
6981 5
6982 5
6983 5
6984 5
6985 5
6986 5
6987 5
6988 5
6989 5
6990 5
6991 5
6992 5
6993 5
6994 5
6995 5
6996 5
6997 5
6998 5
6999 5
7000 5
7001 5
7002 5
7003 5
7004 5
7005 5
7006 5
7007 5
7008 5
7009 5
7010 5
7011 5
7012 5
7013 5
7014 5
7015 5
7016 5
7017 5
7018 5
7019 5
7020 5
7021 5
7022 5
7023 5
7024 5
7025 5
7026 5
7027 5
7028 5
7029 5
7030 5
7031 5
7032 5
7033 5
7034 5
7035 5
7036 5
7037 5
7038 5
7039 5
7040 5
7041 5
7042 5
7043 5
7044 5
7045 5
7046 5
7047 5
7048 5
7049 5
7050 5
7051 5
7052 5
7053 5
7054 5
7055 5
7056 5
7057 5
7058 5
7059 5
7060 5
7061 5
7062 5
7063 5
7064 5
7065 5
7066 5
7067 5
7068 5
7069 5
7070 5
7071 5
7072 5
7073 5
7074 5
7075 5
7076 5
7077 5
7078 5
7079 5
7080 5
7081 5
7082 5
7083 5
7084 5
7085 5
7086 5
7087 5
7088 5
7089 5
7090 5
7091 5
7092 5
7093 5
7094 5
7095 5
7096 5
7097 5
7098 5
7099 5
7100 5
7101 5
7102 5
7103 5
7104 5
7105 5
7106 5
7107 5
7108 5
7109 5
7110 5
7111 5
7112 5
7113 5
7114 5
7115 5
7116 5
7117 5
7118 5
7119 5
7120 5
7121 5
7122 5
7123 5
7124 5
7125 5
7126 5
7127 5
7128 5
7129 5
7130 5
7131 5
7132 5
7133 5
7134 5
7135 5
7136 5
7137 5
7138 5
7139 5
7140 5
7141 5
7142 5
7143 5
7144 5
7145 5
7146 5
7147 5
7148 5
7149 5
7150 5
7151 5
7152 5
7153 5
7154 5
7155 5
7156 5
7157 5
7158 5
7159 5
7160 5
7161 5
7162 5
7163 5
7164 5
7165 5
7166 5
7167 5
7168 5
7169 5
7170 5
7171 5
7172 5
7173 5
7174 5
7175 5
7176 5
7177 5
7178 5
7179 5
7180 5
7181 5
7182 5
7183 5
7184 5
7185 5
7186 5
7187 5
7188 5
7189 5
7190 5
7191 5
7192 5
7193 5
7194 5
7195 5
7196 5
7197 5
7198 5
7199 5
7200 5
7201 5
7202 5
7203 5
7204 5
7205 5
7206 5
7207 5
7208 5
7209 5
7210 5
7211 5
7212 5
7213 5
7214 5
7215 5
7216 5
7217 5
7218 5
7219 5
7220 5
7221 5
7222 5
7223 5
7224 5
7225 5
7226 5
7227 5
7228 5
7229 5
7230 5
7231 5
7232 5
7233 5
7234 5
7235 5
7236 5
7237 5
7238 5
7239 5
7240 5
7241 5
7242 5
7243 5
7244 5
7245 5
7246 5
7247 5
7248 5
7249 5
7250 5
7251 5
7252 5
7253 5
7254 5
7255 5
7256 5
7257 5
7258 5
7259 5
7260 5
7261 5
7262 5
7263 5
7264 5
7265 5
7266 5
7267 5
7268 5
7269 5
7270 5
7271 5
7272 5
7273 5
7274 5
7275 5
7276 5
7277 5
7278 5
7279 5
7280 5
7281 5
7282 5
7283 5
7284 5
7285 5
7286 5
7287 5
7288 5
7289 5
7290 5
7291 5
7292 5
7293 5
7294 5
7295 5
7296 6
7297 6
7298 6
7299 6
7300 6
7301 6
7302 6
7303 6
7304 6
7305 6
7306 6
7307 6
7308 6
7309 6
7310 6
7311 6
7312 6
7313 6
7314 6
7315 6
7316 6
7317 6
7318 6
7319 6
7320 6
7321 6
7322 6
7323 6
7324 6
7325 6
7326 6
7327 6
7328 6
7329 6
7330 6
7331 6
7332 6
7333 6
7334 6
7335 6
7336 6
7337 6
7338 6
7339 6
7340 6
7341 6
7342 6
7343 6
7344 6
7345 6
7346 6
7347 6
7348 6
7349 6
7350 6
7351 6
7352 6
7353 6
7354 6
7355 6
7356 6
7357 6
7358 6
7359 6
7360 6
7361 6
7362 6
7363 6
7364 6
7365 6
7366 6
7367 6
7368 6
7369 6
7370 6
7371 6
7372 6
7373 6
7374 6
7375 6
7376 6
7377 6
7378 6
7379 6
7380 6
7381 6
7382 6
7383 6
7384 6
7385 6
7386 6
7387 6
7388 6
7389 6
7390 6
7391 6
7392 6
7393 6
7394 6
7395 6
7396 6
7397 6
7398 6
7399 6
7400 6
7401 6
7402 6
7403 6
7404 6
7405 6
7406 6
7407 6
7408 6
7409 6
7410 6
7411 6
7412 6
7413 6
7414 6
7415 6
7416 6
7417 6
7418 6
7419 6
7420 6
7421 6
7422 6
7423 6
7424 6
7425 6
7426 6
7427 6
7428 6
7429 6
7430 6
7431 6
7432 6
7433 6
7434 6
7435 6
7436 6
7437 6
7438 6
7439 6
7440 6
7441 6
7442 6
7443 6
7444 6
7445 6
7446 6
7447 6
7448 6
7449 6
7450 6
7451 6
7452 6
7453 6
7454 6
7455 6
7456 6
7457 6
7458 6
7459 6
7460 6
7461 6
7462 6
7463 6
7464 6
7465 6
7466 6
7467 6
7468 6
7469 6
7470 6
7471 6
7472 6
7473 6
7474 6
7475 6
7476 6
7477 6
7478 6
7479 6
7480 6
7481 6
7482 6
7483 6
7484 6
7485 6
7486 6
7487 6
7488 5
7489 5
7490 5
7491 5
7492 5
7493 5
7494 5
7495 5
7496 5
7497 5
7498 5
7499 5
7500 5
7501 5
7502 5
7503 5
7504 5
7505 5
7506 5
7507 5
7508 5
7509 5
7510 5
7511 5
7512 5
7513 5
7514 5
7515 5
7516 5
7517 5
7518 5
7519 5
7520 5
7521 5
7522 5
7523 5
7524 5
7525 5
7526 5
7527 5
7528 5
7529 5
7530 5
7531 5
7532 5
7533 5
7534 5
7535 5
7536 5
7537 5
7538 5
7539 5
7540 5
7541 5
7542 5
7543 5
7544 5
7545 5
7546 5
7547 5
7548 5
7549 5
7550 5
7551 5
7552 5
7553 5
7554 5
7555 5
7556 5
7557 5
7558 5
7559 5
7560 5
7561 5
7562 5
7563 5
7564 5
7565 5
7566 5
7567 5
7568 5
7569 5
7570 5
7571 5
7572 5
7573 5
7574 5
7575 5
7576 5
7577 5
7578 5
7579 5
7580 5
7581 5
7582 5
7583 5
7584 5
7585 5
7586 5
7587 5
7588 5
7589 5
7590 5
7591 5
7592 5
7593 5
7594 5
7595 5
7596 5
7597 5
7598 5
7599 5
7600 5
7601 5
7602 5
7603 5
7604 5
7605 5
7606 5
7607 5
7608 5
7609 5
7610 5
7611 5
7612 5
7613 5
7614 5
7615 5
7616 5
7617 5
7618 5
7619 5
7620 5
7621 5
7622 5
7623 5
7624 5
7625 5
7626 5
7627 5
7628 5
7629 5
7630 5
7631 5
7632 5
7633 5
7634 5
7635 5
7636 5
7637 5
7638 5
7639 5
7640 5
7641 5
7642 5
7643 5
7644 5
7645 5
7646 5
7647 5
7648 5
7649 5
7650 5
7651 5
7652 5
7653 5
7654 5
7655 5
7656 5
7657 5
7658 5
7659 5
7660 5
7661 5
7662 5
7663 5
7664 5
7665 5
7666 5
7667 5
7668 5
7669 5
7670 5
7671 5
7672 5
7673 5
7674 5
7675 5
7676 5
7677 5
7678 5
7679 5
7680 6
7681 6
7682 6
7683 6
7684 6
7685 6
7686 6
7687 6
7688 6
7689 6
7690 6
7691 6
7692 6
7693 6
7694 6
7695 6
7696 6
7697 6
7698 6
7699 6
7700 6
7701 6
7702 6
7703 6
7704 6
7705 6
7706 6
7707 6
7708 6
7709 6
7710 6
7711 6
7712 6
7713 6
7714 6
7715 6
7716 6
7717 6
7718 6
7719 6
7720 6
7721 6
7722 6
7723 6
7724 6
7725 6
7726 6
7727 6
7728 6
7729 6
7730 6
7731 6
7732 6
7733 6
7734 6
7735 6
7736 6
7737 6
7738 6
7739 6
7740 6
7741 6
7742 6
7743 6
7744 6
7745 6
7746 6
7747 6
7748 6
7749 6
7750 6
7751 6
7752 6
7753 6
7754 6
7755 6
7756 6
7757 6
7758 6
7759 6
7760 6
7761 6
7762 6
7763 6
7764 6
7765 6
7766 6
7767 6
7768 6
7769 6
7770 6
7771 6
7772 6
7773 6
7774 6
7775 6
7776 6
7777 6
7778 6
7779 6
7780 6
7781 6
7782 6
7783 6
7784 6
7785 6
7786 6
7787 6
7788 6
7789 6
7790 6
7791 6
7792 6
7793 6
7794 6
7795 6
7796 6
7797 6
7798 6
7799 6
7800 6
7801 6
7802 6
7803 6
7804 6
7805 6
7806 6
7807 6
7808 6
7809 6
7810 6
7811 6
7812 6
7813 6
7814 6
7815 6
7816 6
7817 6
7818 6
7819 6
7820 6
7821 6
7822 6
7823 6
7824 6
7825 6
7826 6
7827 6
7828 6
7829 6
7830 6
7831 6
7832 6
7833 6
7834 6
7835 6
7836 6
7837 6
7838 6
7839 6
7840 6
7841 6
7842 6
7843 6
7844 6
7845 6
7846 6
7847 6
7848 6
7849 6
7850 6
7851 6
7852 6
7853 6
7854 6
7855 6
7856 6
7857 6
7858 6
7859 6
7860 6
7861 6
7862 6
7863 6
7864 6
7865 6
7866 6
7867 6
7868 6
7869 6
7870 6
7871 6
7872 5
7873 5
7874 5
7875 5
7876 5
7877 5
7878 5
7879 5
7880 5
7881 5
7882 5
7883 5
7884 5
7885 5
7886 5
7887 5
7888 5
7889 5
7890 5
7891 5
7892 5
7893 5
7894 5
7895 5
7896 5
7897 5
7898 5
7899 5
7900 5
7901 5
7902 5
7903 5
7904 5
7905 5
7906 5
7907 5
7908 5
7909 5
7910 5
7911 5
7912 5
7913 5
7914 5
7915 5
7916 5
7917 5
7918 5
7919 5
7920 5
7921 5
7922 5
7923 5
7924 5
7925 5
7926 5
7927 5
7928 5
7929 5
7930 5
7931 5
7932 5
7933 5
7934 5
7935 5
7936 5
7937 5
7938 5
7939 5
7940 5
7941 5
7942 5
7943 5
7944 5
7945 5
7946 5
7947 5
7948 5
7949 5
7950 5
7951 5
7952 5
7953 5
7954 5
7955 5
7956 5
7957 5
7958 5
7959 5
7960 5
7961 5
7962 5
7963 5
7964 5
7965 5
7966 5
7967 5
7968 5
7969 5
7970 5
7971 5
7972 5
7973 5
7974 5
7975 5
7976 5
7977 5
7978 5
7979 5
7980 5
7981 5
7982 5
7983 5
7984 5
7985 5
7986 5
7987 5
7988 5
7989 5
7990 5
7991 5
7992 5
7993 5
7994 5
7995 5
7996 5
7997 5
7998 5
7999 5
8000 5
8001 5
8002 5
8003 5
8004 5
8005 5
8006 5
8007 5
8008 5
8009 5
8010 5
8011 5
8012 5
8013 5
8014 5
8015 5
8016 5
8017 5
8018 5
8019 5
8020 5
8021 5
8022 5
8023 5
8024 5
8025 5
8026 5
8027 5
8028 5
8029 5
8030 5
8031 5
8032 5
8033 5
8034 5
8035 5
8036 5
8037 5
8038 5
8039 5
8040 5
8041 5
8042 5
8043 5
8044 5
8045 5
8046 5
8047 5
8048 5
8049 5
8050 5
8051 5
8052 5
8053 5
8054 5
8055 5
8056 5
8057 5
8058 5
8059 5
8060 5
8061 5
8062 5
8063 5
8064 6
8065 6
8066 6
8067 6
8068 6
8069 6
8070 6
8071 6
8072 6
8073 6
8074 6
8075 6
8076 6
8077 6
8078 6
8079 6
8080 6
8081 6
8082 6
8083 6
8084 6
8085 6
8086 6
8087 6
8088 6
8089 6
8090 6
8091 6
8092 6
8093 6
8094 6
8095 6
8096 6
8097 6
8098 6
8099 6
8100 6
8101 6
8102 6
8103 6
8104 6
8105 6
8106 6
8107 6
8108 6
8109 6
8110 6
8111 6
8112 6
8113 6
8114 6
8115 6
8116 6
8117 6
8118 6
8119 6
8120 6
8121 6
8122 6
8123 6
8124 6
8125 6
8126 6
8127 6
8128 6
8129 6
8130 6
8131 6
8132 6
8133 6
8134 6
8135 6
8136 6
8137 6
8138 6
8139 6
8140 6
8141 6
8142 6
8143 6
8144 6
8145 6
8146 6
8147 6
8148 6
8149 6
8150 6
8151 6
8152 6
8153 6
8154 6
8155 6
8156 6
8157 6
8158 6
8159 6
8160 6
8161 6
8162 6
8163 6
8164 6
8165 6
8166 6
8167 6
8168 6
8169 6
8170 6
8171 6
8172 6
8173 6
8174 6
8175 6
8176 6
8177 6
8178 6
8179 6
8180 6
8181 6
8182 6
8183 6
8184 6
8185 6
8186 6
8187 6
8188 6
8189 6
8190 6
8191 6
8192 6
8193 6
8194 6
8195 6
8196 6
8197 6
8198 6
8199 6
8200 6
8201 6
8202 6
8203 6
8204 6
8205 6
8206 6
8207 6
8208 6
8209 6
8210 6
8211 6
8212 6
8213 6
8214 6
8215 6
8216 6
8217 6
8218 6
8219 6
8220 6
8221 6
8222 6
8223 6
8224 6
8225 6
8226 6
8227 6
8228 6
8229 6
8230 6
8231 6
8232 6
8233 6
8234 6
8235 6
8236 6
8237 6
8238 6
8239 6
8240 6
8241 6
8242 6
8243 6
8244 6
8245 6
8246 6
8247 6
8248 6
8249 6
8250 6
8251 6
8252 6
8253 6
8254 6
8255 6
8256 6
8257 6
8258 6
8259 6
8260 6
8261 6
8262 6
8263 6
8264 6
8265 6
8266 6
8267 6
8268 6
8269 6
8270 6
8271 6
8272 6
8273 6
8274 6
8275 6
8276 6
8277 6
8278 6
8279 6
8280 6
8281 6
8282 6
8283 6
8284 6
8285 6
8286 6
8287 6
8288 6
8289 6
8290 6
8291 6
8292 6
8293 6
8294 6
8295 6
8296 6
8297 6
8298 6
8299 6
8300 6
8301 6
8302 6
8303 6
8304 6
8305 6
8306 6
8307 6
8308 6
8309 6
8310 6
8311 6
8312 6
8313 6
8314 6
8315 6
8316 6
8317 6
8318 6
8319 6
8320 6
8321 6
8322 6
8323 6
8324 6
8325 6
8326 6
8327 6
8328 6
8329 6
8330 6
8331 6
8332 6
8333 6
8334 6
8335 6
8336 6
8337 6
8338 6
8339 6
8340 6
8341 6
8342 6
8343 6
8344 6
8345 6
8346 6
8347 6
8348 6
8349 6
8350 6
8351 6
8352 6
8353 6
8354 6
8355 6
8356 6
8357 6
8358 6
8359 6
8360 6
8361 6
8362 6
8363 6
8364 6
8365 6
8366 6
8367 6
8368 6
8369 6
8370 6
8371 6
8372 6
8373 6
8374 6
8375 6
8376 6
8377 6
8378 6
8379 6
8380 6
8381 6
8382 6
8383 6
8384 6
8385 6
8386 6
8387 6
8388 6
8389 6
8390 6
8391 6
8392 6
8393 6
8394 6
8395 6
8396 6
8397 6
8398 6
8399 6
8400 6
8401 6
8402 6
8403 6
8404 6
8405 6
8406 6
8407 6
8408 6
8409 6
8410 6
8411 6
8412 6
8413 6
8414 6
8415 6
8416 6
8417 6
8418 6
8419 6
8420 6
8421 6
8422 6
8423 6
8424 6
8425 6
8426 6
8427 6
8428 6
8429 6
8430 6
8431 6
8432 6
8433 6
8434 6
8435 6
8436 6
8437 6
8438 6
8439 6
8440 6
8441 6
8442 6
8443 6
8444 6
8445 6
8446 6
8447 6
8448 7
8449 7
8450 7
8451 7
8452 7
8453 7
8454 7
8455 7
8456 7
8457 7
8458 7
8459 7
8460 7
8461 7
8462 7
8463 7
8464 7
8465 7
8466 7
8467 7
8468 7
8469 7
8470 7
8471 7
8472 7
8473 7
8474 7
8475 7
8476 7
8477 7
8478 7
8479 7
8480 7
8481 7
8482 7
8483 7
8484 7
8485 7
8486 7
8487 7
8488 7
8489 7
8490 7
8491 7
8492 7
8493 7
8494 7
8495 7
8496 7
8497 7
8498 7
8499 7
8500 7
8501 7
8502 7
8503 7
8504 7
8505 7
8506 7
8507 7
8508 7
8509 7
8510 7
8511 7
8512 7
8513 7
8514 7
8515 7
8516 7
8517 7
8518 7
8519 7
8520 7
8521 7
8522 7
8523 7
8524 7
8525 7
8526 7
8527 7
8528 7
8529 7
8530 7
8531 7
8532 7
8533 7
8534 7
8535 7
8536 7
8537 7
8538 7
8539 7
8540 7
8541 7
8542 7
8543 7
8544 7
8545 7
8546 7
8547 7
8548 7
8549 7
8550 7
8551 7
8552 7
8553 7
8554 7
8555 7
8556 7
8557 7
8558 7
8559 7
8560 7
8561 7
8562 7
8563 7
8564 7
8565 7
8566 7
8567 7
8568 7
8569 7
8570 7
8571 7
8572 7
8573 7
8574 7
8575 7
8576 7
8577 7
8578 7
8579 7
8580 7
8581 7
8582 7
8583 7
8584 7
8585 7
8586 7
8587 7
8588 7
8589 7
8590 7
8591 7
8592 7
8593 7
8594 7
8595 7
8596 7
8597 7
8598 7
8599 7
8600 7
8601 7
8602 7
8603 7
8604 7
8605 7
8606 7
8607 7
8608 7
8609 7
8610 7
8611 7
8612 7
8613 7
8614 7
8615 7
8616 7
8617 7
8618 7
8619 7
8620 7
8621 7
8622 7
8623 7
8624 7
8625 7
8626 7
8627 7
8628 7
8629 7
8630 7
8631 7
8632 7
8633 7
8634 7
8635 7
8636 7
8637 7
8638 7
8639 7
8640 6
8641 6
8642 6
8643 6
8644 6
8645 6
8646 6
8647 6
8648 6
8649 6
8650 6
8651 6
8652 6
8653 6
8654 6
8655 6
8656 6
8657 6
8658 6
8659 6
8660 6
8661 6
8662 6
8663 6
8664 6
8665 6
8666 6
8667 6
8668 6
8669 6
8670 6
8671 6
8672 6
8673 6
8674 6
8675 6
8676 6
8677 6
8678 6
8679 6
8680 6
8681 6
8682 6
8683 6
8684 6
8685 6
8686 6
8687 6
8688 6
8689 6
8690 6
8691 6
8692 6
8693 6
8694 6
8695 6
8696 6
8697 6
8698 6
8699 6
8700 6
8701 6
8702 6
8703 6
8704 6
8705 6
8706 6
8707 6
8708 6
8709 6
8710 6
8711 6
8712 6
8713 6
8714 6
8715 6
8716 6
8717 6
8718 6
8719 6
8720 6
8721 6
8722 6
8723 6
8724 6
8725 6
8726 6
8727 6
8728 6
8729 6
8730 6
8731 6
8732 6
8733 6
8734 6
8735 6
8736 6
8737 6
8738 6
8739 6
8740 6
8741 6
8742 6
8743 6
8744 6
8745 6
8746 6
8747 6
8748 6
8749 6
8750 6
8751 6
8752 6
8753 6
8754 6
8755 6
8756 6
8757 6
8758 6
8759 6
8760 6
8761 6
8762 6
8763 6
8764 6
8765 6
8766 6
8767 6
8768 6
8769 6
8770 6
8771 6
8772 6
8773 6
8774 6
8775 6
8776 6
8777 6
8778 6
8779 6
8780 6
8781 6
8782 6
8783 6
8784 6
8785 6
8786 6
8787 6
8788 6
8789 6
8790 6
8791 6
8792 6
8793 6
8794 6
8795 6
8796 6
8797 6
8798 6
8799 6
8800 6
8801 6
8802 6
8803 6
8804 6
8805 6
8806 6
8807 6
8808 6
8809 6
8810 6
8811 6
8812 6
8813 6
8814 6
8815 6
8816 6
8817 6
8818 6
8819 6
8820 6
8821 6
8822 6
8823 6
8824 6
8825 6
8826 6
8827 6
8828 6
8829 6
8830 6
8831 6
8832 7
8833 7
8834 7
8835 7
8836 7
8837 7
8838 7
8839 7
8840 7
8841 7
8842 7
8843 7
8844 7
8845 7
8846 7
8847 7
8848 7
8849 7
8850 7
8851 7
8852 7
8853 7
8854 7
8855 7
8856 7
8857 7
8858 7
8859 7
8860 7
8861 7
8862 7
8863 7
8864 7
8865 7
8866 7
8867 7
8868 7
8869 7
8870 7
8871 7
8872 7
8873 7
8874 7
8875 7
8876 7
8877 7
8878 7
8879 7
8880 7
8881 7
8882 7
8883 7
8884 7
8885 7
8886 7
8887 7
8888 7
8889 7
8890 7
8891 7
8892 7
8893 7
8894 7
8895 7
8896 7
8897 7
8898 7
8899 7
8900 7
8901 7
8902 7
8903 7
8904 7
8905 7
8906 7
8907 7
8908 7
8909 7
8910 7
8911 7
8912 7
8913 7
8914 7
8915 7
8916 7
8917 7
8918 7
8919 7
8920 7
8921 7
8922 7
8923 7
8924 7
8925 7
8926 7
8927 7
8928 7
8929 7
8930 7
8931 7
8932 7
8933 7
8934 7
8935 7
8936 7
8937 7
8938 7
8939 7
8940 7
8941 7
8942 7
8943 7
8944 7
8945 7
8946 7
8947 7
8948 7
8949 7
8950 7
8951 7
8952 7
8953 7
8954 7
8955 7
8956 7
8957 7
8958 7
8959 7
8960 7
8961 7
8962 7
8963 7
8964 7
8965 7
8966 7
8967 7
8968 7
8969 7
8970 7
8971 7
8972 7
8973 7
8974 7
8975 7
8976 7
8977 7
8978 7
8979 7
8980 7
8981 7
8982 7
8983 7
8984 7
8985 7
8986 7
8987 7
8988 7
8989 7
8990 7
8991 7
8992 7
8993 7
8994 7
8995 7
8996 7
8997 7
8998 7
8999 7
9000 7
9001 7
9002 7
9003 7
9004 7
9005 7
9006 7
9007 7
9008 7
9009 7
9010 7
9011 7
9012 7
9013 7
9014 7
9015 7
9016 7
9017 7
9018 7
9019 7
9020 7
9021 7
9022 7
9023 7
9024 7
9025 7
9026 7
9027 7
9028 7
9029 7
9030 7
9031 7
9032 7
9033 7
9034 7
9035 7
9036 7
9037 7
9038 7
9039 7
9040 7
9041 7
9042 7
9043 7
9044 7
9045 7
9046 7
9047 7
9048 7
9049 7
9050 7
9051 7
9052 7
9053 7
9054 7
9055 7
9056 7
9057 7
9058 7
9059 7
9060 7
9061 7
9062 7
9063 7
9064 7
9065 7
9066 7
9067 7
9068 7
9069 7
9070 7
9071 7
9072 7
9073 7
9074 7
9075 7
9076 7
9077 7
9078 7
9079 7
9080 7
9081 7
9082 7
9083 7
9084 7
9085 7
9086 7
9087 7
9088 7
9089 7
9090 7
9091 7
9092 7
9093 7
9094 7
9095 7
9096 7
9097 7
9098 7
9099 7
9100 7
9101 7
9102 7
9103 7
9104 7
9105 7
9106 7
9107 7
9108 7
9109 7
9110 7
9111 7
9112 7
9113 7
9114 7
9115 7
9116 7
9117 7
9118 7
9119 7
9120 7
9121 7
9122 7
9123 7
9124 7
9125 7
9126 7
9127 7
9128 7
9129 7
9130 7
9131 7
9132 7
9133 7
9134 7
9135 7
9136 7
9137 7
9138 7
9139 7
9140 7
9141 7
9142 7
9143 7
9144 7
9145 7
9146 7
9147 7
9148 7
9149 7
9150 7
9151 7
9152 7
9153 7
9154 7
9155 7
9156 7
9157 7
9158 7
9159 7
9160 7
9161 7
9162 7
9163 7
9164 7
9165 7
9166 7
9167 7
9168 7
9169 7
9170 7
9171 7
9172 7
9173 7
9174 7
9175 7
9176 7
9177 7
9178 7
9179 7
9180 7
9181 7
9182 7
9183 7
9184 7
9185 7
9186 7
9187 7
9188 7
9189 7
9190 7
9191 7
9192 7
9193 7
9194 7
9195 7
9196 7
9197 7
9198 7
9199 7
9200 7
9201 7
9202 7
9203 7
9204 7
9205 7
9206 7
9207 7
9208 7
9209 7
9210 7
9211 7
9212 7
9213 7
9214 7
9215 7
9216 3
9217 3
9218 3
9219 3
9220 3
9221 3
9222 3
9223 3
9224 3
9225 3
9226 3
9227 3
9228 3
9229 3
9230 3
9231 3
9232 3
9233 3
9234 3
9235 3
9236 3
9237 3
9238 3
9239 3
9240 3
9241 3
9242 3
9243 3
9244 3
9245 3
9246 3
9247 3
9248 3
9249 3
9250 3
9251 3
9252 3
9253 3
9254 3
9255 3
9256 3
9257 3
9258 3
9259 3
9260 3
9261 3
9262 3
9263 3
9264 3
9265 3
9266 3
9267 3
9268 3
9269 3
9270 3
9271 3
9272 3
9273 3
9274 3
9275 3
9276 3
9277 3
9278 3
9279 3
9280 3
9281 3
9282 3
9283 3
9284 3
9285 3
9286 3
9287 3
9288 3
9289 3
9290 3
9291 3
9292 3
9293 3
9294 3
9295 3
9296 3
9297 3
9298 3
9299 3
9300 3
9301 3
9302 3
9303 3
9304 3
9305 3
9306 3
9307 3
9308 3
9309 3
9310 3
9311 3
9312 3
9313 3
9314 3
9315 3
9316 3
9317 3
9318 3
9319 3
9320 3
9321 3
9322 3
9323 3
9324 3
9325 3
9326 3
9327 3
9328 3
9329 3
9330 3
9331 3
9332 3
9333 3
9334 3
9335 3
9336 3
9337 3
9338 3
9339 3
9340 3
9341 3
9342 3
9343 3
9344 3
9345 3
9346 3
9347 3
9348 3
9349 3
9350 3
9351 3
9352 3
9353 3
9354 3
9355 3
9356 3
9357 3
9358 3
9359 3
9360 3
9361 3
9362 3
9363 3
9364 3
9365 3
9366 3
9367 3
9368 3
9369 3
9370 3
9371 3
9372 3
9373 3
9374 3
9375 3
9376 3
9377 3
9378 3
9379 3
9380 3
9381 3
9382 3
9383 3
9384 3
9385 3
9386 3
9387 3
9388 3
9389 3
9390 3
9391 3
9392 3
9393 3
9394 3
9395 3
9396 3
9397 3
9398 3
9399 3
9400 3
9401 3
9402 3
9403 3
9404 3
9405 3
9406 3
9407 3
9408 2
9409 2
9410 2
9411 2
9412 2
9413 2
9414 2
9415 2
9416 2
9417 2
9418 2
9419 2
9420 2
9421 2
9422 2
9423 2
9424 2
9425 2
9426 2
9427 2
9428 2
9429 2
9430 2
9431 2
9432 2
9433 2
9434 2
9435 2
9436 2
9437 2
9438 2
9439 2
9440 2
9441 2
9442 2
9443 2
9444 2
9445 2
9446 2
9447 2
9448 2
9449 2
9450 2
9451 2
9452 2
9453 2
9454 2
9455 2
9456 2
9457 2
9458 2
9459 2
9460 2
9461 2
9462 2
9463 2
9464 2
9465 2
9466 2
9467 2
9468 2
9469 2
9470 2
9471 2
9472 2
9473 2
9474 2
9475 2
9476 2
9477 2
9478 2
9479 2
9480 2
9481 2
9482 2
9483 2
9484 2
9485 2
9486 2
9487 2
9488 2
9489 2
9490 2
9491 2
9492 2
9493 2
9494 2
9495 2
9496 2
9497 2
9498 2
9499 2
9500 2
9501 2
9502 2
9503 2
9504 2
9505 2
9506 2
9507 2
9508 2
9509 2
9510 2
9511 2
9512 2
9513 2
9514 2
9515 2
9516 2
9517 2
9518 2
9519 2
9520 2
9521 2
9522 2
9523 2
9524 2
9525 2
9526 2
9527 2
9528 2
9529 2
9530 2
9531 2
9532 2
9533 2
9534 2
9535 2
9536 2
9537 2
9538 2
9539 2
9540 2
9541 2
9542 2
9543 2
9544 2
9545 2
9546 2
9547 2
9548 2
9549 2
9550 2
9551 2
9552 2
9553 2
9554 2
9555 2
9556 2
9557 2
9558 2
9559 2
9560 2
9561 2
9562 2
9563 2
9564 2
9565 2
9566 2
9567 2
9568 2
9569 2
9570 2
9571 2
9572 2
9573 2
9574 2
9575 2
9576 2
9577 2
9578 2
9579 2
9580 2
9581 2
9582 2
9583 2
9584 2
9585 2
9586 2
9587 2
9588 2
9589 2
9590 2
9591 2
9592 2
9593 2
9594 2
9595 2
9596 2
9597 2
9598 2
9599 2
9600 3
9601 3
9602 3
9603 3
9604 3
9605 3
9606 3
9607 3
9608 3
9609 3
9610 3
9611 3
9612 3
9613 3
9614 3
9615 3
9616 3
9617 3
9618 3
9619 3
9620 3
9621 3
9622 3
9623 3
9624 3
9625 3
9626 3
9627 3
9628 3
9629 3
9630 3
9631 3
9632 3
9633 3
9634 3
9635 3
9636 3
9637 3
9638 3
9639 3
9640 3
9641 3
9642 3
9643 3
9644 3
9645 3
9646 3
9647 3
9648 3
9649 3
9650 3
9651 3
9652 3
9653 3
9654 3
9655 3
9656 3
9657 3
9658 3
9659 3
9660 3
9661 3
9662 3
9663 3
9664 3
9665 3
9666 3
9667 3
9668 3
9669 3
9670 3
9671 3
9672 3
9673 3
9674 3
9675 3
9676 3
9677 3
9678 3
9679 3
9680 3
9681 3
9682 3
9683 3
9684 3
9685 3
9686 3
9687 3
9688 3
9689 3
9690 3
9691 3
9692 3
9693 3
9694 3
9695 3
9696 3
9697 3
9698 3
9699 3
9700 3
9701 3
9702 3
9703 3
9704 3
9705 3
9706 3
9707 3
9708 3
9709 3
9710 3
9711 3
9712 3
9713 3
9714 3
9715 3
9716 3
9717 3
9718 3
9719 3
9720 3
9721 3
9722 3
9723 3
9724 3
9725 3
9726 3
9727 3
9728 3
9729 3
9730 3
9731 3
9732 3
9733 3
9734 3
9735 3
9736 3
9737 3
9738 3
9739 3
9740 3
9741 3
9742 3
9743 3
9744 3
9745 3
9746 3
9747 3
9748 3
9749 3
9750 3
9751 3
9752 3
9753 3
9754 3
9755 3
9756 3
9757 3
9758 3
9759 3
9760 3
9761 3
9762 3
9763 3
9764 3
9765 3
9766 3
9767 3
9768 3
9769 3
9770 3
9771 3
9772 3
9773 3
9774 3
9775 3
9776 3
9777 3
9778 3
9779 3
9780 3
9781 3
9782 3
9783 3
9784 3
9785 3
9786 3
9787 3
9788 3
9789 3
9790 3
9791 3
9792 2
9793 2
9794 2
9795 2
9796 2
9797 2
9798 2
9799 2
9800 2
9801 2
9802 2
9803 2
9804 2
9805 2
9806 2
9807 2
9808 2
9809 2
9810 2
9811 2
9812 2
9813 2
9814 2
9815 2
9816 2
9817 2
9818 2
9819 2
9820 2
9821 2
9822 2
9823 2
9824 2
9825 2
9826 2
9827 2
9828 2
9829 2
9830 2
9831 2
9832 2
9833 2
9834 2
9835 2
9836 2
9837 2
9838 2
9839 2
9840 2
9841 2
9842 2
9843 2
9844 2
9845 2
9846 2
9847 2
9848 2
9849 2
9850 2
9851 2
9852 2
9853 2
9854 2
9855 2
9856 2
9857 2
9858 2
9859 2
9860 2
9861 2
9862 2
9863 2
9864 2
9865 2
9866 2
9867 2
9868 2
9869 2
9870 2
9871 2
9872 2
9873 2
9874 2
9875 2
9876 2
9877 2
9878 2
9879 2
9880 2
9881 2
9882 2
9883 2
9884 2
9885 2
9886 2
9887 2
9888 2
9889 2
9890 2
9891 2
9892 2
9893 2
9894 2
9895 2
9896 2
9897 2
9898 2
9899 2
9900 2
9901 2
9902 2
9903 2
9904 2
9905 2
9906 2
9907 2
9908 2
9909 2
9910 2
9911 2
9912 2
9913 2
9914 2
9915 2
9916 2
9917 2
9918 2
9919 2
9920 2
9921 2
9922 2
9923 2
9924 2
9925 2
9926 2
9927 2
9928 2
9929 2
9930 2
9931 2
9932 2
9933 2
9934 2
9935 2
9936 2
9937 2
9938 2
9939 2
9940 2
9941 2
9942 2
9943 2
9944 2
9945 2
9946 2
9947 2
9948 2
9949 2
9950 2
9951 2
9952 2
9953 2
9954 2
9955 2
9956 2
9957 2
9958 2
9959 2
9960 2
9961 2
9962 2
9963 2
9964 2
9965 2
9966 2
9967 2
9968 2
9969 2
9970 2
9971 2
9972 2
9973 2
9974 2
9975 2
9976 2
9977 2
9978 2
9979 2
9980 2
9981 2
9982 2
9983 2
9984 3
9985 3
9986 3
9987 3
9988 3
9989 3
9990 3
9991 3
9992 3
9993 3
9994 3
9995 3
9996 3
9997 3
9998 3
9999 3
10000 3
10001 3
10002 3
10003 3
10004 3
10005 3
10006 3
10007 3
10008 3
10009 3
10010 3
10011 3
10012 3
10013 3
10014 3
10015 3
10016 3
10017 3
10018 3
10019 3
10020 3
10021 3
10022 3
10023 3
10024 3
10025 3
10026 3
10027 3
10028 3
10029 3
10030 3
10031 3
10032 3
10033 3
10034 3
10035 3
10036 3
10037 3
10038 3
10039 3
10040 3
10041 3
10042 3
10043 3
10044 3
10045 3
10046 3
10047 3
10048 3
10049 3
10050 3
10051 3
10052 3
10053 3
10054 3
10055 3
10056 3
10057 3
10058 3
10059 3
10060 3
10061 3
10062 3
10063 3
10064 3
10065 3
10066 3
10067 3
10068 3
10069 3
10070 3
10071 3
10072 3
10073 3
10074 3
10075 3
10076 3
10077 3
10078 3
10079 3
10080 3
10081 3
10082 3
10083 3
10084 3
10085 3
10086 3
10087 3
10088 3
10089 3
10090 3
10091 3
10092 3
10093 3
10094 3
10095 3
10096 3
10097 3
10098 3
10099 3
10100 3
10101 3
10102 3
10103 3
10104 3
10105 3
10106 3
10107 3
10108 3
10109 3
10110 3
10111 3
10112 3
10113 3
10114 3
10115 3
10116 3
10117 3
10118 3
10119 3
10120 3
10121 3
10122 3
10123 3
10124 3
10125 3
10126 3
10127 3
10128 3
10129 3
10130 3
10131 3
10132 3
10133 3
10134 3
10135 3
10136 3
10137 3
10138 3
10139 3
10140 3
10141 3
10142 3
10143 3
10144 3
10145 3
10146 3
10147 3
10148 3
10149 3
10150 3
10151 3
10152 3
10153 3
10154 3
10155 3
10156 3
10157 3
10158 3
10159 3
10160 3
10161 3
10162 3
10163 3
10164 3
10165 3
10166 3
10167 3
10168 3
10169 3
10170 3
10171 3
10172 3
10173 3
10174 3
10175 3
10176 3
10177 3
10178 3
10179 3
10180 3
10181 3
10182 3
10183 3
10184 3
10185 3
10186 3
10187 3
10188 3
10189 3
10190 3
10191 3
10192 3
10193 3
10194 3
10195 3
10196 3
10197 3
10198 3
10199 3
10200 3
10201 3
10202 3
10203 3
10204 3
10205 3
10206 3
10207 3
10208 3
10209 3
10210 3
10211 3
10212 3
10213 3
10214 3
10215 3
10216 3
10217 3
10218 3
10219 3
10220 3
10221 3
10222 3
10223 3
10224 3
10225 3
10226 3
10227 3
10228 3
10229 3
10230 3
10231 3
10232 3
10233 3
10234 3
10235 3
10236 3
10237 3
10238 3
10239 3
10240 3
10241 3
10242 3
10243 3
10244 3
10245 3
10246 3
10247 3
10248 3
10249 3
10250 3
10251 3
10252 3
10253 3
10254 3
10255 3
10256 3
10257 3
10258 3
10259 3
10260 3
10261 3
10262 3
10263 3
10264 3
10265 3
10266 3
10267 3
10268 3
10269 3
10270 3
10271 3
10272 3
10273 3
10274 3
10275 3
10276 3
10277 3
10278 3
10279 3
10280 3
10281 3
10282 3
10283 3
10284 3
10285 3
10286 3
10287 3
10288 3
10289 3
10290 3
10291 3
10292 3
10293 3
10294 3
10295 3
10296 3
10297 3
10298 3
10299 3
10300 3
10301 3
10302 3
10303 3
10304 3
10305 3
10306 3
10307 3
10308 3
10309 3
10310 3
10311 3
10312 3
10313 3
10314 3
10315 3
10316 3
10317 3
10318 3
10319 3
10320 3
10321 3
10322 3
10323 3
10324 3
10325 3
10326 3
10327 3
10328 3
10329 3
10330 3
10331 3
10332 3
10333 3
10334 3
10335 3
10336 3
10337 3
10338 3
10339 3
10340 3
10341 3
10342 3
10343 3
10344 3
10345 3
10346 3
10347 3
10348 3
10349 3
10350 3
10351 3
10352 3
10353 3
10354 3
10355 3
10356 3
10357 3
10358 3
10359 3
10360 3
10361 3
10362 3
10363 3
10364 3
10365 3
10366 3
10367 3
10368 3
10369 3
10370 3
10371 3
10372 3
10373 3
10374 3
10375 3
10376 3
10377 3
10378 3
10379 3
10380 3
10381 3
10382 3
10383 3
10384 3
10385 3
10386 3
10387 3
10388 3
10389 3
10390 3
10391 3
10392 3
10393 3
10394 3
10395 3
10396 3
10397 3
10398 3
10399 3
10400 3
10401 3
10402 3
10403 3
10404 3
10405 3
10406 3
10407 3
10408 3
10409 3
10410 3
10411 3
10412 3
10413 3
10414 3
10415 3
10416 3
10417 3
10418 3
10419 3
10420 3
10421 3
10422 3
10423 3
10424 3
10425 3
10426 3
10427 3
10428 3
10429 3
10430 3
10431 3
10432 3
10433 3
10434 3
10435 3
10436 3
10437 3
10438 3
10439 3
10440 3
10441 3
10442 3
10443 3
10444 3
10445 3
10446 3
10447 3
10448 3
10449 3
10450 3
10451 3
10452 3
10453 3
10454 3
10455 3
10456 3
10457 3
10458 3
10459 3
10460 3
10461 3
10462 3
10463 3
10464 3
10465 3
10466 3
10467 3
10468 3
10469 3
10470 3
10471 3
10472 3
10473 3
10474 3
10475 3
10476 3
10477 3
10478 3
10479 3
10480 3
10481 3
10482 3
10483 3
10484 3
10485 3
10486 3
10487 3
10488 3
10489 3
10490 3
10491 3
10492 3
10493 3
10494 3
10495 3
10496 3
10497 3
10498 3
10499 3
10500 3
10501 3
10502 3
10503 3
10504 3
10505 3
10506 3
10507 3
10508 3
10509 3
10510 3
10511 3
10512 3
10513 3
10514 3
10515 3
10516 3
10517 3
10518 3
10519 3
10520 3
10521 3
10522 3
10523 3
10524 3
10525 3
10526 3
10527 3
10528 3
10529 3
10530 3
10531 3
10532 3
10533 3
10534 3
10535 3
10536 3
10537 3
10538 3
10539 3
10540 3
10541 3
10542 3
10543 3
10544 3
10545 3
10546 3
10547 3
10548 3
10549 3
10550 3
10551 3
10552 3
10553 3
10554 3
10555 3
10556 3
10557 3
10558 3
10559 3
10560 3
10561 3
10562 3
10563 3
10564 3
10565 3
10566 3
10567 3
10568 3
10569 3
10570 3
10571 3
10572 3
10573 3
10574 3
10575 3
10576 3
10577 3
10578 3
10579 3
10580 3
10581 3
10582 3
10583 3
10584 3
10585 3
10586 3
10587 3
10588 3
10589 3
10590 3
10591 3
10592 3
10593 3
10594 3
10595 3
10596 3
10597 3
10598 3
10599 3
10600 3
10601 3
10602 3
10603 3
10604 3
10605 3
10606 3
10607 3
10608 3
10609 3
10610 3
10611 3
10612 3
10613 3
10614 3
10615 3
10616 3
10617 3
10618 3
10619 3
10620 3
10621 3
10622 3
10623 3
10624 3
10625 3
10626 3
10627 3
10628 3
10629 3
10630 3
10631 3
10632 3
10633 3
10634 3
10635 3
10636 3
10637 3
10638 3
10639 3
10640 3
10641 3
10642 3
10643 3
10644 3
10645 3
10646 3
10647 3
10648 3
10649 3
10650 3
10651 3
10652 3
10653 3
10654 3
10655 3
10656 3
10657 3
10658 3
10659 3
10660 3
10661 3
10662 3
10663 3
10664 3
10665 3
10666 3
10667 3
10668 3
10669 3
10670 3
10671 3
10672 3
10673 3
10674 3
10675 3
10676 3
10677 3
10678 3
10679 3
10680 3
10681 3
10682 3
10683 3
10684 3
10685 3
10686 3
10687 3
10688 3
10689 3
10690 3
10691 3
10692 3
10693 3
10694 3
10695 3
10696 3
10697 3
10698 3
10699 3
10700 3
10701 3
10702 3
10703 3
10704 3
10705 3
10706 3
10707 3
10708 3
10709 3
10710 3
10711 3
10712 3
10713 3
10714 3
10715 3
10716 3
10717 3
10718 3
10719 3
10720 3
10721 3
10722 3
10723 3
10724 3
10725 3
10726 3
10727 3
10728 3
10729 3
10730 3
10731 3
10732 3
10733 3
10734 3
10735 3
10736 3
10737 3
10738 3
10739 3
10740 3
10741 3
10742 3
10743 3
10744 3
10745 3
10746 3
10747 3
10748 3
10749 3
10750 3
10751 3
10752 4
10753 4
10754 4
10755 4
10756 4
10757 4
10758 4
10759 4
10760 4
10761 4
10762 4
10763 4
10764 4
10765 4
10766 4
10767 4
10768 4
10769 4
10770 4
10771 4
10772 4
10773 4
10774 4
10775 4
10776 4
10777 4
10778 4
10779 4
10780 4
10781 4
10782 4
10783 4
10784 4
10785 4
10786 4
10787 4
10788 4
10789 4
10790 4
10791 4
10792 4
10793 4
10794 4
10795 4
10796 4
10797 4
10798 4
10799 4
10800 4
10801 4
10802 4
10803 4
10804 4
10805 4
10806 4
10807 4
10808 4
10809 4
10810 4
10811 4
10812 4
10813 4
10814 4
10815 4
10816 4
10817 4
10818 4
10819 4
10820 4
10821 4
10822 4
10823 4
10824 4
10825 4
10826 4
10827 4
10828 4
10829 4
10830 4
10831 4
10832 4
10833 4
10834 4
10835 4
10836 4
10837 4
10838 4
10839 4
10840 4
10841 4
10842 4
10843 4
10844 4
10845 4
10846 4
10847 4
10848 4
10849 4
10850 4
10851 4
10852 4
10853 4
10854 4
10855 4
10856 4
10857 4
10858 4
10859 4
10860 4
10861 4
10862 4
10863 4
10864 4
10865 4
10866 4
10867 4
10868 4
10869 4
10870 4
10871 4
10872 4
10873 4
10874 4
10875 4
10876 4
10877 4
10878 4
10879 4
10880 4
10881 4
10882 4
10883 4
10884 4
10885 4
10886 4
10887 4
10888 4
10889 4
10890 4
10891 4
10892 4
10893 4
10894 4
10895 4
10896 4
10897 4
10898 4
10899 4
10900 4
10901 4
10902 4
10903 4
10904 4
10905 4
10906 4
10907 4
10908 4
10909 4
10910 4
10911 4
10912 4
10913 4
10914 4
10915 4
10916 4
10917 4
10918 4
10919 4
10920 4
10921 4
10922 4
10923 4
10924 4
10925 4
10926 4
10927 4
10928 4
10929 4
10930 4
10931 4
10932 4
10933 4
10934 4
10935 4
10936 4
10937 4
10938 4
10939 4
10940 4
10941 4
10942 4
10943 4
10944 3
10945 3
10946 3
10947 3
10948 3
10949 3
10950 3
10951 3
10952 3
10953 3
10954 3
10955 3
10956 3
10957 3
10958 3
10959 3
10960 3
10961 3
10962 3
10963 3
10964 3
10965 3
10966 3
10967 3
10968 3
10969 3
10970 3
10971 3
10972 3
10973 3
10974 3
10975 3
10976 3
10977 3
10978 3
10979 3
10980 3
10981 3
10982 3
10983 3
10984 3
10985 3
10986 3
10987 3
10988 3
10989 3
10990 3
10991 3
10992 3
10993 3
10994 3
10995 3
10996 3
10997 3
10998 3
10999 3
11000 3
11001 3
11002 3
11003 3
11004 3
11005 3
11006 3
11007 3
11008 3
11009 3
11010 3
11011 3
11012 3
11013 3
11014 3
11015 3
11016 3
11017 3
11018 3
11019 3
11020 3
11021 3
11022 3
11023 3
11024 3
11025 3
11026 3
11027 3
11028 3
11029 3
11030 3
11031 3
11032 3
11033 3
11034 3
11035 3
11036 3
11037 3
11038 3
11039 3
11040 3
11041 3
11042 3
11043 3
11044 3
11045 3
11046 3
11047 3
11048 3
11049 3
11050 3
11051 3
11052 3
11053 3
11054 3
11055 3
11056 3
11057 3
11058 3
11059 3
11060 3
11061 3
11062 3
11063 3
11064 3
11065 3
11066 3
11067 3
11068 3
11069 3
11070 3
11071 3
11072 3
11073 3
11074 3
11075 3
11076 3
11077 3
11078 3
11079 3
11080 3
11081 3
11082 3
11083 3
11084 3
11085 3
11086 3
11087 3
11088 3
11089 3
11090 3
11091 3
11092 3
11093 3
11094 3
11095 3
11096 3
11097 3
11098 3
11099 3
11100 3
11101 3
11102 3
11103 3
11104 3
11105 3
11106 3
11107 3
11108 3
11109 3
11110 3
11111 3
11112 3
11113 3
11114 3
11115 3
11116 3
11117 3
11118 3
11119 3
11120 3
11121 3
11122 3
11123 3
11124 3
11125 3
11126 3
11127 3
11128 3
11129 3
11130 3
11131 3
11132 3
11133 3
11134 3
11135 3
11136 4
11137 4
11138 4
11139 4
11140 4
11141 4
11142 4
11143 4
11144 4
11145 4
11146 4
11147 4
11148 4
11149 4
11150 4
11151 4
11152 4
11153 4
11154 4
11155 4
11156 4
11157 4
11158 4
11159 4
11160 4
11161 4
11162 4
11163 4
11164 4
11165 4
11166 4
11167 4
11168 4
11169 4
11170 4
11171 4
11172 4
11173 4
11174 4
11175 4
11176 4
11177 4
11178 4
11179 4
11180 4
11181 4
11182 4
11183 4
11184 4
11185 4
11186 4
11187 4
11188 4
11189 4
11190 4
11191 4
11192 4
11193 4
11194 4
11195 4
11196 4
11197 4
11198 4
11199 4
11200 4
11201 4
11202 4
11203 4
11204 4
11205 4
11206 4
11207 4
11208 4
11209 4
11210 4
11211 4
11212 4
11213 4
11214 4
11215 4
11216 4
11217 4
11218 4
11219 4
11220 4
11221 4
11222 4
11223 4
11224 4
11225 4
11226 4
11227 4
11228 4
11229 4
11230 4
11231 4
11232 4
11233 4
11234 4
11235 4
11236 4
11237 4
11238 4
11239 4
11240 4
11241 4
11242 4
11243 4
11244 4
11245 4
11246 4
11247 4
11248 4
11249 4
11250 4
11251 4
11252 4
11253 4
11254 4
11255 4
11256 4
11257 4
11258 4
11259 4
11260 4
11261 4
11262 4
11263 4
11264 4
11265 4
11266 4
11267 4
11268 4
11269 4
11270 4
11271 4
11272 4
11273 4
11274 4
11275 4
11276 4
11277 4
11278 4
11279 4
11280 4
11281 4
11282 4
11283 4
11284 4
11285 4
11286 4
11287 4
11288 4
11289 4
11290 4
11291 4
11292 4
11293 4
11294 4
11295 4
11296 4
11297 4
11298 4
11299 4
11300 4
11301 4
11302 4
11303 4
11304 4
11305 4
11306 4
11307 4
11308 4
11309 4
11310 4
11311 4
11312 4
11313 4
11314 4
11315 4
11316 4
11317 4
11318 4
11319 4
11320 4
11321 4
11322 4
11323 4
11324 4
11325 4
11326 4
11327 4
11328 4
11329 4
11330 4
11331 4
11332 4
11333 4
11334 4
11335 4
11336 4
11337 4
11338 4
11339 4
11340 4
11341 4
11342 4
11343 4
11344 4
11345 4
11346 4
11347 4
11348 4
11349 4
11350 4
11351 4
11352 4
11353 4
11354 4
11355 4
11356 4
11357 4
11358 4
11359 4
11360 4
11361 4
11362 4
11363 4
11364 4
11365 4
11366 4
11367 4
11368 4
11369 4
11370 4
11371 4
11372 4
11373 4
11374 4
11375 4
11376 4
11377 4
11378 4
11379 4
11380 4
11381 4
11382 4
11383 4
11384 4
11385 4
11386 4
11387 4
11388 4
11389 4
11390 4
11391 4
11392 4
11393 4
11394 4
11395 4
11396 4
11397 4
11398 4
11399 4
11400 4
11401 4
11402 4
11403 4
11404 4
11405 4
11406 4
11407 4
11408 4
11409 4
11410 4
11411 4
11412 4
11413 4
11414 4
11415 4
11416 4
11417 4
11418 4
11419 4
11420 4
11421 4
11422 4
11423 4
11424 4
11425 4
11426 4
11427 4
11428 4
11429 4
11430 4
11431 4
11432 4
11433 4
11434 4
11435 4
11436 4
11437 4
11438 4
11439 4
11440 4
11441 4
11442 4
11443 4
11444 4
11445 4
11446 4
11447 4
11448 4
11449 4
11450 4
11451 4
11452 4
11453 4
11454 4
11455 4
11456 4
11457 4
11458 4
11459 4
11460 4
11461 4
11462 4
11463 4
11464 4
11465 4
11466 4
11467 4
11468 4
11469 4
11470 4
11471 4
11472 4
11473 4
11474 4
11475 4
11476 4
11477 4
11478 4
11479 4
11480 4
11481 4
11482 4
11483 4
11484 4
11485 4
11486 4
11487 4
11488 4
11489 4
11490 4
11491 4
11492 4
11493 4
11494 4
11495 4
11496 4
11497 4
11498 4
11499 4
11500 4
11501 4
11502 4
11503 4
11504 4
11505 4
11506 4
11507 4
11508 4
11509 4
11510 4
11511 4
11512 4
11513 4
11514 4
11515 4
11516 4
11517 4
11518 4
11519 4
11520 4
11521 4
11522 4
11523 4
11524 4
11525 4
11526 4
11527 4
11528 4
11529 4
11530 4
11531 4
11532 4
11533 4
11534 4
11535 4
11536 4
11537 4
11538 4
11539 4
11540 4
11541 4
11542 4
11543 4
11544 4
11545 4
11546 4
11547 4
11548 4
11549 4
11550 4
11551 4
11552 4
11553 4
11554 4
11555 4
11556 4
11557 4
11558 4
11559 4
11560 4
11561 4
11562 4
11563 4
11564 4
11565 4
11566 4
11567 4
11568 4
11569 4
11570 4
11571 4
11572 4
11573 4
11574 4
11575 4
11576 4
11577 4
11578 4
11579 4
11580 4
11581 4
11582 4
11583 4
11584 4
11585 4
11586 4
11587 4
11588 4
11589 4
11590 4
11591 4
11592 4
11593 4
11594 4
11595 4
11596 4
11597 4
11598 4
11599 4
11600 4
11601 4
11602 4
11603 4
11604 4
11605 4
11606 4
11607 4
11608 4
11609 4
11610 4
11611 4
11612 4
11613 4
11614 4
11615 4
11616 4
11617 4
11618 4
11619 4
11620 4
11621 4
11622 4
11623 4
11624 4
11625 4
11626 4
11627 4
11628 4
11629 4
11630 4
11631 4
11632 4
11633 4
11634 4
11635 4
11636 4
11637 4
11638 4
11639 4
11640 4
11641 4
11642 4
11643 4
11644 4
11645 4
11646 4
11647 4
11648 4
11649 4
11650 4
11651 4
11652 4
11653 4
11654 4
11655 4
11656 4
11657 4
11658 4
11659 4
11660 4
11661 4
11662 4
11663 4
11664 4
11665 4
11666 4
11667 4
11668 4
11669 4
11670 4
11671 4
11672 4
11673 4
11674 4
11675 4
11676 4
11677 4
11678 4
11679 4
11680 4
11681 4
11682 4
11683 4
11684 4
11685 4
11686 4
11687 4
11688 4
11689 4
11690 4
11691 4
11692 4
11693 4
11694 4
11695 4
11696 4
11697 4
11698 4
11699 4
11700 4
11701 4
11702 4
11703 4
11704 4
11705 4
11706 4
11707 4
11708 4
11709 4
11710 4
11711 4
11712 4
11713 4
11714 4
11715 4
11716 4
11717 4
11718 4
11719 4
11720 4
11721 4
11722 4
11723 4
11724 4
11725 4
11726 4
11727 4
11728 4
11729 4
11730 4
11731 4
11732 4
11733 4
11734 4
11735 4
11736 4
11737 4
11738 4
11739 4
11740 4
11741 4
11742 4
11743 4
11744 4
11745 4
11746 4
11747 4
11748 4
11749 4
11750 4
11751 4
11752 4
11753 4
11754 4
11755 4
11756 4
11757 4
11758 4
11759 4
11760 4
11761 4
11762 4
11763 4
11764 4
11765 4
11766 4
11767 4
11768 4
11769 4
11770 4
11771 4
11772 4
11773 4
11774 4
11775 4
11776 4
11777 4
11778 4
11779 4
11780 4
11781 4
11782 4
11783 4
11784 4
11785 4
11786 4
11787 4
11788 4
11789 4
11790 4
11791 4
11792 4
11793 4
11794 4
11795 4
11796 4
11797 4
11798 4
11799 4
11800 4
11801 4
11802 4
11803 4
11804 4
11805 4
11806 4
11807 4
11808 4
11809 4
11810 4
11811 4
11812 4
11813 4
11814 4
11815 4
11816 4
11817 4
11818 4
11819 4
11820 4
11821 4
11822 4
11823 4
11824 4
11825 4
11826 4
11827 4
11828 4
11829 4
11830 4
11831 4
11832 4
11833 4
11834 4
11835 4
11836 4
11837 4
11838 4
11839 4
11840 4
11841 4
11842 4
11843 4
11844 4
11845 4
11846 4
11847 4
11848 4
11849 4
11850 4
11851 4
11852 4
11853 4
11854 4
11855 4
11856 4
11857 4
11858 4
11859 4
11860 4
11861 4
11862 4
11863 4
11864 4
11865 4
11866 4
11867 4
11868 4
11869 4
11870 4
11871 4
11872 4
11873 4
11874 4
11875 4
11876 4
11877 4
11878 4
11879 4
11880 4
11881 4
11882 4
11883 4
11884 4
11885 4
11886 4
11887 4
11888 4
11889 4
11890 4
11891 4
11892 4
11893 4
11894 4
11895 4
11896 4
11897 4
11898 4
11899 4
11900 4
11901 4
11902 4
11903 4
11904 4
11905 4
11906 4
11907 4
11908 4
11909 4
11910 4
11911 4
11912 4
11913 4
11914 4
11915 4
11916 4
11917 4
11918 4
11919 4
11920 4
11921 4
11922 4
11923 4
11924 4
11925 4
11926 4
11927 4
11928 4
11929 4
11930 4
11931 4
11932 4
11933 4
11934 4
11935 4
11936 4
11937 4
11938 4
11939 4
11940 4
11941 4
11942 4
11943 4
11944 4
11945 4
11946 4
11947 4
11948 4
11949 4
11950 4
11951 4
11952 4
11953 4
11954 4
11955 4
11956 4
11957 4
11958 4
11959 4
11960 4
11961 4
11962 4
11963 4
11964 4
11965 4
11966 4
11967 4
11968 4
11969 4
11970 4
11971 4
11972 4
11973 4
11974 4
11975 4
11976 4
11977 4
11978 4
11979 4
11980 4
11981 4
11982 4
11983 4
11984 4
11985 4
11986 4
11987 4
11988 4
11989 4
11990 4
11991 4
11992 4
11993 4
11994 4
11995 4
11996 4
11997 4
11998 4
11999 4
12000 4
12001 4
12002 4
12003 4
12004 4
12005 4
12006 4
12007 4
12008 4
12009 4
12010 4
12011 4
12012 4
12013 4
12014 4
12015 4
12016 4
12017 4
12018 4
12019 4
12020 4
12021 4
12022 4
12023 4
12024 4
12025 4
12026 4
12027 4
12028 4
12029 4
12030 4
12031 4
12032 4
12033 4
12034 4
12035 4
12036 4
12037 4
12038 4
12039 4
12040 4
12041 4
12042 4
12043 4
12044 4
12045 4
12046 4
12047 4
12048 4
12049 4
12050 4
12051 4
12052 4
12053 4
12054 4
12055 4
12056 4
12057 4
12058 4
12059 4
12060 4
12061 4
12062 4
12063 4
12064 4
12065 4
12066 4
12067 4
12068 4
12069 4
12070 4
12071 4
12072 4
12073 4
12074 4
12075 4
12076 4
12077 4
12078 4
12079 4
12080 4
12081 4
12082 4
12083 4
12084 4
12085 4
12086 4
12087 4
12088 4
12089 4
12090 4
12091 4
12092 4
12093 4
12094 4
12095 4
12096 4
12097 4
12098 4
12099 4
12100 4
12101 4
12102 4
12103 4
12104 4
12105 4
12106 4
12107 4
12108 4
12109 4
12110 4
12111 4
12112 4
12113 4
12114 4
12115 4
12116 4
12117 4
12118 4
12119 4
12120 4
12121 4
12122 4
12123 4
12124 4
12125 4
12126 4
12127 4
12128 4
12129 4
12130 4
12131 4
12132 4
12133 4
12134 4
12135 4
12136 4
12137 4
12138 4
12139 4
12140 4
12141 4
12142 4
12143 4
12144 4
12145 4
12146 4
12147 4
12148 4
12149 4
12150 4
12151 4
12152 4
12153 4
12154 4
12155 4
12156 4
12157 4
12158 4
12159 4
12160 4
12161 4
12162 4
12163 4
12164 4
12165 4
12166 4
12167 4
12168 4
12169 4
12170 4
12171 4
12172 4
12173 4
12174 4
12175 4
12176 4
12177 4
12178 4
12179 4
12180 4
12181 4
12182 4
12183 4
12184 4
12185 4
12186 4
12187 4
12188 4
12189 4
12190 4
12191 4
12192 4
12193 4
12194 4
12195 4
12196 4
12197 4
12198 4
12199 4
12200 4
12201 4
12202 4
12203 4
12204 4
12205 4
12206 4
12207 4
12208 4
12209 4
12210 4
12211 4
12212 4
12213 4
12214 4
12215 4
12216 4
12217 4
12218 4
12219 4
12220 4
12221 4
12222 4
12223 4
12224 4
12225 4
12226 4
12227 4
12228 4
12229 4
12230 4
12231 4
12232 4
12233 4
12234 4
12235 4
12236 4
12237 4
12238 4
12239 4
12240 4
12241 4
12242 4
12243 4
12244 4
12245 4
12246 4
12247 4
12248 4
12249 4
12250 4
12251 4
12252 4
12253 4
12254 4
12255 4
12256 4
12257 4
12258 4
12259 4
12260 4
12261 4
12262 4
12263 4
12264 4
12265 4
12266 4
12267 4
12268 4
12269 4
12270 4
12271 4
12272 4
12273 4
12274 4
12275 4
12276 4
12277 4
12278 4
12279 4
12280 4
12281 4
12282 4
12283 4
12284 4
12285 4
12286 4
12287 4
12288 3
12289 3
12290 3
12291 3
12292 3
12293 3
12294 3
12295 3
12296 3
12297 3
12298 3
12299 3
12300 3
12301 3
12302 3
12303 3
12304 3
12305 3
12306 3
12307 3
12308 3
12309 3
12310 3
12311 3
12312 3
12313 3
12314 3
12315 3
12316 3
12317 3
12318 3
12319 3
12320 3
12321 3
12322 3
12323 3
12324 3
12325 3
12326 3
12327 3
12328 3
12329 3
12330 3
12331 3
12332 3
12333 3
12334 3
12335 3
12336 3
12337 3
12338 3
12339 3
12340 3
12341 3
12342 3
12343 3
12344 3
12345 3
12346 3
12347 3
12348 3
12349 3
12350 3
12351 3
12352 3
12353 3
12354 3
12355 3
12356 3
12357 3
12358 3
12359 3
12360 3
12361 3
12362 3
12363 3
12364 3
12365 3
12366 3
12367 3
12368 3
12369 3
12370 3
12371 3
12372 3
12373 3
12374 3
12375 3
12376 3
12377 3
12378 3
12379 3
12380 3
12381 3
12382 3
12383 3
12384 3
12385 3
12386 3
12387 3
12388 3
12389 3
12390 3
12391 3
12392 3
12393 3
12394 3
12395 3
12396 3
12397 3
12398 3
12399 3
12400 3
12401 3
12402 3
12403 3
12404 3
12405 3
12406 3
12407 3
12408 3
12409 3
12410 3
12411 3
12412 3
12413 3
12414 3
12415 3
12416 3
12417 3
12418 3
12419 3
12420 3
12421 3
12422 3
12423 3
12424 3
12425 3
12426 3
12427 3
12428 3
12429 3
12430 3
12431 3
12432 3
12433 3
12434 3
12435 3
12436 3
12437 3
12438 3
12439 3
12440 3
12441 3
12442 3
12443 3
12444 3
12445 3
12446 3
12447 3
12448 3
12449 3
12450 3
12451 3
12452 3
12453 3
12454 3
12455 3
12456 3
12457 3
12458 3
12459 3
12460 3
12461 3
12462 3
12463 3
12464 3
12465 3
12466 3
12467 3
12468 3
12469 3
12470 3
12471 3
12472 3
12473 3
12474 3
12475 3
12476 3
12477 3
12478 3
12479 3
12480 3
12481 3
12482 3
12483 3
12484 3
12485 3
12486 3
12487 3
12488 3
12489 3
12490 3
12491 3
12492 3
12493 3
12494 3
12495 3
12496 3
12497 3
12498 3
12499 3
12500 3
12501 3
12502 3
12503 3
12504 3
12505 3
12506 3
12507 3
12508 3
12509 3
12510 3
12511 3
12512 3
12513 3
12514 3
12515 3
12516 3
12517 3
12518 3
12519 3
12520 3
12521 3
12522 3
12523 3
12524 3
12525 3
12526 3
12527 3
12528 3
12529 3
12530 3
12531 3
12532 3
12533 3
12534 3
12535 3
12536 3
12537 3
12538 3
12539 3
12540 3
12541 3
12542 3
12543 3
12544 3
12545 3
12546 3
12547 3
12548 3
12549 3
12550 3
12551 3
12552 3
12553 3
12554 3
12555 3
12556 3
12557 3
12558 3
12559 3
12560 3
12561 3
12562 3
12563 3
12564 3
12565 3
12566 3
12567 3
12568 3
12569 3
12570 3
12571 3
12572 3
12573 3
12574 3
12575 3
12576 3
12577 3
12578 3
12579 3
12580 3
12581 3
12582 3
12583 3
12584 3
12585 3
12586 3
12587 3
12588 3
12589 3
12590 3
12591 3
12592 3
12593 3
12594 3
12595 3
12596 3
12597 3
12598 3
12599 3
12600 3
12601 3
12602 3
12603 3
12604 3
12605 3
12606 3
12607 3
12608 3
12609 3
12610 3
12611 3
12612 3
12613 3
12614 3
12615 3
12616 3
12617 3
12618 3
12619 3
12620 3
12621 3
12622 3
12623 3
12624 3
12625 3
12626 3
12627 3
12628 3
12629 3
12630 3
12631 3
12632 3
12633 3
12634 3
12635 3
12636 3
12637 3
12638 3
12639 3
12640 3
12641 3
12642 3
12643 3
12644 3
12645 3
12646 3
12647 3
12648 3
12649 3
12650 3
12651 3
12652 3
12653 3
12654 3
12655 3
12656 3
12657 3
12658 3
12659 3
12660 3
12661 3
12662 3
12663 3
12664 3
12665 3
12666 3
12667 3
12668 3
12669 3
12670 3
12671 3
12672 4
12673 4
12674 4
12675 4
12676 4
12677 4
12678 4
12679 4
12680 4
12681 4
12682 4
12683 4
12684 4
12685 4
12686 4
12687 4
12688 4
12689 4
12690 4
12691 4
12692 4
12693 4
12694 4
12695 4
12696 4
12697 4
12698 4
12699 4
12700 4
12701 4
12702 4
12703 4
12704 4
12705 4
12706 4
12707 4
12708 4
12709 4
12710 4
12711 4
12712 4
12713 4
12714 4
12715 4
12716 4
12717 4
12718 4
12719 4
12720 4
12721 4
12722 4
12723 4
12724 4
12725 4
12726 4
12727 4
12728 4
12729 4
12730 4
12731 4
12732 4
12733 4
12734 4
12735 4
12736 4
12737 4
12738 4
12739 4
12740 4
12741 4
12742 4
12743 4
12744 4
12745 4
12746 4
12747 4
12748 4
12749 4
12750 4
12751 4
12752 4
12753 4
12754 4
12755 4
12756 4
12757 4
12758 4
12759 4
12760 4
12761 4
12762 4
12763 4
12764 4
12765 4
12766 4
12767 4
12768 4
12769 4
12770 4
12771 4
12772 4
12773 4
12774 4
12775 4
12776 4
12777 4
12778 4
12779 4
12780 4
12781 4
12782 4
12783 4
12784 4
12785 4
12786 4
12787 4
12788 4
12789 4
12790 4
12791 4
12792 4
12793 4
12794 4
12795 4
12796 4
12797 4
12798 4
12799 4
12800 4
12801 4
12802 4
12803 4
12804 4
12805 4
12806 4
12807 4
12808 4
12809 4
12810 4
12811 4
12812 4
12813 4
12814 4
12815 4
12816 4
12817 4
12818 4
12819 4
12820 4
12821 4
12822 4
12823 4
12824 4
12825 4
12826 4
12827 4
12828 4
12829 4
12830 4
12831 4
12832 4
12833 4
12834 4
12835 4
12836 4
12837 4
12838 4
12839 4
12840 4
12841 4
12842 4
12843 4
12844 4
12845 4
12846 4
12847 4
12848 4
12849 4
12850 4
12851 4
12852 4
12853 4
12854 4
12855 4
12856 4
12857 4
12858 4
12859 4
12860 4
12861 4
12862 4
12863 4
12864 4
12865 4
12866 4
12867 4
12868 4
12869 4
12870 4
12871 4
12872 4
12873 4
12874 4
12875 4
12876 4
12877 4
12878 4
12879 4
12880 4
12881 4
12882 4
12883 4
12884 4
12885 4
12886 4
12887 4
12888 4
12889 4
12890 4
12891 4
12892 4
12893 4
12894 4
12895 4
12896 4
12897 4
12898 4
12899 4
12900 4
12901 4
12902 4
12903 4
12904 4
12905 4
12906 4
12907 4
12908 4
12909 4
12910 4
12911 4
12912 4
12913 4
12914 4
12915 4
12916 4
12917 4
12918 4
12919 4
12920 4
12921 4
12922 4
12923 4
12924 4
12925 4
12926 4
12927 4
12928 4
12929 4
12930 4
12931 4
12932 4
12933 4
12934 4
12935 4
12936 4
12937 4
12938 4
12939 4
12940 4
12941 4
12942 4
12943 4
12944 4
12945 4
12946 4
12947 4
12948 4
12949 4
12950 4
12951 4
12952 4
12953 4
12954 4
12955 4
12956 4
12957 4
12958 4
12959 4
12960 4
12961 4
12962 4
12963 4
12964 4
12965 4
12966 4
12967 4
12968 4
12969 4
12970 4
12971 4
12972 4
12973 4
12974 4
12975 4
12976 4
12977 4
12978 4
12979 4
12980 4
12981 4
12982 4
12983 4
12984 4
12985 4
12986 4
12987 4
12988 4
12989 4
12990 4
12991 4
12992 4
12993 4
12994 4
12995 4
12996 4
12997 4
12998 4
12999 4
13000 4
13001 4
13002 4
13003 4
13004 4
13005 4
13006 4
13007 4
13008 4
13009 4
13010 4
13011 4
13012 4
13013 4
13014 4
13015 4
13016 4
13017 4
13018 4
13019 4
13020 4
13021 4
13022 4
13023 4
13024 4
13025 4
13026 4
13027 4
13028 4
13029 4
13030 4
13031 4
13032 4
13033 4
13034 4
13035 4
13036 4
13037 4
13038 4
13039 4
13040 4
13041 4
13042 4
13043 4
13044 4
13045 4
13046 4
13047 4
13048 4
13049 4
13050 4
13051 4
13052 4
13053 4
13054 4
13055 4
13056 4
13057 4
13058 4
13059 4
13060 4
13061 4
13062 4
13063 4
13064 4
13065 4
13066 4
13067 4
13068 4
13069 4
13070 4
13071 4
13072 4
13073 4
13074 4
13075 4
13076 4
13077 4
13078 4
13079 4
13080 4
13081 4
13082 4
13083 4
13084 4
13085 4
13086 4
13087 4
13088 4
13089 4
13090 4
13091 4
13092 4
13093 4
13094 4
13095 4
13096 4
13097 4
13098 4
13099 4
13100 4
13101 4
13102 4
13103 4
13104 4
13105 4
13106 4
13107 4
13108 4
13109 4
13110 4
13111 4
13112 4
13113 4
13114 4
13115 4
13116 4
13117 4
13118 4
13119 4
13120 4
13121 4
13122 4
13123 4
13124 4
13125 4
13126 4
13127 4
13128 4
13129 4
13130 4
13131 4
13132 4
13133 4
13134 4
13135 4
13136 4
13137 4
13138 4
13139 4
13140 4
13141 4
13142 4
13143 4
13144 4
13145 4
13146 4
13147 4
13148 4
13149 4
13150 4
13151 4
13152 4
13153 4
13154 4
13155 4
13156 4
13157 4
13158 4
13159 4
13160 4
13161 4
13162 4
13163 4
13164 4
13165 4
13166 4
13167 4
13168 4
13169 4
13170 4
13171 4
13172 4
13173 4
13174 4
13175 4
13176 4
13177 4
13178 4
13179 4
13180 4
13181 4
13182 4
13183 4
13184 4
13185 4
13186 4
13187 4
13188 4
13189 4
13190 4
13191 4
13192 4
13193 4
13194 4
13195 4
13196 4
13197 4
13198 4
13199 4
13200 4
13201 4
13202 4
13203 4
13204 4
13205 4
13206 4
13207 4
13208 4
13209 4
13210 4
13211 4
13212 4
13213 4
13214 4
13215 4
13216 4
13217 4
13218 4
13219 4
13220 4
13221 4
13222 4
13223 4
13224 4
13225 4
13226 4
13227 4
13228 4
13229 4
13230 4
13231 4
13232 4
13233 4
13234 4
13235 4
13236 4
13237 4
13238 4
13239 4
13240 4
13241 4
13242 4
13243 4
13244 4
13245 4
13246 4
13247 4
13248 4
13249 4
13250 4
13251 4
13252 4
13253 4
13254 4
13255 4
13256 4
13257 4
13258 4
13259 4
13260 4
13261 4
13262 4
13263 4
13264 4
13265 4
13266 4
13267 4
13268 4
13269 4
13270 4
13271 4
13272 4
13273 4
13274 4
13275 4
13276 4
13277 4
13278 4
13279 4
13280 4
13281 4
13282 4
13283 4
13284 4
13285 4
13286 4
13287 4
13288 4
13289 4
13290 4
13291 4
13292 4
13293 4
13294 4
13295 4
13296 4
13297 4
13298 4
13299 4
13300 4
13301 4
13302 4
13303 4
13304 4
13305 4
13306 4
13307 4
13308 4
13309 4
13310 4
13311 4
13312 4
13313 4
13314 4
13315 4
13316 4
13317 4
13318 4
13319 4
13320 4
13321 4
13322 4
13323 4
13324 4
13325 4
13326 4
13327 4
13328 4
13329 4
13330 4
13331 4
13332 4
13333 4
13334 4
13335 4
13336 4
13337 4
13338 4
13339 4
13340 4
13341 4
13342 4
13343 4
13344 4
13345 4
13346 4
13347 4
13348 4
13349 4
13350 4
13351 4
13352 4
13353 4
13354 4
13355 4
13356 4
13357 4
13358 4
13359 4
13360 4
13361 4
13362 4
13363 4
13364 4
13365 4
13366 4
13367 4
13368 4
13369 4
13370 4
13371 4
13372 4
13373 4
13374 4
13375 4
13376 4
13377 4
13378 4
13379 4
13380 4
13381 4
13382 4
13383 4
13384 4
13385 4
13386 4
13387 4
13388 4
13389 4
13390 4
13391 4
13392 4
13393 4
13394 4
13395 4
13396 4
13397 4
13398 4
13399 4
13400 4
13401 4
13402 4
13403 4
13404 4
13405 4
13406 4
13407 4
13408 4
13409 4
13410 4
13411 4
13412 4
13413 4
13414 4
13415 4
13416 4
13417 4
13418 4
13419 4
13420 4
13421 4
13422 4
13423 4
13424 4
13425 4
13426 4
13427 4
13428 4
13429 4
13430 4
13431 4
13432 4
13433 4
13434 4
13435 4
13436 4
13437 4
13438 4
13439 4
13440 4
13441 4
13442 4
13443 4
13444 4
13445 4
13446 4
13447 4
13448 4
13449 4
13450 4
13451 4
13452 4
13453 4
13454 4
13455 4
13456 4
13457 4
13458 4
13459 4
13460 4
13461 4
13462 4
13463 4
13464 4
13465 4
13466 4
13467 4
13468 4
13469 4
13470 4
13471 4
13472 4
13473 4
13474 4
13475 4
13476 4
13477 4
13478 4
13479 4
13480 4
13481 4
13482 4
13483 4
13484 4
13485 4
13486 4
13487 4
13488 4
13489 4
13490 4
13491 4
13492 4
13493 4
13494 4
13495 4
13496 4
13497 4
13498 4
13499 4
13500 4
13501 4
13502 4
13503 4
13504 4
13505 4
13506 4
13507 4
13508 4
13509 4
13510 4
13511 4
13512 4
13513 4
13514 4
13515 4
13516 4
13517 4
13518 4
13519 4
13520 4
13521 4
13522 4
13523 4
13524 4
13525 4
13526 4
13527 4
13528 4
13529 4
13530 4
13531 4
13532 4
13533 4
13534 4
13535 4
13536 4
13537 4
13538 4
13539 4
13540 4
13541 4
13542 4
13543 4
13544 4
13545 4
13546 4
13547 4
13548 4
13549 4
13550 4
13551 4
13552 4
13553 4
13554 4
13555 4
13556 4
13557 4
13558 4
13559 4
13560 4
13561 4
13562 4
13563 4
13564 4
13565 4
13566 4
13567 4
13568 4
13569 4
13570 4
13571 4
13572 4
13573 4
13574 4
13575 4
13576 4
13577 4
13578 4
13579 4
13580 4
13581 4
13582 4
13583 4
13584 4
13585 4
13586 4
13587 4
13588 4
13589 4
13590 4
13591 4
13592 4
13593 4
13594 4
13595 4
13596 4
13597 4
13598 4
13599 4
13600 4
13601 4
13602 4
13603 4
13604 4
13605 4
13606 4
13607 4
13608 4
13609 4
13610 4
13611 4
13612 4
13613 4
13614 4
13615 4
13616 4
13617 4
13618 4
13619 4
13620 4
13621 4
13622 4
13623 4
13624 4
13625 4
13626 4
13627 4
13628 4
13629 4
13630 4
13631 4
13632 4
13633 4
13634 4
13635 4
13636 4
13637 4
13638 4
13639 4
13640 4
13641 4
13642 4
13643 4
13644 4
13645 4
13646 4
13647 4
13648 4
13649 4
13650 4
13651 4
13652 4
13653 4
13654 4
13655 4
13656 4
13657 4
13658 4
13659 4
13660 4
13661 4
13662 4
13663 4
13664 4
13665 4
13666 4
13667 4
13668 4
13669 4
13670 4
13671 4
13672 4
13673 4
13674 4
13675 4
13676 4
13677 4
13678 4
13679 4
13680 4
13681 4
13682 4
13683 4
13684 4
13685 4
13686 4
13687 4
13688 4
13689 4
13690 4
13691 4
13692 4
13693 4
13694 4
13695 4
13696 4
13697 4
13698 4
13699 4
13700 4
13701 4
13702 4
13703 4
13704 4
13705 4
13706 4
13707 4
13708 4
13709 4
13710 4
13711 4
13712 4
13713 4
13714 4
13715 4
13716 4
13717 4
13718 4
13719 4
13720 4
13721 4
13722 4
13723 4
13724 4
13725 4
13726 4
13727 4
13728 4
13729 4
13730 4
13731 4
13732 4
13733 4
13734 4
13735 4
13736 4
13737 4
13738 4
13739 4
13740 4
13741 4
13742 4
13743 4
13744 4
13745 4
13746 4
13747 4
13748 4
13749 4
13750 4
13751 4
13752 4
13753 4
13754 4
13755 4
13756 4
13757 4
13758 4
13759 4
13760 4
13761 4
13762 4
13763 4
13764 4
13765 4
13766 4
13767 4
13768 4
13769 4
13770 4
13771 4
13772 4
13773 4
13774 4
13775 4
13776 4
13777 4
13778 4
13779 4
13780 4
13781 4
13782 4
13783 4
13784 4
13785 4
13786 4
13787 4
13788 4
13789 4
13790 4
13791 4
13792 4
13793 4
13794 4
13795 4
13796 4
13797 4
13798 4
13799 4
13800 4
13801 4
13802 4
13803 4
13804 4
13805 4
13806 4
13807 4
13808 4
13809 4
13810 4
13811 4
13812 4
13813 4
13814 4
13815 4
13816 4
13817 4
13818 4
13819 4
13820 4
13821 4
13822 4
13823 4
13824 5
13825 5
13826 5
13827 5
13828 5
13829 5
13830 5
13831 5
13832 5
13833 5
13834 5
13835 5
13836 5
13837 5
13838 5
13839 5
13840 5
13841 5
13842 5
13843 5
13844 5
13845 5
13846 5
13847 5
13848 5
13849 5
13850 5
13851 5
13852 5
13853 5
13854 5
13855 5
13856 5
13857 5
13858 5
13859 5
13860 5
13861 5
13862 5
13863 5
13864 5
13865 5
13866 5
13867 5
13868 5
13869 5
13870 5
13871 5
13872 5
13873 5
13874 5
13875 5
13876 5
13877 5
13878 5
13879 5
13880 5
13881 5
13882 5
13883 5
13884 5
13885 5
13886 5
13887 5
13888 5
13889 5
13890 5
13891 5
13892 5
13893 5
13894 5
13895 5
13896 5
13897 5
13898 5
13899 5
13900 5
13901 5
13902 5
13903 5
13904 5
13905 5
13906 5
13907 5
13908 5
13909 5
13910 5
13911 5
13912 5
13913 5
13914 5
13915 5
13916 5
13917 5
13918 5
13919 5
13920 5
13921 5
13922 5
13923 5
13924 5
13925 5
13926 5
13927 5
13928 5
13929 5
13930 5
13931 5
13932 5
13933 5
13934 5
13935 5
13936 5
13937 5
13938 5
13939 5
13940 5
13941 5
13942 5
13943 5
13944 5
13945 5
13946 5
13947 5
13948 5
13949 5
13950 5
13951 5
13952 5
13953 5
13954 5
13955 5
13956 5
13957 5
13958 5
13959 5
13960 5
13961 5
13962 5
13963 5
13964 5
13965 5
13966 5
13967 5
13968 5
13969 5
13970 5
13971 5
13972 5
13973 5
13974 5
13975 5
13976 5
13977 5
13978 5
13979 5
13980 5
13981 5
13982 5
13983 5
13984 5
13985 5
13986 5
13987 5
13988 5
13989 5
13990 5
13991 5
13992 5
13993 5
13994 5
13995 5
13996 5
13997 5
13998 5
13999 5
14000 5
14001 5
14002 5
14003 5
14004 5
14005 5
14006 5
14007 5
14008 5
14009 5
14010 5
14011 5
14012 5
14013 5
14014 5
14015 5
14016 5
14017 5
14018 5
14019 5
14020 5
14021 5
14022 5
14023 5
14024 5
14025 5
14026 5
14027 5
14028 5
14029 5
14030 5
14031 5
14032 5
14033 5
14034 5
14035 5
14036 5
14037 5
14038 5
14039 5
14040 5
14041 5
14042 5
14043 5
14044 5
14045 5
14046 5
14047 5
14048 5
14049 5
14050 5
14051 5
14052 5
14053 5
14054 5
14055 5
14056 5
14057 5
14058 5
14059 5
14060 5
14061 5
14062 5
14063 5
14064 5
14065 5
14066 5
14067 5
14068 5
14069 5
14070 5
14071 5
14072 5
14073 5
14074 5
14075 5
14076 5
14077 5
14078 5
14079 5
14080 5
14081 5
14082 5
14083 5
14084 5
14085 5
14086 5
14087 5
14088 5
14089 5
14090 5
14091 5
14092 5
14093 5
14094 5
14095 5
14096 5
14097 5
14098 5
14099 5
14100 5
14101 5
14102 5
14103 5
14104 5
14105 5
14106 5
14107 5
14108 5
14109 5
14110 5
14111 5
14112 5
14113 5
14114 5
14115 5
14116 5
14117 5
14118 5
14119 5
14120 5
14121 5
14122 5
14123 5
14124 5
14125 5
14126 5
14127 5
14128 5
14129 5
14130 5
14131 5
14132 5
14133 5
14134 5
14135 5
14136 5
14137 5
14138 5
14139 5
14140 5
14141 5
14142 5
14143 5
14144 5
14145 5
14146 5
14147 5
14148 5
14149 5
14150 5
14151 5
14152 5
14153 5
14154 5
14155 5
14156 5
14157 5
14158 5
14159 5
14160 5
14161 5
14162 5
14163 5
14164 5
14165 5
14166 5
14167 5
14168 5
14169 5
14170 5
14171 5
14172 5
14173 5
14174 5
14175 5
14176 5
14177 5
14178 5
14179 5
14180 5
14181 5
14182 5
14183 5
14184 5
14185 5
14186 5
14187 5
14188 5
14189 5
14190 5
14191 5
14192 5
14193 5
14194 5
14195 5
14196 5
14197 5
14198 5
14199 5
14200 5
14201 5
14202 5
14203 5
14204 5
14205 5
14206 5
14207 5
14208 5
14209 5
14210 5
14211 5
14212 5
14213 5
14214 5
14215 5
14216 5
14217 5
14218 5
14219 5
14220 5
14221 5
14222 5
14223 5
14224 5
14225 5
14226 5
14227 5
14228 5
14229 5
14230 5
14231 5
14232 5
14233 5
14234 5
14235 5
14236 5
14237 5
14238 5
14239 5
14240 5
14241 5
14242 5
14243 5
14244 5
14245 5
14246 5
14247 5
14248 5
14249 5
14250 5
14251 5
14252 5
14253 5
14254 5
14255 5
14256 5
14257 5
14258 5
14259 5
14260 5
14261 5
14262 5
14263 5
14264 5
14265 5
14266 5
14267 5
14268 5
14269 5
14270 5
14271 5
14272 5
14273 5
14274 5
14275 5
14276 5
14277 5
14278 5
14279 5
14280 5
14281 5
14282 5
14283 5
14284 5
14285 5
14286 5
14287 5
14288 5
14289 5
14290 5
14291 5
14292 5
14293 5
14294 5
14295 5
14296 5
14297 5
14298 5
14299 5
14300 5
14301 5
14302 5
14303 5
14304 5
14305 5
14306 5
14307 5
14308 5
14309 5
14310 5
14311 5
14312 5
14313 5
14314 5
14315 5
14316 5
14317 5
14318 5
14319 5
14320 5
14321 5
14322 5
14323 5
14324 5
14325 5
14326 5
14327 5
14328 5
14329 5
14330 5
14331 5
14332 5
14333 5
14334 5
14335 5
14336 5
14337 5
14338 5
14339 5
14340 5
14341 5
14342 5
14343 5
14344 5
14345 5
14346 5
14347 5
14348 5
14349 5
14350 5
14351 5
14352 5
14353 5
14354 5
14355 5
14356 5
14357 5
14358 5
14359 5
14360 5
14361 5
14362 5
14363 5
14364 5
14365 5
14366 5
14367 5
14368 5
14369 5
14370 5
14371 5
14372 5
14373 5
14374 5
14375 5
14376 5
14377 5
14378 5
14379 5
14380 5
14381 5
14382 5
14383 5
14384 5
14385 5
14386 5
14387 5
14388 5
14389 5
14390 5
14391 5
14392 5
14393 5
14394 5
14395 5
14396 5
14397 5
14398 5
14399 5
14400 5
14401 5
14402 5
14403 5
14404 5
14405 5
14406 5
14407 5
14408 5
14409 5
14410 5
14411 5
14412 5
14413 5
14414 5
14415 5
14416 5
14417 5
14418 5
14419 5
14420 5
14421 5
14422 5
14423 5
14424 5
14425 5
14426 5
14427 5
14428 5
14429 5
14430 5
14431 5
14432 5
14433 5
14434 5
14435 5
14436 5
14437 5
14438 5
14439 5
14440 5
14441 5
14442 5
14443 5
14444 5
14445 5
14446 5
14447 5
14448 5
14449 5
14450 5
14451 5
14452 5
14453 5
14454 5
14455 5
14456 5
14457 5
14458 5
14459 5
14460 5
14461 5
14462 5
14463 5
14464 5
14465 5
14466 5
14467 5
14468 5
14469 5
14470 5
14471 5
14472 5
14473 5
14474 5
14475 5
14476 5
14477 5
14478 5
14479 5
14480 5
14481 5
14482 5
14483 5
14484 5
14485 5
14486 5
14487 5
14488 5
14489 5
14490 5
14491 5
14492 5
14493 5
14494 5
14495 5
14496 5
14497 5
14498 5
14499 5
14500 5
14501 5
14502 5
14503 5
14504 5
14505 5
14506 5
14507 5
14508 5
14509 5
14510 5
14511 5
14512 5
14513 5
14514 5
14515 5
14516 5
14517 5
14518 5
14519 5
14520 5
14521 5
14522 5
14523 5
14524 5
14525 5
14526 5
14527 5
14528 5
14529 5
14530 5
14531 5
14532 5
14533 5
14534 5
14535 5
14536 5
14537 5
14538 5
14539 5
14540 5
14541 5
14542 5
14543 5
14544 5
14545 5
14546 5
14547 5
14548 5
14549 5
14550 5
14551 5
14552 5
14553 5
14554 5
14555 5
14556 5
14557 5
14558 5
14559 5
14560 5
14561 5
14562 5
14563 5
14564 5
14565 5
14566 5
14567 5
14568 5
14569 5
14570 5
14571 5
14572 5
14573 5
14574 5
14575 5
14576 5
14577 5
14578 5
14579 5
14580 5
14581 5
14582 5
14583 5
14584 5
14585 5
14586 5
14587 5
14588 5
14589 5
14590 5
14591 5
14592 6
14593 6
14594 6
14595 6
14596 6
14597 6
14598 6
14599 6
14600 6
14601 6
14602 6
14603 6
14604 6
14605 6
14606 6
14607 6
14608 6
14609 6
14610 6
14611 6
14612 6
14613 6
14614 6
14615 6
14616 6
14617 6
14618 6
14619 6
14620 6
14621 6
14622 6
14623 6
14624 6
14625 6
14626 6
14627 6
14628 6
14629 6
14630 6
14631 6
14632 6
14633 6
14634 6
14635 6
14636 6
14637 6
14638 6
14639 6
14640 6
14641 6
14642 6
14643 6
14644 6
14645 6
14646 6
14647 6
14648 6
14649 6
14650 6
14651 6
14652 6
14653 6
14654 6
14655 6
14656 6
14657 6
14658 6
14659 6
14660 6
14661 6
14662 6
14663 6
14664 6
14665 6
14666 6
14667 6
14668 6
14669 6
14670 6
14671 6
14672 6
14673 6
14674 6
14675 6
14676 6
14677 6
14678 6
14679 6
14680 6
14681 6
14682 6
14683 6
14684 6
14685 6
14686 6
14687 6
14688 6
14689 6
14690 6
14691 6
14692 6
14693 6
14694 6
14695 6
14696 6
14697 6
14698 6
14699 6
14700 6
14701 6
14702 6
14703 6
14704 6
14705 6
14706 6
14707 6
14708 6
14709 6
14710 6
14711 6
14712 6
14713 6
14714 6
14715 6
14716 6
14717 6
14718 6
14719 6
14720 6
14721 6
14722 6
14723 6
14724 6
14725 6
14726 6
14727 6
14728 6
14729 6
14730 6
14731 6
14732 6
14733 6
14734 6
14735 6
14736 6
14737 6
14738 6
14739 6
14740 6
14741 6
14742 6
14743 6
14744 6
14745 6
14746 6
14747 6
14748 6
14749 6
14750 6
14751 6
14752 6
14753 6
14754 6
14755 6
14756 6
14757 6
14758 6
14759 6
14760 6
14761 6
14762 6
14763 6
14764 6
14765 6
14766 6
14767 6
14768 6
14769 6
14770 6
14771 6
14772 6
14773 6
14774 6
14775 6
14776 6
14777 6
14778 6
14779 6
14780 6
14781 6
14782 6
14783 6
14784 5
14785 5
14786 5
14787 5
14788 5
14789 5
14790 5
14791 5
14792 5
14793 5
14794 5
14795 5
14796 5
14797 5
14798 5
14799 5
14800 5
14801 5
14802 5
14803 5
14804 5
14805 5
14806 5
14807 5
14808 5
14809 5
14810 5
14811 5
14812 5
14813 5
14814 5
14815 5
14816 5
14817 5
14818 5
14819 5
14820 5
14821 5
14822 5
14823 5
14824 5
14825 5
14826 5
14827 5
14828 5
14829 5
14830 5
14831 5
14832 5
14833 5
14834 5
14835 5
14836 5
14837 5
14838 5
14839 5
14840 5
14841 5
14842 5
14843 5
14844 5
14845 5
14846 5
14847 5
14848 5
14849 5
14850 5
14851 5
14852 5
14853 5
14854 5
14855 5
14856 5
14857 5
14858 5
14859 5
14860 5
14861 5
14862 5
14863 5
14864 5
14865 5
14866 5
14867 5
14868 5
14869 5
14870 5
14871 5
14872 5
14873 5
14874 5
14875 5
14876 5
14877 5
14878 5
14879 5
14880 5
14881 5
14882 5
14883 5
14884 5
14885 5
14886 5
14887 5
14888 5
14889 5
14890 5
14891 5
14892 5
14893 5
14894 5
14895 5
14896 5
14897 5
14898 5
14899 5
14900 5
14901 5
14902 5
14903 5
14904 5
14905 5
14906 5
14907 5
14908 5
14909 5
14910 5
14911 5
14912 5
14913 5
14914 5
14915 5
14916 5
14917 5
14918 5
14919 5
14920 5
14921 5
14922 5
14923 5
14924 5
14925 5
14926 5
14927 5
14928 5
14929 5
14930 5
14931 5
14932 5
14933 5
14934 5
14935 5
14936 5
14937 5
14938 5
14939 5
14940 5
14941 5
14942 5
14943 5
14944 5
14945 5
14946 5
14947 5
14948 5
14949 5
14950 5
14951 5
14952 5
14953 5
14954 5
14955 5
14956 5
14957 5
14958 5
14959 5
14960 5
14961 5
14962 5
14963 5
14964 5
14965 5
14966 5
14967 5
14968 5
14969 5
14970 5
14971 5
14972 5
14973 5
14974 5
14975 5
14976 7
14977 7
14978 7
14979 7
14980 7
14981 7
14982 7
14983 7
14984 7
14985 7
14986 7
14987 7
14988 7
14989 7
14990 7
14991 7
14992 7
14993 7
14994 7
14995 7
14996 7
14997 7
14998 7
14999 7
15000 7
15001 7
15002 7
15003 7
15004 7
15005 7
15006 7
15007 7
15008 7
15009 7
15010 7
15011 7
15012 7
15013 7
15014 7
15015 7
15016 7
15017 7
15018 7
15019 7
15020 7
15021 7
15022 7
15023 7
15024 7
15025 7
15026 7
15027 7
15028 7
15029 7
15030 7
15031 7
15032 7
15033 7
15034 7
15035 7
15036 7
15037 7
15038 7
15039 7
15040 7
15041 7
15042 7
15043 7
15044 7
15045 7
15046 7
15047 7
15048 7
15049 7
15050 7
15051 7
15052 7
15053 7
15054 7
15055 7
15056 7
15057 7
15058 7
15059 7
15060 7
15061 7
15062 7
15063 7
15064 7
15065 7
15066 7
15067 7
15068 7
15069 7
15070 7
15071 7
15072 7
15073 7
15074 7
15075 7
15076 7
15077 7
15078 7
15079 7
15080 7
15081 7
15082 7
15083 7
15084 7
15085 7
15086 7
15087 7
15088 7
15089 7
15090 7
15091 7
15092 7
15093 7
15094 7
15095 7
15096 7
15097 7
15098 7
15099 7
15100 7
15101 7
15102 7
15103 7
15104 7
15105 7
15106 7
15107 7
15108 7
15109 7
15110 7
15111 7
15112 7
15113 7
15114 7
15115 7
15116 7
15117 7
15118 7
15119 7
15120 7
15121 7
15122 7
15123 7
15124 7
15125 7
15126 7
15127 7
15128 7
15129 7
15130 7
15131 7
15132 7
15133 7
15134 7
15135 7
15136 7
15137 7
15138 7
15139 7
15140 7
15141 7
15142 7
15143 7
15144 7
15145 7
15146 7
15147 7
15148 7
15149 7
15150 7
15151 7
15152 7
15153 7
15154 7
15155 7
15156 7
15157 7
15158 7
15159 7
15160 7
15161 7
15162 7
15163 7
15164 7
15165 7
15166 7
15167 7
15168 7
15169 7
15170 7
15171 7
15172 7
15173 7
15174 7
15175 7
15176 7
15177 7
15178 7
15179 7
15180 7
15181 7
15182 7
15183 7
15184 7
15185 7
15186 7
15187 7
15188 7
15189 7
15190 7
15191 7
15192 7
15193 7
15194 7
15195 7
15196 7
15197 7
15198 7
15199 7
15200 7
15201 7
15202 7
15203 7
15204 7
15205 7
15206 7
15207 7
15208 7
15209 7
15210 7
15211 7
15212 7
15213 7
15214 7
15215 7
15216 7
15217 7
15218 7
15219 7
15220 7
15221 7
15222 7
15223 7
15224 7
15225 7
15226 7
15227 7
15228 7
15229 7
15230 7
15231 7
15232 7
15233 7
15234 7
15235 7
15236 7
15237 7
15238 7
15239 7
15240 7
15241 7
15242 7
15243 7
15244 7
15245 7
15246 7
15247 7
15248 7
15249 7
15250 7
15251 7
15252 7
15253 7
15254 7
15255 7
15256 7
15257 7
15258 7
15259 7
15260 7
15261 7
15262 7
15263 7
15264 7
15265 7
15266 7
15267 7
15268 7
15269 7
15270 7
15271 7
15272 7
15273 7
15274 7
15275 7
15276 7
15277 7
15278 7
15279 7
15280 7
15281 7
15282 7
15283 7
15284 7
15285 7
15286 7
15287 7
15288 7
15289 7
15290 7
15291 7
15292 7
15293 7
15294 7
15295 7
15296 7
15297 7
15298 7
15299 7
15300 7
15301 7
15302 7
15303 7
15304 7
15305 7
15306 7
15307 7
15308 7
15309 7
15310 7
15311 7
15312 7
15313 7
15314 7
15315 7
15316 7
15317 7
15318 7
15319 7
15320 7
15321 7
15322 7
15323 7
15324 7
15325 7
15326 7
15327 7
15328 7
15329 7
15330 7
15331 7
15332 7
15333 7
15334 7
15335 7
15336 7
15337 7
15338 7
15339 7
15340 7
15341 7
15342 7
15343 7
15344 7
15345 7
15346 7
15347 7
15348 7
15349 7
15350 7
15351 7
15352 7
15353 7
15354 7
15355 7
15356 7
15357 7
15358 7
15359 7
15360 2
15361 2
15362 2
15363 2
15364 2
15365 2
15366 2
15367 2
15368 2
15369 2
15370 2
15371 2
15372 2
15373 2
15374 2
15375 2
15376 2
15377 2
15378 2
15379 2
15380 2
15381 2
15382 2
15383 2
15384 2
15385 2
15386 2
15387 2
15388 2
15389 2
15390 2
15391 2
15392 2
15393 2
15394 2
15395 2
15396 2
15397 2
15398 2
15399 2
15400 2
15401 2
15402 2
15403 2
15404 2
15405 2
15406 2
15407 2
15408 2
15409 2
15410 2
15411 2
15412 2
15413 2
15414 2
15415 2
15416 2
15417 2
15418 2
15419 2
15420 2
15421 2
15422 2
15423 2
15424 2
15425 2
15426 2
15427 2
15428 2
15429 2
15430 2
15431 2
15432 2
15433 2
15434 2
15435 2
15436 2
15437 2
15438 2
15439 2
15440 2
15441 2
15442 2
15443 2
15444 2
15445 2
15446 2
15447 2
15448 2
15449 2
15450 2
15451 2
15452 2
15453 2
15454 2
15455 2
15456 2
15457 2
15458 2
15459 2
15460 2
15461 2
15462 2
15463 2
15464 2
15465 2
15466 2
15467 2
15468 2
15469 2
15470 2
15471 2
15472 2
15473 2
15474 2
15475 2
15476 2
15477 2
15478 2
15479 2
15480 2
15481 2
15482 2
15483 2
15484 2
15485 2
15486 2
15487 2
15488 2
15489 2
15490 2
15491 2
15492 2
15493 2
15494 2
15495 2
15496 2
15497 2
15498 2
15499 2
15500 2
15501 2
15502 2
15503 2
15504 2
15505 2
15506 2
15507 2
15508 2
15509 2
15510 2
15511 2
15512 2
15513 2
15514 2
15515 2
15516 2
15517 2
15518 2
15519 2
15520 2
15521 2
15522 2
15523 2
15524 2
15525 2
15526 2
15527 2
15528 2
15529 2
15530 2
15531 2
15532 2
15533 2
15534 2
15535 2
15536 2
15537 2
15538 2
15539 2
15540 2
15541 2
15542 2
15543 2
15544 2
15545 2
15546 2
15547 2
15548 2
15549 2
15550 2
15551 2
15552 2
15553 2
15554 2
15555 2
15556 2
15557 2
15558 2
15559 2
15560 2
15561 2
15562 2
15563 2
15564 2
15565 2
15566 2
15567 2
15568 2
15569 2
15570 2
15571 2
15572 2
15573 2
15574 2
15575 2
15576 2
15577 2
15578 2
15579 2
15580 2
15581 2
15582 2
15583 2
15584 2
15585 2
15586 2
15587 2
15588 2
15589 2
15590 2
15591 2
15592 2
15593 2
15594 2
15595 2
15596 2
15597 2
15598 2
15599 2
15600 2
15601 2
15602 2
15603 2
15604 2
15605 2
15606 2
15607 2
15608 2
15609 2
15610 2
15611 2
15612 2
15613 2
15614 2
15615 2
15616 2
15617 2
15618 2
15619 2
15620 2
15621 2
15622 2
15623 2
15624 2
15625 2
15626 2
15627 2
15628 2
15629 2
15630 2
15631 2
15632 2
15633 2
15634 2
15635 2
15636 2
15637 2
15638 2
15639 2
15640 2
15641 2
15642 2
15643 2
15644 2
15645 2
15646 2
15647 2
15648 2
15649 2
15650 2
15651 2
15652 2
15653 2
15654 2
15655 2
15656 2
15657 2
15658 2
15659 2
15660 2
15661 2
15662 2
15663 2
15664 2
15665 2
15666 2
15667 2
15668 2
15669 2
15670 2
15671 2
15672 2
15673 2
15674 2
15675 2
15676 2
15677 2
15678 2
15679 2
15680 2
15681 2
15682 2
15683 2
15684 2
15685 2
15686 2
15687 2
15688 2
15689 2
15690 2
15691 2
15692 2
15693 2
15694 2
15695 2
15696 2
15697 2
15698 2
15699 2
15700 2
15701 2
15702 2
15703 2
15704 2
15705 2
15706 2
15707 2
15708 2
15709 2
15710 2
15711 2
15712 2
15713 2
15714 2
15715 2
15716 2
15717 2
15718 2
15719 2
15720 2
15721 2
15722 2
15723 2
15724 2
15725 2
15726 2
15727 2
15728 2
15729 2
15730 2
15731 2
15732 2
15733 2
15734 2
15735 2
15736 2
15737 2
15738 2
15739 2
15740 2
15741 2
15742 2
15743 2
15744 2
15745 2
15746 2
15747 2
15748 2
15749 2
15750 2
15751 2
15752 2
15753 2
15754 2
15755 2
15756 2
15757 2
15758 2
15759 2
15760 2
15761 2
15762 2
15763 2
15764 2
15765 2
15766 2
15767 2
15768 2
15769 2
15770 2
15771 2
15772 2
15773 2
15774 2
15775 2
15776 2
15777 2
15778 2
15779 2
15780 2
15781 2
15782 2
15783 2
15784 2
15785 2
15786 2
15787 2
15788 2
15789 2
15790 2
15791 2
15792 2
15793 2
15794 2
15795 2
15796 2
15797 2
15798 2
15799 2
15800 2
15801 2
15802 2
15803 2
15804 2
15805 2
15806 2
15807 2
15808 2
15809 2
15810 2
15811 2
15812 2
15813 2
15814 2
15815 2
15816 2
15817 2
15818 2
15819 2
15820 2
15821 2
15822 2
15823 2
15824 2
15825 2
15826 2
15827 2
15828 2
15829 2
15830 2
15831 2
15832 2
15833 2
15834 2
15835 2
15836 2
15837 2
15838 2
15839 2
15840 2
15841 2
15842 2
15843 2
15844 2
15845 2
15846 2
15847 2
15848 2
15849 2
15850 2
15851 2
15852 2
15853 2
15854 2
15855 2
15856 2
15857 2
15858 2
15859 2
15860 2
15861 2
15862 2
15863 2
15864 2
15865 2
15866 2
15867 2
15868 2
15869 2
15870 2
15871 2
15872 2
15873 2
15874 2
15875 2
15876 2
15877 2
15878 2
15879 2
15880 2
15881 2
15882 2
15883 2
15884 2
15885 2
15886 2
15887 2
15888 2
15889 2
15890 2
15891 2
15892 2
15893 2
15894 2
15895 2
15896 2
15897 2
15898 2
15899 2
15900 2
15901 2
15902 2
15903 2
15904 2
15905 2
15906 2
15907 2
15908 2
15909 2
15910 2
15911 2
15912 2
15913 2
15914 2
15915 2
15916 2
15917 2
15918 2
15919 2
15920 2
15921 2
15922 2
15923 2
15924 2
15925 2
15926 2
15927 2
15928 2
15929 2
15930 2
15931 2
15932 2
15933 2
15934 2
15935 2
15936 2
15937 2
15938 2
15939 2
15940 2
15941 2
15942 2
15943 2
15944 2
15945 2
15946 2
15947 2
15948 2
15949 2
15950 2
15951 2
15952 2
15953 2
15954 2
15955 2
15956 2
15957 2
15958 2
15959 2
15960 2
15961 2
15962 2
15963 2
15964 2
15965 2
15966 2
15967 2
15968 2
15969 2
15970 2
15971 2
15972 2
15973 2
15974 2
15975 2
15976 2
15977 2
15978 2
15979 2
15980 2
15981 2
15982 2
15983 2
15984 2
15985 2
15986 2
15987 2
15988 2
15989 2
15990 2
15991 2
15992 2
15993 2
15994 2
15995 2
15996 2
15997 2
15998 2
15999 2
16000 2
16001 2
16002 2
16003 2
16004 2
16005 2
16006 2
16007 2
16008 2
16009 2
16010 2
16011 2
16012 2
16013 2
16014 2
16015 2
16016 2
16017 2
16018 2
16019 2
16020 2
16021 2
16022 2
16023 2
16024 2
16025 2
16026 2
16027 2
16028 2
16029 2
16030 2
16031 2
16032 2
16033 2
16034 2
16035 2
16036 2
16037 2
16038 2
16039 2
16040 2
16041 2
16042 2
16043 2
16044 2
16045 2
16046 2
16047 2
16048 2
16049 2
16050 2
16051 2
16052 2
16053 2
16054 2
16055 2
16056 2
16057 2
16058 2
16059 2
16060 2
16061 2
16062 2
16063 2
16064 2
16065 2
16066 2
16067 2
16068 2
16069 2
16070 2
16071 2
16072 2
16073 2
16074 2
16075 2
16076 2
16077 2
16078 2
16079 2
16080 2
16081 2
16082 2
16083 2
16084 2
16085 2
16086 2
16087 2
16088 2
16089 2
16090 2
16091 2
16092 2
16093 2
16094 2
16095 2
16096 2
16097 2
16098 2
16099 2
16100 2
16101 2
16102 2
16103 2
16104 2
16105 2
16106 2
16107 2
16108 2
16109 2
16110 2
16111 2
16112 2
16113 2
16114 2
16115 2
16116 2
16117 2
16118 2
16119 2
16120 2
16121 2
16122 2
16123 2
16124 2
16125 2
16126 2
16127 2
16128 2
16129 2
16130 2
16131 2
16132 2
16133 2
16134 2
16135 2
16136 2
16137 2
16138 2
16139 2
16140 2
16141 2
16142 2
16143 2
16144 2
16145 2
16146 2
16147 2
16148 2
16149 2
16150 2
16151 2
16152 2
16153 2
16154 2
16155 2
16156 2
16157 2
16158 2
16159 2
16160 2
16161 2
16162 2
16163 2
16164 2
16165 2
16166 2
16167 2
16168 2
16169 2
16170 2
16171 2
16172 2
16173 2
16174 2
16175 2
16176 2
16177 2
16178 2
16179 2
16180 2
16181 2
16182 2
16183 2
16184 2
16185 2
16186 2
16187 2
16188 2
16189 2
16190 2
16191 2
16192 2
16193 2
16194 2
16195 2
16196 2
16197 2
16198 2
16199 2
16200 2
16201 2
16202 2
16203 2
16204 2
16205 2
16206 2
16207 2
16208 2
16209 2
16210 2
16211 2
16212 2
16213 2
16214 2
16215 2
16216 2
16217 2
16218 2
16219 2
16220 2
16221 2
16222 2
16223 2
16224 2
16225 2
16226 2
16227 2
16228 2
16229 2
16230 2
16231 2
16232 2
16233 2
16234 2
16235 2
16236 2
16237 2
16238 2
16239 2
16240 2
16241 2
16242 2
16243 2
16244 2
16245 2
16246 2
16247 2
16248 2
16249 2
16250 2
16251 2
16252 2
16253 2
16254 2
16255 2
16256 2
16257 2
16258 2
16259 2
16260 2
16261 2
16262 2
16263 2
16264 2
16265 2
16266 2
16267 2
16268 2
16269 2
16270 2
16271 2
16272 2
16273 2
16274 2
16275 2
16276 2
16277 2
16278 2
16279 2
16280 2
16281 2
16282 2
16283 2
16284 2
16285 2
16286 2
16287 2
16288 2
16289 2
16290 2
16291 2
16292 2
16293 2
16294 2
16295 2
16296 2
16297 2
16298 2
16299 2
16300 2
16301 2
16302 2
16303 2
16304 2
16305 2
16306 2
16307 2
16308 2
16309 2
16310 2
16311 2
16312 2
16313 2
16314 2
16315 2
16316 2
16317 2
16318 2
16319 2
16320 2
16321 2
16322 2
16323 2
16324 2
16325 2
16326 2
16327 2
16328 2
16329 2
16330 2
16331 2
16332 2
16333 2
16334 2
16335 2
16336 2
16337 2
16338 2
16339 2
16340 2
16341 2
16342 2
16343 2
16344 2
16345 2
16346 2
16347 2
16348 2
16349 2
16350 2
16351 2
16352 2
16353 2
16354 2
16355 2
16356 2
16357 2
16358 2
16359 2
16360 2
16361 2
16362 2
16363 2
16364 2
16365 2
16366 2
16367 2
16368 2
16369 2
16370 2
16371 2
16372 2
16373 2
16374 2
16375 2
16376 2
16377 2
16378 2
16379 2
16380 2
16381 2
16382 2
16383 2
16384 2
16385 2
16386 2
16387 2
16388 2
16389 2
16390 2
16391 2
16392 2
16393 2
16394 2
16395 2
16396 2
16397 2
16398 2
16399 2
16400 2
16401 2
16402 2
16403 2
16404 2
16405 2
16406 2
16407 2
16408 2
16409 2
16410 2
16411 2
16412 2
16413 2
16414 2
16415 2
16416 2
16417 2
16418 2
16419 2
16420 2
16421 2
16422 2
16423 2
16424 2
16425 2
16426 2
16427 2
16428 2
16429 2
16430 2
16431 2
16432 2
16433 2
16434 2
16435 2
16436 2
16437 2
16438 2
16439 2
16440 2
16441 2
16442 2
16443 2
16444 2
16445 2
16446 2
16447 2
16448 2
16449 2
16450 2
16451 2
16452 2
16453 2
16454 2
16455 2
16456 2
16457 2
16458 2
16459 2
16460 2
16461 2
16462 2
16463 2
16464 2
16465 2
16466 2
16467 2
16468 2
16469 2
16470 2
16471 2
16472 2
16473 2
16474 2
16475 2
16476 2
16477 2
16478 2
16479 2
16480 2
16481 2
16482 2
16483 2
16484 2
16485 2
16486 2
16487 2
16488 2
16489 2
16490 2
16491 2
16492 2
16493 2
16494 2
16495 2
16496 2
16497 2
16498 2
16499 2
16500 2
16501 2
16502 2
16503 2
16504 2
16505 2
16506 2
16507 2
16508 2
16509 2
16510 2
16511 2
16512 3
16513 3
16514 3
16515 3
16516 3
16517 3
16518 3
16519 3
16520 3
16521 3
16522 3
16523 3
16524 3
16525 3
16526 3
16527 3
16528 3
16529 3
16530 3
16531 3
16532 3
16533 3
16534 3
16535 3
16536 3
16537 3
16538 3
16539 3
16540 3
16541 3
16542 3
16543 3
16544 3
16545 3
16546 3
16547 3
16548 3
16549 3
16550 3
16551 3
16552 3
16553 3
16554 3
16555 3
16556 3
16557 3
16558 3
16559 3
16560 3
16561 3
16562 3
16563 3
16564 3
16565 3
16566 3
16567 3
16568 3
16569 3
16570 3
16571 3
16572 3
16573 3
16574 3
16575 3
16576 3
16577 3
16578 3
16579 3
16580 3
16581 3
16582 3
16583 3
16584 3
16585 3
16586 3
16587 3
16588 3
16589 3
16590 3
16591 3
16592 3
16593 3
16594 3
16595 3
16596 3
16597 3
16598 3
16599 3
16600 3
16601 3
16602 3
16603 3
16604 3
16605 3
16606 3
16607 3
16608 3
16609 3
16610 3
16611 3
16612 3
16613 3
16614 3
16615 3
16616 3
16617 3
16618 3
16619 3
16620 3
16621 3
16622 3
16623 3
16624 3
16625 3
16626 3
16627 3
16628 3
16629 3
16630 3
16631 3
16632 3
16633 3
16634 3
16635 3
16636 3
16637 3
16638 3
16639 3
16640 3
16641 3
16642 3
16643 3
16644 3
16645 3
16646 3
16647 3
16648 3
16649 3
16650 3
16651 3
16652 3
16653 3
16654 3
16655 3
16656 3
16657 3
16658 3
16659 3
16660 3
16661 3
16662 3
16663 3
16664 3
16665 3
16666 3
16667 3
16668 3
16669 3
16670 3
16671 3
16672 3
16673 3
16674 3
16675 3
16676 3
16677 3
16678 3
16679 3
16680 3
16681 3
16682 3
16683 3
16684 3
16685 3
16686 3
16687 3
16688 3
16689 3
16690 3
16691 3
16692 3
16693 3
16694 3
16695 3
16696 3
16697 3
16698 3
16699 3
16700 3
16701 3
16702 3
16703 3
16704 2
16705 2
16706 2
16707 2
16708 2
16709 2
16710 2
16711 2
16712 2
16713 2
16714 2
16715 2
16716 2
16717 2
16718 2
16719 2
16720 2
16721 2
16722 2
16723 2
16724 2
16725 2
16726 2
16727 2
16728 2
16729 2
16730 2
16731 2
16732 2
16733 2
16734 2
16735 2
16736 2
16737 2
16738 2
16739 2
16740 2
16741 2
16742 2
16743 2
16744 2
16745 2
16746 2
16747 2
16748 2
16749 2
16750 2
16751 2
16752 2
16753 2
16754 2
16755 2
16756 2
16757 2
16758 2
16759 2
16760 2
16761 2
16762 2
16763 2
16764 2
16765 2
16766 2
16767 2
16768 2
16769 2
16770 2
16771 2
16772 2
16773 2
16774 2
16775 2
16776 2
16777 2
16778 2
16779 2
16780 2
16781 2
16782 2
16783 2
16784 2
16785 2
16786 2
16787 2
16788 2
16789 2
16790 2
16791 2
16792 2
16793 2
16794 2
16795 2
16796 2
16797 2
16798 2
16799 2
16800 2
16801 2
16802 2
16803 2
16804 2
16805 2
16806 2
16807 2
16808 2
16809 2
16810 2
16811 2
16812 2
16813 2
16814 2
16815 2
16816 2
16817 2
16818 2
16819 2
16820 2
16821 2
16822 2
16823 2
16824 2
16825 2
16826 2
16827 2
16828 2
16829 2
16830 2
16831 2
16832 2
16833 2
16834 2
16835 2
16836 2
16837 2
16838 2
16839 2
16840 2
16841 2
16842 2
16843 2
16844 2
16845 2
16846 2
16847 2
16848 2
16849 2
16850 2
16851 2
16852 2
16853 2
16854 2
16855 2
16856 2
16857 2
16858 2
16859 2
16860 2
16861 2
16862 2
16863 2
16864 2
16865 2
16866 2
16867 2
16868 2
16869 2
16870 2
16871 2
16872 2
16873 2
16874 2
16875 2
16876 2
16877 2
16878 2
16879 2
16880 2
16881 2
16882 2
16883 2
16884 2
16885 2
16886 2
16887 2
16888 2
16889 2
16890 2
16891 2
16892 2
16893 2
16894 2
16895 2
16896 3
16897 3
16898 3
16899 3
16900 3
16901 3
16902 3
16903 3
16904 3
16905 3
16906 3
16907 3
16908 3
16909 3
16910 3
16911 3
16912 3
16913 3
16914 3
16915 3
16916 3
16917 3
16918 3
16919 3
16920 3
16921 3
16922 3
16923 3
16924 3
16925 3
16926 3
16927 3
16928 3
16929 3
16930 3
16931 3
16932 3
16933 3
16934 3
16935 3
16936 3
16937 3
16938 3
16939 3
16940 3
16941 3
16942 3
16943 3
16944 3
16945 3
16946 3
16947 3
16948 3
16949 3
16950 3
16951 3
16952 3
16953 3
16954 3
16955 3
16956 3
16957 3
16958 3
16959 3
16960 3
16961 3
16962 3
16963 3
16964 3
16965 3
16966 3
16967 3
16968 3
16969 3
16970 3
16971 3
16972 3
16973 3
16974 3
16975 3
16976 3
16977 3
16978 3
16979 3
16980 3
16981 3
16982 3
16983 3
16984 3
16985 3
16986 3
16987 3
16988 3
16989 3
16990 3
16991 3
16992 3
16993 3
16994 3
16995 3
16996 3
16997 3
16998 3
16999 3
17000 3
17001 3
17002 3
17003 3
17004 3
17005 3
17006 3
17007 3
17008 3
17009 3
17010 3
17011 3
17012 3
17013 3
17014 3
17015 3
17016 3
17017 3
17018 3
17019 3
17020 3
17021 3
17022 3
17023 3
17024 3
17025 3
17026 3
17027 3
17028 3
17029 3
17030 3
17031 3
17032 3
17033 3
17034 3
17035 3
17036 3
17037 3
17038 3
17039 3
17040 3
17041 3
17042 3
17043 3
17044 3
17045 3
17046 3
17047 3
17048 3
17049 3
17050 3
17051 3
17052 3
17053 3
17054 3
17055 3
17056 3
17057 3
17058 3
17059 3
17060 3
17061 3
17062 3
17063 3
17064 3
17065 3
17066 3
17067 3
17068 3
17069 3
17070 3
17071 3
17072 3
17073 3
17074 3
17075 3
17076 3
17077 3
17078 3
17079 3
17080 3
17081 3
17082 3
17083 3
17084 3
17085 3
17086 3
17087 3
17088 2
17089 2
17090 2
17091 2
17092 2
17093 2
17094 2
17095 2
17096 2
17097 2
17098 2
17099 2
17100 2
17101 2
17102 2
17103 2
17104 2
17105 2
17106 2
17107 2
17108 2
17109 2
17110 2
17111 2
17112 2
17113 2
17114 2
17115 2
17116 2
17117 2
17118 2
17119 2
17120 2
17121 2
17122 2
17123 2
17124 2
17125 2
17126 2
17127 2
17128 2
17129 2
17130 2
17131 2
17132 2
17133 2
17134 2
17135 2
17136 2
17137 2
17138 2
17139 2
17140 2
17141 2
17142 2
17143 2
17144 2
17145 2
17146 2
17147 2
17148 2
17149 2
17150 2
17151 2
17152 2
17153 2
17154 2
17155 2
17156 2
17157 2
17158 2
17159 2
17160 2
17161 2
17162 2
17163 2
17164 2
17165 2
17166 2
17167 2
17168 2
17169 2
17170 2
17171 2
17172 2
17173 2
17174 2
17175 2
17176 2
17177 2
17178 2
17179 2
17180 2
17181 2
17182 2
17183 2
17184 2
17185 2
17186 2
17187 2
17188 2
17189 2
17190 2
17191 2
17192 2
17193 2
17194 2
17195 2
17196 2
17197 2
17198 2
17199 2
17200 2
17201 2
17202 2
17203 2
17204 2
17205 2
17206 2
17207 2
17208 2
17209 2
17210 2
17211 2
17212 2
17213 2
17214 2
17215 2
17216 2
17217 2
17218 2
17219 2
17220 2
17221 2
17222 2
17223 2
17224 2
17225 2
17226 2
17227 2
17228 2
17229 2
17230 2
17231 2
17232 2
17233 2
17234 2
17235 2
17236 2
17237 2
17238 2
17239 2
17240 2
17241 2
17242 2
17243 2
17244 2
17245 2
17246 2
17247 2
17248 2
17249 2
17250 2
17251 2
17252 2
17253 2
17254 2
17255 2
17256 2
17257 2
17258 2
17259 2
17260 2
17261 2
17262 2
17263 2
17264 2
17265 2
17266 2
17267 2
17268 2
17269 2
17270 2
17271 2
17272 2
17273 2
17274 2
17275 2
17276 2
17277 2
17278 2
17279 2
17280 3
17281 3
17282 3
17283 3
17284 3
17285 3
17286 3
17287 3
17288 3
17289 3
17290 3
17291 3
17292 3
17293 3
17294 3
17295 3
17296 3
17297 3
17298 3
17299 3
17300 3
17301 3
17302 3
17303 3
17304 3
17305 3
17306 3
17307 3
17308 3
17309 3
17310 3
17311 3
17312 3
17313 3
17314 3
17315 3
17316 3
17317 3
17318 3
17319 3
17320 3
17321 3
17322 3
17323 3
17324 3
17325 3
17326 3
17327 3
17328 3
17329 3
17330 3
17331 3
17332 3
17333 3
17334 3
17335 3
17336 3
17337 3
17338 3
17339 3
17340 3
17341 3
17342 3
17343 3
17344 3
17345 3
17346 3
17347 3
17348 3
17349 3
17350 3
17351 3
17352 3
17353 3
17354 3
17355 3
17356 3
17357 3
17358 3
17359 3
17360 3
17361 3
17362 3
17363 3
17364 3
17365 3
17366 3
17367 3
17368 3
17369 3
17370 3
17371 3
17372 3
17373 3
17374 3
17375 3
17376 3
17377 3
17378 3
17379 3
17380 3
17381 3
17382 3
17383 3
17384 3
17385 3
17386 3
17387 3
17388 3
17389 3
17390 3
17391 3
17392 3
17393 3
17394 3
17395 3
17396 3
17397 3
17398 3
17399 3
17400 3
17401 3
17402 3
17403 3
17404 3
17405 3
17406 3
17407 3
17408 3
17409 3
17410 3
17411 3
17412 3
17413 3
17414 3
17415 3
17416 3
17417 3
17418 3
17419 3
17420 3
17421 3
17422 3
17423 3
17424 3
17425 3
17426 3
17427 3
17428 3
17429 3
17430 3
17431 3
17432 3
17433 3
17434 3
17435 3
17436 3
17437 3
17438 3
17439 3
17440 3
17441 3
17442 3
17443 3
17444 3
17445 3
17446 3
17447 3
17448 3
17449 3
17450 3
17451 3
17452 3
17453 3
17454 3
17455 3
17456 3
17457 3
17458 3
17459 3
17460 3
17461 3
17462 3
17463 3
17464 3
17465 3
17466 3
17467 3
17468 3
17469 3
17470 3
17471 3
17472 3
17473 3
17474 3
17475 3
17476 3
17477 3
17478 3
17479 3
17480 3
17481 3
17482 3
17483 3
17484 3
17485 3
17486 3
17487 3
17488 3
17489 3
17490 3
17491 3
17492 3
17493 3
17494 3
17495 3
17496 3
17497 3
17498 3
17499 3
17500 3
17501 3
17502 3
17503 3
17504 3
17505 3
17506 3
17507 3
17508 3
17509 3
17510 3
17511 3
17512 3
17513 3
17514 3
17515 3
17516 3
17517 3
17518 3
17519 3
17520 3
17521 3
17522 3
17523 3
17524 3
17525 3
17526 3
17527 3
17528 3
17529 3
17530 3
17531 3
17532 3
17533 3
17534 3
17535 3
17536 3
17537 3
17538 3
17539 3
17540 3
17541 3
17542 3
17543 3
17544 3
17545 3
17546 3
17547 3
17548 3
17549 3
17550 3
17551 3
17552 3
17553 3
17554 3
17555 3
17556 3
17557 3
17558 3
17559 3
17560 3
17561 3
17562 3
17563 3
17564 3
17565 3
17566 3
17567 3
17568 3
17569 3
17570 3
17571 3
17572 3
17573 3
17574 3
17575 3
17576 3
17577 3
17578 3
17579 3
17580 3
17581 3
17582 3
17583 3
17584 3
17585 3
17586 3
17587 3
17588 3
17589 3
17590 3
17591 3
17592 3
17593 3
17594 3
17595 3
17596 3
17597 3
17598 3
17599 3
17600 3
17601 3
17602 3
17603 3
17604 3
17605 3
17606 3
17607 3
17608 3
17609 3
17610 3
17611 3
17612 3
17613 3
17614 3
17615 3
17616 3
17617 3
17618 3
17619 3
17620 3
17621 3
17622 3
17623 3
17624 3
17625 3
17626 3
17627 3
17628 3
17629 3
17630 3
17631 3
17632 3
17633 3
17634 3
17635 3
17636 3
17637 3
17638 3
17639 3
17640 3
17641 3
17642 3
17643 3
17644 3
17645 3
17646 3
17647 3
17648 3
17649 3
17650 3
17651 3
17652 3
17653 3
17654 3
17655 3
17656 3
17657 3
17658 3
17659 3
17660 3
17661 3
17662 3
17663 3
17664 3
17665 3
17666 3
17667 3
17668 3
17669 3
17670 3
17671 3
17672 3
17673 3
17674 3
17675 3
17676 3
17677 3
17678 3
17679 3
17680 3
17681 3
17682 3
17683 3
17684 3
17685 3
17686 3
17687 3
17688 3
17689 3
17690 3
17691 3
17692 3
17693 3
17694 3
17695 3
17696 3
17697 3
17698 3
17699 3
17700 3
17701 3
17702 3
17703 3
17704 3
17705 3
17706 3
17707 3
17708 3
17709 3
17710 3
17711 3
17712 3
17713 3
17714 3
17715 3
17716 3
17717 3
17718 3
17719 3
17720 3
17721 3
17722 3
17723 3
17724 3
17725 3
17726 3
17727 3
17728 3
17729 3
17730 3
17731 3
17732 3
17733 3
17734 3
17735 3
17736 3
17737 3
17738 3
17739 3
17740 3
17741 3
17742 3
17743 3
17744 3
17745 3
17746 3
17747 3
17748 3
17749 3
17750 3
17751 3
17752 3
17753 3
17754 3
17755 3
17756 3
17757 3
17758 3
17759 3
17760 3
17761 3
17762 3
17763 3
17764 3
17765 3
17766 3
17767 3
17768 3
17769 3
17770 3
17771 3
17772 3
17773 3
17774 3
17775 3
17776 3
17777 3
17778 3
17779 3
17780 3
17781 3
17782 3
17783 3
17784 3
17785 3
17786 3
17787 3
17788 3
17789 3
17790 3
17791 3
17792 3
17793 3
17794 3
17795 3
17796 3
17797 3
17798 3
17799 3
17800 3
17801 3
17802 3
17803 3
17804 3
17805 3
17806 3
17807 3
17808 3
17809 3
17810 3
17811 3
17812 3
17813 3
17814 3
17815 3
17816 3
17817 3
17818 3
17819 3
17820 3
17821 3
17822 3
17823 3
17824 3
17825 3
17826 3
17827 3
17828 3
17829 3
17830 3
17831 3
17832 3
17833 3
17834 3
17835 3
17836 3
17837 3
17838 3
17839 3
17840 3
17841 3
17842 3
17843 3
17844 3
17845 3
17846 3
17847 3
17848 3
17849 3
17850 3
17851 3
17852 3
17853 3
17854 3
17855 3
17856 3
17857 3
17858 3
17859 3
17860 3
17861 3
17862 3
17863 3
17864 3
17865 3
17866 3
17867 3
17868 3
17869 3
17870 3
17871 3
17872 3
17873 3
17874 3
17875 3
17876 3
17877 3
17878 3
17879 3
17880 3
17881 3
17882 3
17883 3
17884 3
17885 3
17886 3
17887 3
17888 3
17889 3
17890 3
17891 3
17892 3
17893 3
17894 3
17895 3
17896 3
17897 3
17898 3
17899 3
17900 3
17901 3
17902 3
17903 3
17904 3
17905 3
17906 3
17907 3
17908 3
17909 3
17910 3
17911 3
17912 3
17913 3
17914 3
17915 3
17916 3
17917 3
17918 3
17919 3
17920 3
17921 3
17922 3
17923 3
17924 3
17925 3
17926 3
17927 3
17928 3
17929 3
17930 3
17931 3
17932 3
17933 3
17934 3
17935 3
17936 3
17937 3
17938 3
17939 3
17940 3
17941 3
17942 3
17943 3
17944 3
17945 3
17946 3
17947 3
17948 3
17949 3
17950 3
17951 3
17952 3
17953 3
17954 3
17955 3
17956 3
17957 3
17958 3
17959 3
17960 3
17961 3
17962 3
17963 3
17964 3
17965 3
17966 3
17967 3
17968 3
17969 3
17970 3
17971 3
17972 3
17973 3
17974 3
17975 3
17976 3
17977 3
17978 3
17979 3
17980 3
17981 3
17982 3
17983 3
17984 3
17985 3
17986 3
17987 3
17988 3
17989 3
17990 3
17991 3
17992 3
17993 3
17994 3
17995 3
17996 3
17997 3
17998 3
17999 3
18000 3
18001 3
18002 3
18003 3
18004 3
18005 3
18006 3
18007 3
18008 3
18009 3
18010 3
18011 3
18012 3
18013 3
18014 3
18015 3
18016 3
18017 3
18018 3
18019 3
18020 3
18021 3
18022 3
18023 3
18024 3
18025 3
18026 3
18027 3
18028 3
18029 3
18030 3
18031 3
18032 3
18033 3
18034 3
18035 3
18036 3
18037 3
18038 3
18039 3
18040 3
18041 3
18042 3
18043 3
18044 3
18045 3
18046 3
18047 3
18048 3
18049 3
18050 3
18051 3
18052 3
18053 3
18054 3
18055 3
18056 3
18057 3
18058 3
18059 3
18060 3
18061 3
18062 3
18063 3
18064 3
18065 3
18066 3
18067 3
18068 3
18069 3
18070 3
18071 3
18072 3
18073 3
18074 3
18075 3
18076 3
18077 3
18078 3
18079 3
18080 3
18081 3
18082 3
18083 3
18084 3
18085 3
18086 3
18087 3
18088 3
18089 3
18090 3
18091 3
18092 3
18093 3
18094 3
18095 3
18096 3
18097 3
18098 3
18099 3
18100 3
18101 3
18102 3
18103 3
18104 3
18105 3
18106 3
18107 3
18108 3
18109 3
18110 3
18111 3
18112 3
18113 3
18114 3
18115 3
18116 3
18117 3
18118 3
18119 3
18120 3
18121 3
18122 3
18123 3
18124 3
18125 3
18126 3
18127 3
18128 3
18129 3
18130 3
18131 3
18132 3
18133 3
18134 3
18135 3
18136 3
18137 3
18138 3
18139 3
18140 3
18141 3
18142 3
18143 3
18144 3
18145 3
18146 3
18147 3
18148 3
18149 3
18150 3
18151 3
18152 3
18153 3
18154 3
18155 3
18156 3
18157 3
18158 3
18159 3
18160 3
18161 3
18162 3
18163 3
18164 3
18165 3
18166 3
18167 3
18168 3
18169 3
18170 3
18171 3
18172 3
18173 3
18174 3
18175 3
18176 3
18177 3
18178 3
18179 3
18180 3
18181 3
18182 3
18183 3
18184 3
18185 3
18186 3
18187 3
18188 3
18189 3
18190 3
18191 3
18192 3
18193 3
18194 3
18195 3
18196 3
18197 3
18198 3
18199 3
18200 3
18201 3
18202 3
18203 3
18204 3
18205 3
18206 3
18207 3
18208 3
18209 3
18210 3
18211 3
18212 3
18213 3
18214 3
18215 3
18216 3
18217 3
18218 3
18219 3
18220 3
18221 3
18222 3
18223 3
18224 3
18225 3
18226 3
18227 3
18228 3
18229 3
18230 3
18231 3
18232 3
18233 3
18234 3
18235 3
18236 3
18237 3
18238 3
18239 3
18240 3
18241 3
18242 3
18243 3
18244 3
18245 3
18246 3
18247 3
18248 3
18249 3
18250 3
18251 3
18252 3
18253 3
18254 3
18255 3
18256 3
18257 3
18258 3
18259 3
18260 3
18261 3
18262 3
18263 3
18264 3
18265 3
18266 3
18267 3
18268 3
18269 3
18270 3
18271 3
18272 3
18273 3
18274 3
18275 3
18276 3
18277 3
18278 3
18279 3
18280 3
18281 3
18282 3
18283 3
18284 3
18285 3
18286 3
18287 3
18288 3
18289 3
18290 3
18291 3
18292 3
18293 3
18294 3
18295 3
18296 3
18297 3
18298 3
18299 3
18300 3
18301 3
18302 3
18303 3
18304 3
18305 3
18306 3
18307 3
18308 3
18309 3
18310 3
18311 3
18312 3
18313 3
18314 3
18315 3
18316 3
18317 3
18318 3
18319 3
18320 3
18321 3
18322 3
18323 3
18324 3
18325 3
18326 3
18327 3
18328 3
18329 3
18330 3
18331 3
18332 3
18333 3
18334 3
18335 3
18336 3
18337 3
18338 3
18339 3
18340 3
18341 3
18342 3
18343 3
18344 3
18345 3
18346 3
18347 3
18348 3
18349 3
18350 3
18351 3
18352 3
18353 3
18354 3
18355 3
18356 3
18357 3
18358 3
18359 3
18360 3
18361 3
18362 3
18363 3
18364 3
18365 3
18366 3
18367 3
18368 3
18369 3
18370 3
18371 3
18372 3
18373 3
18374 3
18375 3
18376 3
18377 3
18378 3
18379 3
18380 3
18381 3
18382 3
18383 3
18384 3
18385 3
18386 3
18387 3
18388 3
18389 3
18390 3
18391 3
18392 3
18393 3
18394 3
18395 3
18396 3
18397 3
18398 3
18399 3
18400 3
18401 3
18402 3
18403 3
18404 3
18405 3
18406 3
18407 3
18408 3
18409 3
18410 3
18411 3
18412 3
18413 3
18414 3
18415 3
18416 3
18417 3
18418 3
18419 3
18420 3
18421 3
18422 3
18423 3
18424 3
18425 3
18426 3
18427 3
18428 3
18429 3
18430 3
18431 3
18432 1
18433 1
18434 1
18435 1
18436 1
18437 1
18438 1
18439 1
18440 1
18441 1
18442 1
18443 1
18444 1
18445 1
18446 1
18447 1
18448 1
18449 1
18450 1
18451 1
18452 1
18453 1
18454 1
18455 1
18456 1
18457 1
18458 1
18459 1
18460 1
18461 1
18462 1
18463 1
18464 1
18465 1
18466 1
18467 1
18468 1
18469 1
18470 1
18471 1
18472 1
18473 1
18474 1
18475 1
18476 1
18477 1
18478 1
18479 1
18480 1
18481 1
18482 1
18483 1
18484 1
18485 1
18486 1
18487 1
18488 1
18489 1
18490 1
18491 1
18492 1
18493 1
18494 1
18495 1
18496 1
18497 1
18498 1
18499 1
18500 1
18501 1
18502 1
18503 1
18504 1
18505 1
18506 1
18507 1
18508 1
18509 1
18510 1
18511 1
18512 1
18513 1
18514 1
18515 1
18516 1
18517 1
18518 1
18519 1
18520 1
18521 1
18522 1
18523 1
18524 1
18525 1
18526 1
18527 1
18528 1
18529 1
18530 1
18531 1
18532 1
18533 1
18534 1
18535 1
18536 1
18537 1
18538 1
18539 1
18540 1
18541 1
18542 1
18543 1
18544 1
18545 1
18546 1
18547 1
18548 1
18549 1
18550 1
18551 1
18552 1
18553 1
18554 1
18555 1
18556 1
18557 1
18558 1
18559 1
18560 1
18561 1
18562 1
18563 1
18564 1
18565 1
18566 1
18567 1
18568 1
18569 1
18570 1
18571 1
18572 1
18573 1
18574 1
18575 1
18576 1
18577 1
18578 1
18579 1
18580 1
18581 1
18582 1
18583 1
18584 1
18585 1
18586 1
18587 1
18588 1
18589 1
18590 1
18591 1
18592 1
18593 1
18594 1
18595 1
18596 1
18597 1
18598 1
18599 1
18600 1
18601 1
18602 1
18603 1
18604 1
18605 1
18606 1
18607 1
18608 1
18609 1
18610 1
18611 1
18612 1
18613 1
18614 1
18615 1
18616 1
18617 1
18618 1
18619 1
18620 1
18621 1
18622 1
18623 1
18624 2
18625 2
18626 2
18627 2
18628 2
18629 2
18630 2
18631 2
18632 2
18633 2
18634 2
18635 2
18636 2
18637 2
18638 2
18639 2
18640 2
18641 2
18642 2
18643 2
18644 2
18645 2
18646 2
18647 2
18648 2
18649 2
18650 2
18651 2
18652 2
18653 2
18654 2
18655 2
18656 2
18657 2
18658 2
18659 2
18660 2
18661 2
18662 2
18663 2
18664 2
18665 2
18666 2
18667 2
18668 2
18669 2
18670 2
18671 2
18672 2
18673 2
18674 2
18675 2
18676 2
18677 2
18678 2
18679 2
18680 2
18681 2
18682 2
18683 2
18684 2
18685 2
18686 2
18687 2
18688 2
18689 2
18690 2
18691 2
18692 2
18693 2
18694 2
18695 2
18696 2
18697 2
18698 2
18699 2
18700 2
18701 2
18702 2
18703 2
18704 2
18705 2
18706 2
18707 2
18708 2
18709 2
18710 2
18711 2
18712 2
18713 2
18714 2
18715 2
18716 2
18717 2
18718 2
18719 2
18720 2
18721 2
18722 2
18723 2
18724 2
18725 2
18726 2
18727 2
18728 2
18729 2
18730 2
18731 2
18732 2
18733 2
18734 2
18735 2
18736 2
18737 2
18738 2
18739 2
18740 2
18741 2
18742 2
18743 2
18744 2
18745 2
18746 2
18747 2
18748 2
18749 2
18750 2
18751 2
18752 2
18753 2
18754 2
18755 2
18756 2
18757 2
18758 2
18759 2
18760 2
18761 2
18762 2
18763 2
18764 2
18765 2
18766 2
18767 2
18768 2
18769 2
18770 2
18771 2
18772 2
18773 2
18774 2
18775 2
18776 2
18777 2
18778 2
18779 2
18780 2
18781 2
18782 2
18783 2
18784 2
18785 2
18786 2
18787 2
18788 2
18789 2
18790 2
18791 2
18792 2
18793 2
18794 2
18795 2
18796 2
18797 2
18798 2
18799 2
18800 2
18801 2
18802 2
18803 2
18804 2
18805 2
18806 2
18807 2
18808 2
18809 2
18810 2
18811 2
18812 2
18813 2
18814 2
18815 2
18816 2
18817 2
18818 2
18819 2
18820 2
18821 2
18822 2
18823 2
18824 2
18825 2
18826 2
18827 2
18828 2
18829 2
18830 2
18831 2
18832 2
18833 2
18834 2
18835 2
18836 2
18837 2
18838 2
18839 2
18840 2
18841 2
18842 2
18843 2
18844 2
18845 2
18846 2
18847 2
18848 2
18849 2
18850 2
18851 2
18852 2
18853 2
18854 2
18855 2
18856 2
18857 2
18858 2
18859 2
18860 2
18861 2
18862 2
18863 2
18864 2
18865 2
18866 2
18867 2
18868 2
18869 2
18870 2
18871 2
18872 2
18873 2
18874 2
18875 2
18876 2
18877 2
18878 2
18879 2
18880 2
18881 2
18882 2
18883 2
18884 2
18885 2
18886 2
18887 2
18888 2
18889 2
18890 2
18891 2
18892 2
18893 2
18894 2
18895 2
18896 2
18897 2
18898 2
18899 2
18900 2
18901 2
18902 2
18903 2
18904 2
18905 2
18906 2
18907 2
18908 2
18909 2
18910 2
18911 2
18912 2
18913 2
18914 2
18915 2
18916 2
18917 2
18918 2
18919 2
18920 2
18921 2
18922 2
18923 2
18924 2
18925 2
18926 2
18927 2
18928 2
18929 2
18930 2
18931 2
18932 2
18933 2
18934 2
18935 2
18936 2
18937 2
18938 2
18939 2
18940 2
18941 2
18942 2
18943 2
18944 2
18945 2
18946 2
18947 2
18948 2
18949 2
18950 2
18951 2
18952 2
18953 2
18954 2
18955 2
18956 2
18957 2
18958 2
18959 2
18960 2
18961 2
18962 2
18963 2
18964 2
18965 2
18966 2
18967 2
18968 2
18969 2
18970 2
18971 2
18972 2
18973 2
18974 2
18975 2
18976 2
18977 2
18978 2
18979 2
18980 2
18981 2
18982 2
18983 2
18984 2
18985 2
18986 2
18987 2
18988 2
18989 2
18990 2
18991 2
18992 2
18993 2
18994 2
18995 2
18996 2
18997 2
18998 2
18999 2
19000 2
19001 2
19002 2
19003 2
19004 2
19005 2
19006 2
19007 2
19008 2
19009 2
19010 2
19011 2
19012 2
19013 2
19014 2
19015 2
19016 2
19017 2
19018 2
19019 2
19020 2
19021 2
19022 2
19023 2
19024 2
19025 2
19026 2
19027 2
19028 2
19029 2
19030 2
19031 2
19032 2
19033 2
19034 2
19035 2
19036 2
19037 2
19038 2
19039 2
19040 2
19041 2
19042 2
19043 2
19044 2
19045 2
19046 2
19047 2
19048 2
19049 2
19050 2
19051 2
19052 2
19053 2
19054 2
19055 2
19056 2
19057 2
19058 2
19059 2
19060 2
19061 2
19062 2
19063 2
19064 2
19065 2
19066 2
19067 2
19068 2
19069 2
19070 2
19071 2
19072 2
19073 2
19074 2
19075 2
19076 2
19077 2
19078 2
19079 2
19080 2
19081 2
19082 2
19083 2
19084 2
19085 2
19086 2
19087 2
19088 2
19089 2
19090 2
19091 2
19092 2
19093 2
19094 2
19095 2
19096 2
19097 2
19098 2
19099 2
19100 2
19101 2
19102 2
19103 2
19104 2
19105 2
19106 2
19107 2
19108 2
19109 2
19110 2
19111 2
19112 2
19113 2
19114 2
19115 2
19116 2
19117 2
19118 2
19119 2
19120 2
19121 2
19122 2
19123 2
19124 2
19125 2
19126 2
19127 2
19128 2
19129 2
19130 2
19131 2
19132 2
19133 2
19134 2
19135 2
19136 2
19137 2
19138 2
19139 2
19140 2
19141 2
19142 2
19143 2
19144 2
19145 2
19146 2
19147 2
19148 2
19149 2
19150 2
19151 2
19152 2
19153 2
19154 2
19155 2
19156 2
19157 2
19158 2
19159 2
19160 2
19161 2
19162 2
19163 2
19164 2
19165 2
19166 2
19167 2
19168 2
19169 2
19170 2
19171 2
19172 2
19173 2
19174 2
19175 2
19176 2
19177 2
19178 2
19179 2
19180 2
19181 2
19182 2
19183 2
19184 2
19185 2
19186 2
19187 2
19188 2
19189 2
19190 2
19191 2
19192 2
19193 2
19194 2
19195 2
19196 2
19197 2
19198 2
19199 2
19200 2
19201 2
19202 2
19203 2
19204 2
19205 2
19206 2
19207 2
19208 2
19209 2
19210 2
19211 2
19212 2
19213 2
19214 2
19215 2
19216 2
19217 2
19218 2
19219 2
19220 2
19221 2
19222 2
19223 2
19224 2
19225 2
19226 2
19227 2
19228 2
19229 2
19230 2
19231 2
19232 2
19233 2
19234 2
19235 2
19236 2
19237 2
19238 2
19239 2
19240 2
19241 2
19242 2
19243 2
19244 2
19245 2
19246 2
19247 2
19248 2
19249 2
19250 2
19251 2
19252 2
19253 2
19254 2
19255 2
19256 2
19257 2
19258 2
19259 2
19260 2
19261 2
19262 2
19263 2
19264 2
19265 2
19266 2
19267 2
19268 2
19269 2
19270 2
19271 2
19272 2
19273 2
19274 2
19275 2
19276 2
19277 2
19278 2
19279 2
19280 2
19281 2
19282 2
19283 2
19284 2
19285 2
19286 2
19287 2
19288 2
19289 2
19290 2
19291 2
19292 2
19293 2
19294 2
19295 2
19296 2
19297 2
19298 2
19299 2
19300 2
19301 2
19302 2
19303 2
19304 2
19305 2
19306 2
19307 2
19308 2
19309 2
19310 2
19311 2
19312 2
19313 2
19314 2
19315 2
19316 2
19317 2
19318 2
19319 2
19320 2
19321 2
19322 2
19323 2
19324 2
19325 2
19326 2
19327 2
19328 2
19329 2
19330 2
19331 2
19332 2
19333 2
19334 2
19335 2
19336 2
19337 2
19338 2
19339 2
19340 2
19341 2
19342 2
19343 2
19344 2
19345 2
19346 2
19347 2
19348 2
19349 2
19350 2
19351 2
19352 2
19353 2
19354 2
19355 2
19356 2
19357 2
19358 2
19359 2
19360 2
19361 2
19362 2
19363 2
19364 2
19365 2
19366 2
19367 2
19368 2
19369 2
19370 2
19371 2
19372 2
19373 2
19374 2
19375 2
19376 2
19377 2
19378 2
19379 2
19380 2
19381 2
19382 2
19383 2
19384 2
19385 2
19386 2
19387 2
19388 2
19389 2
19390 2
19391 2
19392 3
19393 3
19394 3
19395 3
19396 3
19397 3
19398 3
19399 3
19400 3
19401 3
19402 3
19403 3
19404 3
19405 3
19406 3
19407 3
19408 3
19409 3
19410 3
19411 3
19412 3
19413 3
19414 3
19415 3
19416 3
19417 3
19418 3
19419 3
19420 3
19421 3
19422 3
19423 3
19424 3
19425 3
19426 3
19427 3
19428 3
19429 3
19430 3
19431 3
19432 3
19433 3
19434 3
19435 3
19436 3
19437 3
19438 3
19439 3
19440 3
19441 3
19442 3
19443 3
19444 3
19445 3
19446 3
19447 3
19448 3
19449 3
19450 3
19451 3
19452 3
19453 3
19454 3
19455 3
19456 3
19457 3
19458 3
19459 3
19460 3
19461 3
19462 3
19463 3
19464 3
19465 3
19466 3
19467 3
19468 3
19469 3
19470 3
19471 3
19472 3
19473 3
19474 3
19475 3
19476 3
19477 3
19478 3
19479 3
19480 3
19481 3
19482 3
19483 3
19484 3
19485 3
19486 3
19487 3
19488 3
19489 3
19490 3
19491 3
19492 3
19493 3
19494 3
19495 3
19496 3
19497 3
19498 3
19499 3
19500 3
19501 3
19502 3
19503 3
19504 3
19505 3
19506 3
19507 3
19508 3
19509 3
19510 3
19511 3
19512 3
19513 3
19514 3
19515 3
19516 3
19517 3
19518 3
19519 3
19520 3
19521 3
19522 3
19523 3
19524 3
19525 3
19526 3
19527 3
19528 3
19529 3
19530 3
19531 3
19532 3
19533 3
19534 3
19535 3
19536 3
19537 3
19538 3
19539 3
19540 3
19541 3
19542 3
19543 3
19544 3
19545 3
19546 3
19547 3
19548 3
19549 3
19550 3
19551 3
19552 3
19553 3
19554 3
19555 3
19556 3
19557 3
19558 3
19559 3
19560 3
19561 3
19562 3
19563 3
19564 3
19565 3
19566 3
19567 3
19568 3
19569 3
19570 3
19571 3
19572 3
19573 3
19574 3
19575 3
19576 3
19577 3
19578 3
19579 3
19580 3
19581 3
19582 3
19583 3
19584 2
19585 2
19586 2
19587 2
19588 2
19589 2
19590 2
19591 2
19592 2
19593 2
19594 2
19595 2
19596 2
19597 2
19598 2
19599 2
19600 2
19601 2
19602 2
19603 2
19604 2
19605 2
19606 2
19607 2
19608 2
19609 2
19610 2
19611 2
19612 2
19613 2
19614 2
19615 2
19616 2
19617 2
19618 2
19619 2
19620 2
19621 2
19622 2
19623 2
19624 2
19625 2
19626 2
19627 2
19628 2
19629 2
19630 2
19631 2
19632 2
19633 2
19634 2
19635 2
19636 2
19637 2
19638 2
19639 2
19640 2
19641 2
19642 2
19643 2
19644 2
19645 2
19646 2
19647 2
19648 2
19649 2
19650 2
19651 2
19652 2
19653 2
19654 2
19655 2
19656 2
19657 2
19658 2
19659 2
19660 2
19661 2
19662 2
19663 2
19664 2
19665 2
19666 2
19667 2
19668 2
19669 2
19670 2
19671 2
19672 2
19673 2
19674 2
19675 2
19676 2
19677 2
19678 2
19679 2
19680 2
19681 2
19682 2
19683 2
19684 2
19685 2
19686 2
19687 2
19688 2
19689 2
19690 2
19691 2
19692 2
19693 2
19694 2
19695 2
19696 2
19697 2
19698 2
19699 2
19700 2
19701 2
19702 2
19703 2
19704 2
19705 2
19706 2
19707 2
19708 2
19709 2
19710 2
19711 2
19712 2
19713 2
19714 2
19715 2
19716 2
19717 2
19718 2
19719 2
19720 2
19721 2
19722 2
19723 2
19724 2
19725 2
19726 2
19727 2
19728 2
19729 2
19730 2
19731 2
19732 2
19733 2
19734 2
19735 2
19736 2
19737 2
19738 2
19739 2
19740 2
19741 2
19742 2
19743 2
19744 2
19745 2
19746 2
19747 2
19748 2
19749 2
19750 2
19751 2
19752 2
19753 2
19754 2
19755 2
19756 2
19757 2
19758 2
19759 2
19760 2
19761 2
19762 2
19763 2
19764 2
19765 2
19766 2
19767 2
19768 2
19769 2
19770 2
19771 2
19772 2
19773 2
19774 2
19775 2
19776 3
19777 3
19778 3
19779 3
19780 3
19781 3
19782 3
19783 3
19784 3
19785 3
19786 3
19787 3
19788 3
19789 3
19790 3
19791 3
19792 3
19793 3
19794 3
19795 3
19796 3
19797 3
19798 3
19799 3
19800 3
19801 3
19802 3
19803 3
19804 3
19805 3
19806 3
19807 3
19808 3
19809 3
19810 3
19811 3
19812 3
19813 3
19814 3
19815 3
19816 3
19817 3
19818 3
19819 3
19820 3
19821 3
19822 3
19823 3
19824 3
19825 3
19826 3
19827 3
19828 3
19829 3
19830 3
19831 3
19832 3
19833 3
19834 3
19835 3
19836 3
19837 3
19838 3
19839 3
19840 3
19841 3
19842 3
19843 3
19844 3
19845 3
19846 3
19847 3
19848 3
19849 3
19850 3
19851 3
19852 3
19853 3
19854 3
19855 3
19856 3
19857 3
19858 3
19859 3
19860 3
19861 3
19862 3
19863 3
19864 3
19865 3
19866 3
19867 3
19868 3
19869 3
19870 3
19871 3
19872 3
19873 3
19874 3
19875 3
19876 3
19877 3
19878 3
19879 3
19880 3
19881 3
19882 3
19883 3
19884 3
19885 3
19886 3
19887 3
19888 3
19889 3
19890 3
19891 3
19892 3
19893 3
19894 3
19895 3
19896 3
19897 3
19898 3
19899 3
19900 3
19901 3
19902 3
19903 3
19904 3
19905 3
19906 3
19907 3
19908 3
19909 3
19910 3
19911 3
19912 3
19913 3
19914 3
19915 3
19916 3
19917 3
19918 3
19919 3
19920 3
19921 3
19922 3
19923 3
19924 3
19925 3
19926 3
19927 3
19928 3
19929 3
19930 3
19931 3
19932 3
19933 3
19934 3
19935 3
19936 3
19937 3
19938 3
19939 3
19940 3
19941 3
19942 3
19943 3
19944 3
19945 3
19946 3
19947 3
19948 3
19949 3
19950 3
19951 3
19952 3
19953 3
19954 3
19955 3
19956 3
19957 3
19958 3
19959 3
19960 3
19961 3
19962 3
19963 3
19964 3
19965 3
19966 3
19967 3
19968 2
19969 2
19970 2
19971 2
19972 2
19973 2
19974 2
19975 2
19976 2
19977 2
19978 2
19979 2
19980 2
19981 2
19982 2
19983 2
19984 2
19985 2
19986 2
19987 2
19988 2
19989 2
19990 2
19991 2
19992 2
19993 2
19994 2
19995 2
19996 2
19997 2
19998 2
19999 2
20000 2
20001 2
20002 2
20003 2
20004 2
20005 2
20006 2
20007 2
20008 2
20009 2
20010 2
20011 2
20012 2
20013 2
20014 2
20015 2
20016 2
20017 2
20018 2
20019 2
20020 2
20021 2
20022 2
20023 2
20024 2
20025 2
20026 2
20027 2
20028 2
20029 2
20030 2
20031 2
20032 2
20033 2
20034 2
20035 2
20036 2
20037 2
20038 2
20039 2
20040 2
20041 2
20042 2
20043 2
20044 2
20045 2
20046 2
20047 2
20048 2
20049 2
20050 2
20051 2
20052 2
20053 2
20054 2
20055 2
20056 2
20057 2
20058 2
20059 2
20060 2
20061 2
20062 2
20063 2
20064 2
20065 2
20066 2
20067 2
20068 2
20069 2
20070 2
20071 2
20072 2
20073 2
20074 2
20075 2
20076 2
20077 2
20078 2
20079 2
20080 2
20081 2
20082 2
20083 2
20084 2
20085 2
20086 2
20087 2
20088 2
20089 2
20090 2
20091 2
20092 2
20093 2
20094 2
20095 2
20096 2
20097 2
20098 2
20099 2
20100 2
20101 2
20102 2
20103 2
20104 2
20105 2
20106 2
20107 2
20108 2
20109 2
20110 2
20111 2
20112 2
20113 2
20114 2
20115 2
20116 2
20117 2
20118 2
20119 2
20120 2
20121 2
20122 2
20123 2
20124 2
20125 2
20126 2
20127 2
20128 2
20129 2
20130 2
20131 2
20132 2
20133 2
20134 2
20135 2
20136 2
20137 2
20138 2
20139 2
20140 2
20141 2
20142 2
20143 2
20144 2
20145 2
20146 2
20147 2
20148 2
20149 2
20150 2
20151 2
20152 2
20153 2
20154 2
20155 2
20156 2
20157 2
20158 2
20159 2
20160 3
20161 3
20162 3
20163 3
20164 3
20165 3
20166 3
20167 3
20168 3
20169 3
20170 3
20171 3
20172 3
20173 3
20174 3
20175 3
20176 3
20177 3
20178 3
20179 3
20180 3
20181 3
20182 3
20183 3
20184 3
20185 3
20186 3
20187 3
20188 3
20189 3
20190 3
20191 3
20192 3
20193 3
20194 3
20195 3
20196 3
20197 3
20198 3
20199 3
20200 3
20201 3
20202 3
20203 3
20204 3
20205 3
20206 3
20207 3
20208 3
20209 3
20210 3
20211 3
20212 3
20213 3
20214 3
20215 3
20216 3
20217 3
20218 3
20219 3
20220 3
20221 3
20222 3
20223 3
20224 3
20225 3
20226 3
20227 3
20228 3
20229 3
20230 3
20231 3
20232 3
20233 3
20234 3
20235 3
20236 3
20237 3
20238 3
20239 3
20240 3
20241 3
20242 3
20243 3
20244 3
20245 3
20246 3
20247 3
20248 3
20249 3
20250 3
20251 3
20252 3
20253 3
20254 3
20255 3
20256 3
20257 3
20258 3
20259 3
20260 3
20261 3
20262 3
20263 3
20264 3
20265 3
20266 3
20267 3
20268 3
20269 3
20270 3
20271 3
20272 3
20273 3
20274 3
20275 3
20276 3
20277 3
20278 3
20279 3
20280 3
20281 3
20282 3
20283 3
20284 3
20285 3
20286 3
20287 3
20288 3
20289 3
20290 3
20291 3
20292 3
20293 3
20294 3
20295 3
20296 3
20297 3
20298 3
20299 3
20300 3
20301 3
20302 3
20303 3
20304 3
20305 3
20306 3
20307 3
20308 3
20309 3
20310 3
20311 3
20312 3
20313 3
20314 3
20315 3
20316 3
20317 3
20318 3
20319 3
20320 3
20321 3
20322 3
20323 3
20324 3
20325 3
20326 3
20327 3
20328 3
20329 3
20330 3
20331 3
20332 3
20333 3
20334 3
20335 3
20336 3
20337 3
20338 3
20339 3
20340 3
20341 3
20342 3
20343 3
20344 3
20345 3
20346 3
20347 3
20348 3
20349 3
20350 3
20351 3
20352 3
20353 3
20354 3
20355 3
20356 3
20357 3
20358 3
20359 3
20360 3
20361 3
20362 3
20363 3
20364 3
20365 3
20366 3
20367 3
20368 3
20369 3
20370 3
20371 3
20372 3
20373 3
20374 3
20375 3
20376 3
20377 3
20378 3
20379 3
20380 3
20381 3
20382 3
20383 3
20384 3
20385 3
20386 3
20387 3
20388 3
20389 3
20390 3
20391 3
20392 3
20393 3
20394 3
20395 3
20396 3
20397 3
20398 3
20399 3
20400 3
20401 3
20402 3
20403 3
20404 3
20405 3
20406 3
20407 3
20408 3
20409 3
20410 3
20411 3
20412 3
20413 3
20414 3
20415 3
20416 3
20417 3
20418 3
20419 3
20420 3
20421 3
20422 3
20423 3
20424 3
20425 3
20426 3
20427 3
20428 3
20429 3
20430 3
20431 3
20432 3
20433 3
20434 3
20435 3
20436 3
20437 3
20438 3
20439 3
20440 3
20441 3
20442 3
20443 3
20444 3
20445 3
20446 3
20447 3
20448 3
20449 3
20450 3
20451 3
20452 3
20453 3
20454 3
20455 3
20456 3
20457 3
20458 3
20459 3
20460 3
20461 3
20462 3
20463 3
20464 3
20465 3
20466 3
20467 3
20468 3
20469 3
20470 3
20471 3
20472 3
20473 3
20474 3
20475 3
20476 3
20477 3
20478 3
20479 3
20480 3
20481 3
20482 3
20483 3
20484 3
20485 3
20486 3
20487 3
20488 3
20489 3
20490 3
20491 3
20492 3
20493 3
20494 3
20495 3
20496 3
20497 3
20498 3
20499 3
20500 3
20501 3
20502 3
20503 3
20504 3
20505 3
20506 3
20507 3
20508 3
20509 3
20510 3
20511 3
20512 3
20513 3
20514 3
20515 3
20516 3
20517 3
20518 3
20519 3
20520 3
20521 3
20522 3
20523 3
20524 3
20525 3
20526 3
20527 3
20528 3
20529 3
20530 3
20531 3
20532 3
20533 3
20534 3
20535 3
20536 3
20537 3
20538 3
20539 3
20540 3
20541 3
20542 3
20543 3
20544 4
20545 4
20546 4
20547 4
20548 4
20549 4
20550 4
20551 4
20552 4
20553 4
20554 4
20555 4
20556 4
20557 4
20558 4
20559 4
20560 4
20561 4
20562 4
20563 4
20564 4
20565 4
20566 4
20567 4
20568 4
20569 4
20570 4
20571 4
20572 4
20573 4
20574 4
20575 4
20576 4
20577 4
20578 4
20579 4
20580 4
20581 4
20582 4
20583 4
20584 4
20585 4
20586 4
20587 4
20588 4
20589 4
20590 4
20591 4
20592 4
20593 4
20594 4
20595 4
20596 4
20597 4
20598 4
20599 4
20600 4
20601 4
20602 4
20603 4
20604 4
20605 4
20606 4
20607 4
20608 4
20609 4
20610 4
20611 4
20612 4
20613 4
20614 4
20615 4
20616 4
20617 4
20618 4
20619 4
20620 4
20621 4
20622 4
20623 4
20624 4
20625 4
20626 4
20627 4
20628 4
20629 4
20630 4
20631 4
20632 4
20633 4
20634 4
20635 4
20636 4
20637 4
20638 4
20639 4
20640 4
20641 4
20642 4
20643 4
20644 4
20645 4
20646 4
20647 4
20648 4
20649 4
20650 4
20651 4
20652 4
20653 4
20654 4
20655 4
20656 4
20657 4
20658 4
20659 4
20660 4
20661 4
20662 4
20663 4
20664 4
20665 4
20666 4
20667 4
20668 4
20669 4
20670 4
20671 4
20672 4
20673 4
20674 4
20675 4
20676 4
20677 4
20678 4
20679 4
20680 4
20681 4
20682 4
20683 4
20684 4
20685 4
20686 4
20687 4
20688 4
20689 4
20690 4
20691 4
20692 4
20693 4
20694 4
20695 4
20696 4
20697 4
20698 4
20699 4
20700 4
20701 4
20702 4
20703 4
20704 4
20705 4
20706 4
20707 4
20708 4
20709 4
20710 4
20711 4
20712 4
20713 4
20714 4
20715 4
20716 4
20717 4
20718 4
20719 4
20720 4
20721 4
20722 4
20723 4
20724 4
20725 4
20726 4
20727 4
20728 4
20729 4
20730 4
20731 4
20732 4
20733 4
20734 4
20735 4
20736 3
20737 3
20738 3
20739 3
20740 3
20741 3
20742 3
20743 3
20744 3
20745 3
20746 3
20747 3
20748 3
20749 3
20750 3
20751 3
20752 3
20753 3
20754 3
20755 3
20756 3
20757 3
20758 3
20759 3
20760 3
20761 3
20762 3
20763 3
20764 3
20765 3
20766 3
20767 3
20768 3
20769 3
20770 3
20771 3
20772 3
20773 3
20774 3
20775 3
20776 3
20777 3
20778 3
20779 3
20780 3
20781 3
20782 3
20783 3
20784 3
20785 3
20786 3
20787 3
20788 3
20789 3
20790 3
20791 3
20792 3
20793 3
20794 3
20795 3
20796 3
20797 3
20798 3
20799 3
20800 3
20801 3
20802 3
20803 3
20804 3
20805 3
20806 3
20807 3
20808 3
20809 3
20810 3
20811 3
20812 3
20813 3
20814 3
20815 3
20816 3
20817 3
20818 3
20819 3
20820 3
20821 3
20822 3
20823 3
20824 3
20825 3
20826 3
20827 3
20828 3
20829 3
20830 3
20831 3
20832 3
20833 3
20834 3
20835 3
20836 3
20837 3
20838 3
20839 3
20840 3
20841 3
20842 3
20843 3
20844 3
20845 3
20846 3
20847 3
20848 3
20849 3
20850 3
20851 3
20852 3
20853 3
20854 3
20855 3
20856 3
20857 3
20858 3
20859 3
20860 3
20861 3
20862 3
20863 3
20864 3
20865 3
20866 3
20867 3
20868 3
20869 3
20870 3
20871 3
20872 3
20873 3
20874 3
20875 3
20876 3
20877 3
20878 3
20879 3
20880 3
20881 3
20882 3
20883 3
20884 3
20885 3
20886 3
20887 3
20888 3
20889 3
20890 3
20891 3
20892 3
20893 3
20894 3
20895 3
20896 3
20897 3
20898 3
20899 3
20900 3
20901 3
20902 3
20903 3
20904 3
20905 3
20906 3
20907 3
20908 3
20909 3
20910 3
20911 3
20912 3
20913 3
20914 3
20915 3
20916 3
20917 3
20918 3
20919 3
20920 3
20921 3
20922 3
20923 3
20924 3
20925 3
20926 3
20927 3
20928 4
20929 4
20930 4
20931 4
20932 4
20933 4
20934 4
20935 4
20936 4
20937 4
20938 4
20939 4
20940 4
20941 4
20942 4
20943 4
20944 4
20945 4
20946 4
20947 4
20948 4
20949 4
20950 4
20951 4
20952 4
20953 4
20954 4
20955 4
20956 4
20957 4
20958 4
20959 4
20960 4
20961 4
20962 4
20963 4
20964 4
20965 4
20966 4
20967 4
20968 4
20969 4
20970 4
20971 4
20972 4
20973 4
20974 4
20975 4
20976 4
20977 4
20978 4
20979 4
20980 4
20981 4
20982 4
20983 4
20984 4
20985 4
20986 4
20987 4
20988 4
20989 4
20990 4
20991 4
20992 4
20993 4
20994 4
20995 4
20996 4
20997 4
20998 4
20999 4
21000 4
21001 4
21002 4
21003 4
21004 4
21005 4
21006 4
21007 4
21008 4
21009 4
21010 4
21011 4
21012 4
21013 4
21014 4
21015 4
21016 4
21017 4
21018 4
21019 4
21020 4
21021 4
21022 4
21023 4
21024 4
21025 4
21026 4
21027 4
21028 4
21029 4
21030 4
21031 4
21032 4
21033 4
21034 4
21035 4
21036 4
21037 4
21038 4
21039 4
21040 4
21041 4
21042 4
21043 4
21044 4
21045 4
21046 4
21047 4
21048 4
21049 4
21050 4
21051 4
21052 4
21053 4
21054 4
21055 4
21056 4
21057 4
21058 4
21059 4
21060 4
21061 4
21062 4
21063 4
21064 4
21065 4
21066 4
21067 4
21068 4
21069 4
21070 4
21071 4
21072 4
21073 4
21074 4
21075 4
21076 4
21077 4
21078 4
21079 4
21080 4
21081 4
21082 4
21083 4
21084 4
21085 4
21086 4
21087 4
21088 4
21089 4
21090 4
21091 4
21092 4
21093 4
21094 4
21095 4
21096 4
21097 4
21098 4
21099 4
21100 4
21101 4
21102 4
21103 4
21104 4
21105 4
21106 4
21107 4
21108 4
21109 4
21110 4
21111 4
21112 4
21113 4
21114 4
21115 4
21116 4
21117 4
21118 4
21119 4
21120 5
21121 5
21122 5
21123 5
21124 5
21125 5
21126 5
21127 5
21128 5
21129 5
21130 5
21131 5
21132 5
21133 5
21134 5
21135 5
21136 5
21137 5
21138 5
21139 5
21140 5
21141 5
21142 5
21143 5
21144 5
21145 5
21146 5
21147 5
21148 5
21149 5
21150 5
21151 5
21152 5
21153 5
21154 5
21155 5
21156 5
21157 5
21158 5
21159 5
21160 5
21161 5
21162 5
21163 5
21164 5
21165 5
21166 5
21167 5
21168 5
21169 5
21170 5
21171 5
21172 5
21173 5
21174 5
21175 5
21176 5
21177 5
21178 5
21179 5
21180 5
21181 5
21182 5
21183 5
21184 5
21185 5
21186 5
21187 5
21188 5
21189 5
21190 5
21191 5
21192 5
21193 5
21194 5
21195 5
21196 5
21197 5
21198 5
21199 5
21200 5
21201 5
21202 5
21203 5
21204 5
21205 5
21206 5
21207 5
21208 5
21209 5
21210 5
21211 5
21212 5
21213 5
21214 5
21215 5
21216 5
21217 5
21218 5
21219 5
21220 5
21221 5
21222 5
21223 5
21224 5
21225 5
21226 5
21227 5
21228 5
21229 5
21230 5
21231 5
21232 5
21233 5
21234 5
21235 5
21236 5
21237 5
21238 5
21239 5
21240 5
21241 5
21242 5
21243 5
21244 5
21245 5
21246 5
21247 5
21248 5
21249 5
21250 5
21251 5
21252 5
21253 5
21254 5
21255 5
21256 5
21257 5
21258 5
21259 5
21260 5
21261 5
21262 5
21263 5
21264 5
21265 5
21266 5
21267 5
21268 5
21269 5
21270 5
21271 5
21272 5
21273 5
21274 5
21275 5
21276 5
21277 5
21278 5
21279 5
21280 5
21281 5
21282 5
21283 5
21284 5
21285 5
21286 5
21287 5
21288 5
21289 5
21290 5
21291 5
21292 5
21293 5
21294 5
21295 5
21296 5
21297 5
21298 5
21299 5
21300 5
21301 5
21302 5
21303 5
21304 5
21305 5
21306 5
21307 5
21308 5
21309 5
21310 5
21311 5
21312 5
21313 5
21314 5
21315 5
21316 5
21317 5
21318 5
21319 5
21320 5
21321 5
21322 5
21323 5
21324 5
21325 5
21326 5
21327 5
21328 5
21329 5
21330 5
21331 5
21332 5
21333 5
21334 5
21335 5
21336 5
21337 5
21338 5
21339 5
21340 5
21341 5
21342 5
21343 5
21344 5
21345 5
21346 5
21347 5
21348 5
21349 5
21350 5
21351 5
21352 5
21353 5
21354 5
21355 5
21356 5
21357 5
21358 5
21359 5
21360 5
21361 5
21362 5
21363 5
21364 5
21365 5
21366 5
21367 5
21368 5
21369 5
21370 5
21371 5
21372 5
21373 5
21374 5
21375 5
21376 5
21377 5
21378 5
21379 5
21380 5
21381 5
21382 5
21383 5
21384 5
21385 5
21386 5
21387 5
21388 5
21389 5
21390 5
21391 5
21392 5
21393 5
21394 5
21395 5
21396 5
21397 5
21398 5
21399 5
21400 5
21401 5
21402 5
21403 5
21404 5
21405 5
21406 5
21407 5
21408 5
21409 5
21410 5
21411 5
21412 5
21413 5
21414 5
21415 5
21416 5
21417 5
21418 5
21419 5
21420 5
21421 5
21422 5
21423 5
21424 5
21425 5
21426 5
21427 5
21428 5
21429 5
21430 5
21431 5
21432 5
21433 5
21434 5
21435 5
21436 5
21437 5
21438 5
21439 5
21440 5
21441 5
21442 5
21443 5
21444 5
21445 5
21446 5
21447 5
21448 5
21449 5
21450 5
21451 5
21452 5
21453 5
21454 5
21455 5
21456 5
21457 5
21458 5
21459 5
21460 5
21461 5
21462 5
21463 5
21464 5
21465 5
21466 5
21467 5
21468 5
21469 5
21470 5
21471 5
21472 5
21473 5
21474 5
21475 5
21476 5
21477 5
21478 5
21479 5
21480 5
21481 5
21482 5
21483 5
21484 5
21485 5
21486 5
21487 5
21488 5
21489 5
21490 5
21491 5
21492 5
21493 5
21494 5
21495 5
21496 5
21497 5
21498 5
21499 5
21500 5
21501 5
21502 5
21503 5
21504 1
21505 1
21506 1
21507 1
21508 1
21509 1
21510 1
21511 1
21512 1
21513 1
21514 1
21515 1
21516 1
21517 1
21518 1
21519 1
21520 1
21521 1
21522 1
21523 1
21524 1
21525 1
21526 1
21527 1
21528 1
21529 1
21530 1
21531 1
21532 1
21533 1
21534 1
21535 1
21536 1
21537 1
21538 1
21539 1
21540 1
21541 1
21542 1
21543 1
21544 1
21545 1
21546 1
21547 1
21548 1
21549 1
21550 1
21551 1
21552 1
21553 1
21554 1
21555 1
21556 1
21557 1
21558 1
21559 1
21560 1
21561 1
21562 1
21563 1
21564 1
21565 1
21566 1
21567 1
21568 1
21569 1
21570 1
21571 1
21572 1
21573 1
21574 1
21575 1
21576 1
21577 1
21578 1
21579 1
21580 1
21581 1
21582 1
21583 1
21584 1
21585 1
21586 1
21587 1
21588 1
21589 1
21590 1
21591 1
21592 1
21593 1
21594 1
21595 1
21596 1
21597 1
21598 1
21599 1
21600 1
21601 1
21602 1
21603 1
21604 1
21605 1
21606 1
21607 1
21608 1
21609 1
21610 1
21611 1
21612 1
21613 1
21614 1
21615 1
21616 1
21617 1
21618 1
21619 1
21620 1
21621 1
21622 1
21623 1
21624 1
21625 1
21626 1
21627 1
21628 1
21629 1
21630 1
21631 1
21632 1
21633 1
21634 1
21635 1
21636 1
21637 1
21638 1
21639 1
21640 1
21641 1
21642 1
21643 1
21644 1
21645 1
21646 1
21647 1
21648 1
21649 1
21650 1
21651 1
21652 1
21653 1
21654 1
21655 1
21656 1
21657 1
21658 1
21659 1
21660 1
21661 1
21662 1
21663 1
21664 1
21665 1
21666 1
21667 1
21668 1
21669 1
21670 1
21671 1
21672 1
21673 1
21674 1
21675 1
21676 1
21677 1
21678 1
21679 1
21680 1
21681 1
21682 1
21683 1
21684 1
21685 1
21686 1
21687 1
21688 1
21689 1
21690 1
21691 1
21692 1
21693 1
21694 1
21695 1
21696 1
21697 1
21698 1
21699 1
21700 1
21701 1
21702 1
21703 1
21704 1
21705 1
21706 1
21707 1
21708 1
21709 1
21710 1
21711 1
21712 1
21713 1
21714 1
21715 1
21716 1
21717 1
21718 1
21719 1
21720 1
21721 1
21722 1
21723 1
21724 1
21725 1
21726 1
21727 1
21728 1
21729 1
21730 1
21731 1
21732 1
21733 1
21734 1
21735 1
21736 1
21737 1
21738 1
21739 1
21740 1
21741 1
21742 1
21743 1
21744 1
21745 1
21746 1
21747 1
21748 1
21749 1
21750 1
21751 1
21752 1
21753 1
21754 1
21755 1
21756 1
21757 1
21758 1
21759 1
21760 1
21761 1
21762 1
21763 1
21764 1
21765 1
21766 1
21767 1
21768 1
21769 1
21770 1
21771 1
21772 1
21773 1
21774 1
21775 1
21776 1
21777 1
21778 1
21779 1
21780 1
21781 1
21782 1
21783 1
21784 1
21785 1
21786 1
21787 1
21788 1
21789 1
21790 1
21791 1
21792 1
21793 1
21794 1
21795 1
21796 1
21797 1
21798 1
21799 1
21800 1
21801 1
21802 1
21803 1
21804 1
21805 1
21806 1
21807 1
21808 1
21809 1
21810 1
21811 1
21812 1
21813 1
21814 1
21815 1
21816 1
21817 1
21818 1
21819 1
21820 1
21821 1
21822 1
21823 1
21824 1
21825 1
21826 1
21827 1
21828 1
21829 1
21830 1
21831 1
21832 1
21833 1
21834 1
21835 1
21836 1
21837 1
21838 1
21839 1
21840 1
21841 1
21842 1
21843 1
21844 1
21845 1
21846 1
21847 1
21848 1
21849 1
21850 1
21851 1
21852 1
21853 1
21854 1
21855 1
21856 1
21857 1
21858 1
21859 1
21860 1
21861 1
21862 1
21863 1
21864 1
21865 1
21866 1
21867 1
21868 1
21869 1
21870 1
21871 1
21872 1
21873 1
21874 1
21875 1
21876 1
21877 1
21878 1
21879 1
21880 1
21881 1
21882 1
21883 1
21884 1
21885 1
21886 1
21887 1
21888 1
21889 1
21890 1
21891 1
21892 1
21893 1
21894 1
21895 1
21896 1
21897 1
21898 1
21899 1
21900 1
21901 1
21902 1
21903 1
21904 1
21905 1
21906 1
21907 1
21908 1
21909 1
21910 1
21911 1
21912 1
21913 1
21914 1
21915 1
21916 1
21917 1
21918 1
21919 1
21920 1
21921 1
21922 1
21923 1
21924 1
21925 1
21926 1
21927 1
21928 1
21929 1
21930 1
21931 1
21932 1
21933 1
21934 1
21935 1
21936 1
21937 1
21938 1
21939 1
21940 1
21941 1
21942 1
21943 1
21944 1
21945 1
21946 1
21947 1
21948 1
21949 1
21950 1
21951 1
21952 1
21953 1
21954 1
21955 1
21956 1
21957 1
21958 1
21959 1
21960 1
21961 1
21962 1
21963 1
21964 1
21965 1
21966 1
21967 1
21968 1
21969 1
21970 1
21971 1
21972 1
21973 1
21974 1
21975 1
21976 1
21977 1
21978 1
21979 1
21980 1
21981 1
21982 1
21983 1
21984 1
21985 1
21986 1
21987 1
21988 1
21989 1
21990 1
21991 1
21992 1
21993 1
21994 1
21995 1
21996 1
21997 1
21998 1
21999 1
22000 1
22001 1
22002 1
22003 1
22004 1
22005 1
22006 1
22007 1
22008 1
22009 1
22010 1
22011 1
22012 1
22013 1
22014 1
22015 1
22016 1
22017 1
22018 1
22019 1
22020 1
22021 1
22022 1
22023 1
22024 1
22025 1
22026 1
22027 1
22028 1
22029 1
22030 1
22031 1
22032 1
22033 1
22034 1
22035 1
22036 1
22037 1
22038 1
22039 1
22040 1
22041 1
22042 1
22043 1
22044 1
22045 1
22046 1
22047 1
22048 1
22049 1
22050 1
22051 1
22052 1
22053 1
22054 1
22055 1
22056 1
22057 1
22058 1
22059 1
22060 1
22061 1
22062 1
22063 1
22064 1
22065 1
22066 1
22067 1
22068 1
22069 1
22070 1
22071 1
22072 1
22073 1
22074 1
22075 1
22076 1
22077 1
22078 1
22079 1
22080 1
22081 1
22082 1
22083 1
22084 1
22085 1
22086 1
22087 1
22088 1
22089 1
22090 1
22091 1
22092 1
22093 1
22094 1
22095 1
22096 1
22097 1
22098 1
22099 1
22100 1
22101 1
22102 1
22103 1
22104 1
22105 1
22106 1
22107 1
22108 1
22109 1
22110 1
22111 1
22112 1
22113 1
22114 1
22115 1
22116 1
22117 1
22118 1
22119 1
22120 1
22121 1
22122 1
22123 1
22124 1
22125 1
22126 1
22127 1
22128 1
22129 1
22130 1
22131 1
22132 1
22133 1
22134 1
22135 1
22136 1
22137 1
22138 1
22139 1
22140 1
22141 1
22142 1
22143 1
22144 1
22145 1
22146 1
22147 1
22148 1
22149 1
22150 1
22151 1
22152 1
22153 1
22154 1
22155 1
22156 1
22157 1
22158 1
22159 1
22160 1
22161 1
22162 1
22163 1
22164 1
22165 1
22166 1
22167 1
22168 1
22169 1
22170 1
22171 1
22172 1
22173 1
22174 1
22175 1
22176 1
22177 1
22178 1
22179 1
22180 1
22181 1
22182 1
22183 1
22184 1
22185 1
22186 1
22187 1
22188 1
22189 1
22190 1
22191 1
22192 1
22193 1
22194 1
22195 1
22196 1
22197 1
22198 1
22199 1
22200 1
22201 1
22202 1
22203 1
22204 1
22205 1
22206 1
22207 1
22208 1
22209 1
22210 1
22211 1
22212 1
22213 1
22214 1
22215 1
22216 1
22217 1
22218 1
22219 1
22220 1
22221 1
22222 1
22223 1
22224 1
22225 1
22226 1
22227 1
22228 1
22229 1
22230 1
22231 1
22232 1
22233 1
22234 1
22235 1
22236 1
22237 1
22238 1
22239 1
22240 1
22241 1
22242 1
22243 1
22244 1
22245 1
22246 1
22247 1
22248 1
22249 1
22250 1
22251 1
22252 1
22253 1
22254 1
22255 1
22256 1
22257 1
22258 1
22259 1
22260 1
22261 1
22262 1
22263 1
22264 1
22265 1
22266 1
22267 1
22268 1
22269 1
22270 1
22271 1
22272 1
22273 1
22274 1
22275 1
22276 1
22277 1
22278 1
22279 1
22280 1
22281 1
22282 1
22283 1
22284 1
22285 1
22286 1
22287 1
22288 1
22289 1
22290 1
22291 1
22292 1
22293 1
22294 1
22295 1
22296 1
22297 1
22298 1
22299 1
22300 1
22301 1
22302 1
22303 1
22304 1
22305 1
22306 1
22307 1
22308 1
22309 1
22310 1
22311 1
22312 1
22313 1
22314 1
22315 1
22316 1
22317 1
22318 1
22319 1
22320 1
22321 1
22322 1
22323 1
22324 1
22325 1
22326 1
22327 1
22328 1
22329 1
22330 1
22331 1
22332 1
22333 1
22334 1
22335 1
22336 1
22337 1
22338 1
22339 1
22340 1
22341 1
22342 1
22343 1
22344 1
22345 1
22346 1
22347 1
22348 1
22349 1
22350 1
22351 1
22352 1
22353 1
22354 1
22355 1
22356 1
22357 1
22358 1
22359 1
22360 1
22361 1
22362 1
22363 1
22364 1
22365 1
22366 1
22367 1
22368 1
22369 1
22370 1
22371 1
22372 1
22373 1
22374 1
22375 1
22376 1
22377 1
22378 1
22379 1
22380 1
22381 1
22382 1
22383 1
22384 1
22385 1
22386 1
22387 1
22388 1
22389 1
22390 1
22391 1
22392 1
22393 1
22394 1
22395 1
22396 1
22397 1
22398 1
22399 1
22400 1
22401 1
22402 1
22403 1
22404 1
22405 1
22406 1
22407 1
22408 1
22409 1
22410 1
22411 1
22412 1
22413 1
22414 1
22415 1
22416 1
22417 1
22418 1
22419 1
22420 1
22421 1
22422 1
22423 1
22424 1
22425 1
22426 1
22427 1
22428 1
22429 1
22430 1
22431 1
22432 1
22433 1
22434 1
22435 1
22436 1
22437 1
22438 1
22439 1
22440 1
22441 1
22442 1
22443 1
22444 1
22445 1
22446 1
22447 1
22448 1
22449 1
22450 1
22451 1
22452 1
22453 1
22454 1
22455 1
22456 1
22457 1
22458 1
22459 1
22460 1
22461 1
22462 1
22463 1
22464 1
22465 1
22466 1
22467 1
22468 1
22469 1
22470 1
22471 1
22472 1
22473 1
22474 1
22475 1
22476 1
22477 1
22478 1
22479 1
22480 1
22481 1
22482 1
22483 1
22484 1
22485 1
22486 1
22487 1
22488 1
22489 1
22490 1
22491 1
22492 1
22493 1
22494 1
22495 1
22496 1
22497 1
22498 1
22499 1
22500 1
22501 1
22502 1
22503 1
22504 1
22505 1
22506 1
22507 1
22508 1
22509 1
22510 1
22511 1
22512 1
22513 1
22514 1
22515 1
22516 1
22517 1
22518 1
22519 1
22520 1
22521 1
22522 1
22523 1
22524 1
22525 1
22526 1
22527 1
22528 1
22529 1
22530 1
22531 1
22532 1
22533 1
22534 1
22535 1
22536 1
22537 1
22538 1
22539 1
22540 1
22541 1
22542 1
22543 1
22544 1
22545 1
22546 1
22547 1
22548 1
22549 1
22550 1
22551 1
22552 1
22553 1
22554 1
22555 1
22556 1
22557 1
22558 1
22559 1
22560 1
22561 1
22562 1
22563 1
22564 1
22565 1
22566 1
22567 1
22568 1
22569 1
22570 1
22571 1
22572 1
22573 1
22574 1
22575 1
22576 1
22577 1
22578 1
22579 1
22580 1
22581 1
22582 1
22583 1
22584 1
22585 1
22586 1
22587 1
22588 1
22589 1
22590 1
22591 1
22592 1
22593 1
22594 1
22595 1
22596 1
22597 1
22598 1
22599 1
22600 1
22601 1
22602 1
22603 1
22604 1
22605 1
22606 1
22607 1
22608 1
22609 1
22610 1
22611 1
22612 1
22613 1
22614 1
22615 1
22616 1
22617 1
22618 1
22619 1
22620 1
22621 1
22622 1
22623 1
22624 1
22625 1
22626 1
22627 1
22628 1
22629 1
22630 1
22631 1
22632 1
22633 1
22634 1
22635 1
22636 1
22637 1
22638 1
22639 1
22640 1
22641 1
22642 1
22643 1
22644 1
22645 1
22646 1
22647 1
22648 1
22649 1
22650 1
22651 1
22652 1
22653 1
22654 1
22655 1
22656 1
22657 1
22658 1
22659 1
22660 1
22661 1
22662 1
22663 1
22664 1
22665 1
22666 1
22667 1
22668 1
22669 1
22670 1
22671 1
22672 1
22673 1
22674 1
22675 1
22676 1
22677 1
22678 1
22679 1
22680 1
22681 1
22682 1
22683 1
22684 1
22685 1
22686 1
22687 1
22688 1
22689 1
22690 1
22691 1
22692 1
22693 1
22694 1
22695 1
22696 1
22697 1
22698 1
22699 1
22700 1
22701 1
22702 1
22703 1
22704 1
22705 1
22706 1
22707 1
22708 1
22709 1
22710 1
22711 1
22712 1
22713 1
22714 1
22715 1
22716 1
22717 1
22718 1
22719 1
22720 1
22721 1
22722 1
22723 1
22724 1
22725 1
22726 1
22727 1
22728 1
22729 1
22730 1
22731 1
22732 1
22733 1
22734 1
22735 1
22736 1
22737 1
22738 1
22739 1
22740 1
22741 1
22742 1
22743 1
22744 1
22745 1
22746 1
22747 1
22748 1
22749 1
22750 1
22751 1
22752 1
22753 1
22754 1
22755 1
22756 1
22757 1
22758 1
22759 1
22760 1
22761 1
22762 1
22763 1
22764 1
22765 1
22766 1
22767 1
22768 1
22769 1
22770 1
22771 1
22772 1
22773 1
22774 1
22775 1
22776 1
22777 1
22778 1
22779 1
22780 1
22781 1
22782 1
22783 1
22784 1
22785 1
22786 1
22787 1
22788 1
22789 1
22790 1
22791 1
22792 1
22793 1
22794 1
22795 1
22796 1
22797 1
22798 1
22799 1
22800 1
22801 1
22802 1
22803 1
22804 1
22805 1
22806 1
22807 1
22808 1
22809 1
22810 1
22811 1
22812 1
22813 1
22814 1
22815 1
22816 1
22817 1
22818 1
22819 1
22820 1
22821 1
22822 1
22823 1
22824 1
22825 1
22826 1
22827 1
22828 1
22829 1
22830 1
22831 1
22832 1
22833 1
22834 1
22835 1
22836 1
22837 1
22838 1
22839 1
22840 1
22841 1
22842 1
22843 1
22844 1
22845 1
22846 1
22847 1
22848 1
22849 1
22850 1
22851 1
22852 1
22853 1
22854 1
22855 1
22856 1
22857 1
22858 1
22859 1
22860 1
22861 1
22862 1
22863 1
22864 1
22865 1
22866 1
22867 1
22868 1
22869 1
22870 1
22871 1
22872 1
22873 1
22874 1
22875 1
22876 1
22877 1
22878 1
22879 1
22880 1
22881 1
22882 1
22883 1
22884 1
22885 1
22886 1
22887 1
22888 1
22889 1
22890 1
22891 1
22892 1
22893 1
22894 1
22895 1
22896 1
22897 1
22898 1
22899 1
22900 1
22901 1
22902 1
22903 1
22904 1
22905 1
22906 1
22907 1
22908 1
22909 1
22910 1
22911 1
22912 1
22913 1
22914 1
22915 1
22916 1
22917 1
22918 1
22919 1
22920 1
22921 1
22922 1
22923 1
22924 1
22925 1
22926 1
22927 1
22928 1
22929 1
22930 1
22931 1
22932 1
22933 1
22934 1
22935 1
22936 1
22937 1
22938 1
22939 1
22940 1
22941 1
22942 1
22943 1
22944 1
22945 1
22946 1
22947 1
22948 1
22949 1
22950 1
22951 1
22952 1
22953 1
22954 1
22955 1
22956 1
22957 1
22958 1
22959 1
22960 1
22961 1
22962 1
22963 1
22964 1
22965 1
22966 1
22967 1
22968 1
22969 1
22970 1
22971 1
22972 1
22973 1
22974 1
22975 1
22976 1
22977 1
22978 1
22979 1
22980 1
22981 1
22982 1
22983 1
22984 1
22985 1
22986 1
22987 1
22988 1
22989 1
22990 1
22991 1
22992 1
22993 1
22994 1
22995 1
22996 1
22997 1
22998 1
22999 1
23000 1
23001 1
23002 1
23003 1
23004 1
23005 1
23006 1
23007 1
23008 1
23009 1
23010 1
23011 1
23012 1
23013 1
23014 1
23015 1
23016 1
23017 1
23018 1
23019 1
23020 1
23021 1
23022 1
23023 1
23024 1
23025 1
23026 1
23027 1
23028 1
23029 1
23030 1
23031 1
23032 1
23033 1
23034 1
23035 1
23036 1
23037 1
23038 1
23039 1
23040 1
23041 1
23042 1
23043 1
23044 1
23045 1
23046 1
23047 1
23048 1
23049 1
23050 1
23051 1
23052 1
23053 1
23054 1
23055 1
23056 1
23057 1
23058 1
23059 1
23060 1
23061 1
23062 1
23063 1
23064 1
23065 1
23066 1
23067 1
23068 1
23069 1
23070 1
23071 1
23072 1
23073 1
23074 1
23075 1
23076 1
23077 1
23078 1
23079 1
23080 1
23081 1
23082 1
23083 1
23084 1
23085 1
23086 1
23087 1
23088 1
23089 1
23090 1
23091 1
23092 1
23093 1
23094 1
23095 1
23096 1
23097 1
23098 1
23099 1
23100 1
23101 1
23102 1
23103 1
23104 1
23105 1
23106 1
23107 1
23108 1
23109 1
23110 1
23111 1
23112 1
23113 1
23114 1
23115 1
23116 1
23117 1
23118 1
23119 1
23120 1
23121 1
23122 1
23123 1
23124 1
23125 1
23126 1
23127 1
23128 1
23129 1
23130 1
23131 1
23132 1
23133 1
23134 1
23135 1
23136 1
23137 1
23138 1
23139 1
23140 1
23141 1
23142 1
23143 1
23144 1
23145 1
23146 1
23147 1
23148 1
23149 1
23150 1
23151 1
23152 1
23153 1
23154 1
23155 1
23156 1
23157 1
23158 1
23159 1
23160 1
23161 1
23162 1
23163 1
23164 1
23165 1
23166 1
23167 1
23168 1
23169 1
23170 1
23171 1
23172 1
23173 1
23174 1
23175 1
23176 1
23177 1
23178 1
23179 1
23180 1
23181 1
23182 1
23183 1
23184 1
23185 1
23186 1
23187 1
23188 1
23189 1
23190 1
23191 1
23192 1
23193 1
23194 1
23195 1
23196 1
23197 1
23198 1
23199 1
23200 1
23201 1
23202 1
23203 1
23204 1
23205 1
23206 1
23207 1
23208 1
23209 1
23210 1
23211 1
23212 1
23213 1
23214 1
23215 1
23216 1
23217 1
23218 1
23219 1
23220 1
23221 1
23222 1
23223 1
23224 1
23225 1
23226 1
23227 1
23228 1
23229 1
23230 1
23231 1
23232 1
23233 1
23234 1
23235 1
23236 1
23237 1
23238 1
23239 1
23240 1
23241 1
23242 1
23243 1
23244 1
23245 1
23246 1
23247 1
23248 1
23249 1
23250 1
23251 1
23252 1
23253 1
23254 1
23255 1
23256 1
23257 1
23258 1
23259 1
23260 1
23261 1
23262 1
23263 1
23264 1
23265 1
23266 1
23267 1
23268 1
23269 1
23270 1
23271 1
23272 1
23273 1
23274 1
23275 1
23276 1
23277 1
23278 1
23279 1
23280 1
23281 1
23282 1
23283 1
23284 1
23285 1
23286 1
23287 1
23288 1
23289 1
23290 1
23291 1
23292 1
23293 1
23294 1
23295 1
23296 1
23297 1
23298 1
23299 1
23300 1
23301 1
23302 1
23303 1
23304 1
23305 1
23306 1
23307 1
23308 1
23309 1
23310 1
23311 1
23312 1
23313 1
23314 1
23315 1
23316 1
23317 1
23318 1
23319 1
23320 1
23321 1
23322 1
23323 1
23324 1
23325 1
23326 1
23327 1
23328 1
23329 1
23330 1
23331 1
23332 1
23333 1
23334 1
23335 1
23336 1
23337 1
23338 1
23339 1
23340 1
23341 1
23342 1
23343 1
23344 1
23345 1
23346 1
23347 1
23348 1
23349 1
23350 1
23351 1
23352 1
23353 1
23354 1
23355 1
23356 1
23357 1
23358 1
23359 1
23360 1
23361 1
23362 1
23363 1
23364 1
23365 1
23366 1
23367 1
23368 1
23369 1
23370 1
23371 1
23372 1
23373 1
23374 1
23375 1
23376 1
23377 1
23378 1
23379 1
23380 1
23381 1
23382 1
23383 1
23384 1
23385 1
23386 1
23387 1
23388 1
23389 1
23390 1
23391 1
23392 1
23393 1
23394 1
23395 1
23396 1
23397 1
23398 1
23399 1
23400 1
23401 1
23402 1
23403 1
23404 1
23405 1
23406 1
23407 1
23408 1
23409 1
23410 1
23411 1
23412 1
23413 1
23414 1
23415 1
23416 1
23417 1
23418 1
23419 1
23420 1
23421 1
23422 1
23423 1
23424 1
23425 1
23426 1
23427 1
23428 1
23429 1
23430 1
23431 1
23432 1
23433 1
23434 1
23435 1
23436 1
23437 1
23438 1
23439 1
23440 1
23441 1
23442 1
23443 1
23444 1
23445 1
23446 1
23447 1
23448 1
23449 1
23450 1
23451 1
23452 1
23453 1
23454 1
23455 1
23456 1
23457 1
23458 1
23459 1
23460 1
23461 1
23462 1
23463 1
23464 1
23465 1
23466 1
23467 1
23468 1
23469 1
23470 1
23471 1
23472 1
23473 1
23474 1
23475 1
23476 1
23477 1
23478 1
23479 1
23480 1
23481 1
23482 1
23483 1
23484 1
23485 1
23486 1
23487 1
23488 1
23489 1
23490 1
23491 1
23492 1
23493 1
23494 1
23495 1
23496 1
23497 1
23498 1
23499 1
23500 1
23501 1
23502 1
23503 1
23504 1
23505 1
23506 1
23507 1
23508 1
23509 1
23510 1
23511 1
23512 1
23513 1
23514 1
23515 1
23516 1
23517 1
23518 1
23519 1
23520 1
23521 1
23522 1
23523 1
23524 1
23525 1
23526 1
23527 1
23528 1
23529 1
23530 1
23531 1
23532 1
23533 1
23534 1
23535 1
23536 1
23537 1
23538 1
23539 1
23540 1
23541 1
23542 1
23543 1
23544 1
23545 1
23546 1
23547 1
23548 1
23549 1
23550 1
23551 1
23552 1
23553 1
23554 1
23555 1
23556 1
23557 1
23558 1
23559 1
23560 1
23561 1
23562 1
23563 1
23564 1
23565 1
23566 1
23567 1
23568 1
23569 1
23570 1
23571 1
23572 1
23573 1
23574 1
23575 1
23576 1
23577 1
23578 1
23579 1
23580 1
23581 1
23582 1
23583 1
23584 1
23585 1
23586 1
23587 1
23588 1
23589 1
23590 1
23591 1
23592 1
23593 1
23594 1
23595 1
23596 1
23597 1
23598 1
23599 1
23600 1
23601 1
23602 1
23603 1
23604 1
23605 1
23606 1
23607 1
23608 1
23609 1
23610 1
23611 1
23612 1
23613 1
23614 1
23615 1
23616 2
23617 2
23618 2
23619 2
23620 2
23621 2
23622 2
23623 2
23624 2
23625 2
23626 2
23627 2
23628 2
23629 2
23630 2
23631 2
23632 2
23633 2
23634 2
23635 2
23636 2
23637 2
23638 2
23639 2
23640 2
23641 2
23642 2
23643 2
23644 2
23645 2
23646 2
23647 2
23648 2
23649 2
23650 2
23651 2
23652 2
23653 2
23654 2
23655 2
23656 2
23657 2
23658 2
23659 2
23660 2
23661 2
23662 2
23663 2
23664 2
23665 2
23666 2
23667 2
23668 2
23669 2
23670 2
23671 2
23672 2
23673 2
23674 2
23675 2
23676 2
23677 2
23678 2
23679 2
23680 2
23681 2
23682 2
23683 2
23684 2
23685 2
23686 2
23687 2
23688 2
23689 2
23690 2
23691 2
23692 2
23693 2
23694 2
23695 2
23696 2
23697 2
23698 2
23699 2
23700 2
23701 2
23702 2
23703 2
23704 2
23705 2
23706 2
23707 2
23708 2
23709 2
23710 2
23711 2
23712 2
23713 2
23714 2
23715 2
23716 2
23717 2
23718 2
23719 2
23720 2
23721 2
23722 2
23723 2
23724 2
23725 2
23726 2
23727 2
23728 2
23729 2
23730 2
23731 2
23732 2
23733 2
23734 2
23735 2
23736 2
23737 2
23738 2
23739 2
23740 2
23741 2
23742 2
23743 2
23744 2
23745 2
23746 2
23747 2
23748 2
23749 2
23750 2
23751 2
23752 2
23753 2
23754 2
23755 2
23756 2
23757 2
23758 2
23759 2
23760 2
23761 2
23762 2
23763 2
23764 2
23765 2
23766 2
23767 2
23768 2
23769 2
23770 2
23771 2
23772 2
23773 2
23774 2
23775 2
23776 2
23777 2
23778 2
23779 2
23780 2
23781 2
23782 2
23783 2
23784 2
23785 2
23786 2
23787 2
23788 2
23789 2
23790 2
23791 2
23792 2
23793 2
23794 2
23795 2
23796 2
23797 2
23798 2
23799 2
23800 2
23801 2
23802 2
23803 2
23804 2
23805 2
23806 2
23807 2
23808 1
23809 1
23810 1
23811 1
23812 1
23813 1
23814 1
23815 1
23816 1
23817 1
23818 1
23819 1
23820 1
23821 1
23822 1
23823 1
23824 1
23825 1
23826 1
23827 1
23828 1
23829 1
23830 1
23831 1
23832 1
23833 1
23834 1
23835 1
23836 1
23837 1
23838 1
23839 1
23840 1
23841 1
23842 1
23843 1
23844 1
23845 1
23846 1
23847 1
23848 1
23849 1
23850 1
23851 1
23852 1
23853 1
23854 1
23855 1
23856 1
23857 1
23858 1
23859 1
23860 1
23861 1
23862 1
23863 1
23864 1
23865 1
23866 1
23867 1
23868 1
23869 1
23870 1
23871 1
23872 1
23873 1
23874 1
23875 1
23876 1
23877 1
23878 1
23879 1
23880 1
23881 1
23882 1
23883 1
23884 1
23885 1
23886 1
23887 1
23888 1
23889 1
23890 1
23891 1
23892 1
23893 1
23894 1
23895 1
23896 1
23897 1
23898 1
23899 1
23900 1
23901 1
23902 1
23903 1
23904 1
23905 1
23906 1
23907 1
23908 1
23909 1
23910 1
23911 1
23912 1
23913 1
23914 1
23915 1
23916 1
23917 1
23918 1
23919 1
23920 1
23921 1
23922 1
23923 1
23924 1
23925 1
23926 1
23927 1
23928 1
23929 1
23930 1
23931 1
23932 1
23933 1
23934 1
23935 1
23936 1
23937 1
23938 1
23939 1
23940 1
23941 1
23942 1
23943 1
23944 1
23945 1
23946 1
23947 1
23948 1
23949 1
23950 1
23951 1
23952 1
23953 1
23954 1
23955 1
23956 1
23957 1
23958 1
23959 1
23960 1
23961 1
23962 1
23963 1
23964 1
23965 1
23966 1
23967 1
23968 1
23969 1
23970 1
23971 1
23972 1
23973 1
23974 1
23975 1
23976 1
23977 1
23978 1
23979 1
23980 1
23981 1
23982 1
23983 1
23984 1
23985 1
23986 1
23987 1
23988 1
23989 1
23990 1
23991 1
23992 1
23993 1
23994 1
23995 1
23996 1
23997 1
23998 1
23999 1
24000 2
24001 2
24002 2
24003 2
24004 2
24005 2
24006 2
24007 2
24008 2
24009 2
24010 2
24011 2
24012 2
24013 2
24014 2
24015 2
24016 2
24017 2
24018 2
24019 2
24020 2
24021 2
24022 2
24023 2
24024 2
24025 2
24026 2
24027 2
24028 2
24029 2
24030 2
24031 2
24032 2
24033 2
24034 2
24035 2
24036 2
24037 2
24038 2
24039 2
24040 2
24041 2
24042 2
24043 2
24044 2
24045 2
24046 2
24047 2
24048 2
24049 2
24050 2
24051 2
24052 2
24053 2
24054 2
24055 2
24056 2
24057 2
24058 2
24059 2
24060 2
24061 2
24062 2
24063 2
24064 2
24065 2
24066 2
24067 2
24068 2
24069 2
24070 2
24071 2
24072 2
24073 2
24074 2
24075 2
24076 2
24077 2
24078 2
24079 2
24080 2
24081 2
24082 2
24083 2
24084 2
24085 2
24086 2
24087 2
24088 2
24089 2
24090 2
24091 2
24092 2
24093 2
24094 2
24095 2
24096 2
24097 2
24098 2
24099 2
24100 2
24101 2
24102 2
24103 2
24104 2
24105 2
24106 2
24107 2
24108 2
24109 2
24110 2
24111 2
24112 2
24113 2
24114 2
24115 2
24116 2
24117 2
24118 2
24119 2
24120 2
24121 2
24122 2
24123 2
24124 2
24125 2
24126 2
24127 2
24128 2
24129 2
24130 2
24131 2
24132 2
24133 2
24134 2
24135 2
24136 2
24137 2
24138 2
24139 2
24140 2
24141 2
24142 2
24143 2
24144 2
24145 2
24146 2
24147 2
24148 2
24149 2
24150 2
24151 2
24152 2
24153 2
24154 2
24155 2
24156 2
24157 2
24158 2
24159 2
24160 2
24161 2
24162 2
24163 2
24164 2
24165 2
24166 2
24167 2
24168 2
24169 2
24170 2
24171 2
24172 2
24173 2
24174 2
24175 2
24176 2
24177 2
24178 2
24179 2
24180 2
24181 2
24182 2
24183 2
24184 2
24185 2
24186 2
24187 2
24188 2
24189 2
24190 2
24191 2
24192 2
24193 2
24194 2
24195 2
24196 2
24197 2
24198 2
24199 2
24200 2
24201 2
24202 2
24203 2
24204 2
24205 2
24206 2
24207 2
24208 2
24209 2
24210 2
24211 2
24212 2
24213 2
24214 2
24215 2
24216 2
24217 2
24218 2
24219 2
24220 2
24221 2
24222 2
24223 2
24224 2
24225 2
24226 2
24227 2
24228 2
24229 2
24230 2
24231 2
24232 2
24233 2
24234 2
24235 2
24236 2
24237 2
24238 2
24239 2
24240 2
24241 2
24242 2
24243 2
24244 2
24245 2
24246 2
24247 2
24248 2
24249 2
24250 2
24251 2
24252 2
24253 2
24254 2
24255 2
24256 2
24257 2
24258 2
24259 2
24260 2
24261 2
24262 2
24263 2
24264 2
24265 2
24266 2
24267 2
24268 2
24269 2
24270 2
24271 2
24272 2
24273 2
24274 2
24275 2
24276 2
24277 2
24278 2
24279 2
24280 2
24281 2
24282 2
24283 2
24284 2
24285 2
24286 2
24287 2
24288 2
24289 2
24290 2
24291 2
24292 2
24293 2
24294 2
24295 2
24296 2
24297 2
24298 2
24299 2
24300 2
24301 2
24302 2
24303 2
24304 2
24305 2
24306 2
24307 2
24308 2
24309 2
24310 2
24311 2
24312 2
24313 2
24314 2
24315 2
24316 2
24317 2
24318 2
24319 2
24320 2
24321 2
24322 2
24323 2
24324 2
24325 2
24326 2
24327 2
24328 2
24329 2
24330 2
24331 2
24332 2
24333 2
24334 2
24335 2
24336 2
24337 2
24338 2
24339 2
24340 2
24341 2
24342 2
24343 2
24344 2
24345 2
24346 2
24347 2
24348 2
24349 2
24350 2
24351 2
24352 2
24353 2
24354 2
24355 2
24356 2
24357 2
24358 2
24359 2
24360 2
24361 2
24362 2
24363 2
24364 2
24365 2
24366 2
24367 2
24368 2
24369 2
24370 2
24371 2
24372 2
24373 2
24374 2
24375 2
24376 2
24377 2
24378 2
24379 2
24380 2
24381 2
24382 2
24383 2
24384 2
24385 2
24386 2
24387 2
24388 2
24389 2
24390 2
24391 2
24392 2
24393 2
24394 2
24395 2
24396 2
24397 2
24398 2
24399 2
24400 2
24401 2
24402 2
24403 2
24404 2
24405 2
24406 2
24407 2
24408 2
24409 2
24410 2
24411 2
24412 2
24413 2
24414 2
24415 2
24416 2
24417 2
24418 2
24419 2
24420 2
24421 2
24422 2
24423 2
24424 2
24425 2
24426 2
24427 2
24428 2
24429 2
24430 2
24431 2
24432 2
24433 2
24434 2
24435 2
24436 2
24437 2
24438 2
24439 2
24440 2
24441 2
24442 2
24443 2
24444 2
24445 2
24446 2
24447 2
24448 2
24449 2
24450 2
24451 2
24452 2
24453 2
24454 2
24455 2
24456 2
24457 2
24458 2
24459 2
24460 2
24461 2
24462 2
24463 2
24464 2
24465 2
24466 2
24467 2
24468 2
24469 2
24470 2
24471 2
24472 2
24473 2
24474 2
24475 2
24476 2
24477 2
24478 2
24479 2
24480 2
24481 2
24482 2
24483 2
24484 2
24485 2
24486 2
24487 2
24488 2
24489 2
24490 2
24491 2
24492 2
24493 2
24494 2
24495 2
24496 2
24497 2
24498 2
24499 2
24500 2
24501 2
24502 2
24503 2
24504 2
24505 2
24506 2
24507 2
24508 2
24509 2
24510 2
24511 2
24512 2
24513 2
24514 2
24515 2
24516 2
24517 2
24518 2
24519 2
24520 2
24521 2
24522 2
24523 2
24524 2
24525 2
24526 2
24527 2
24528 2
24529 2
24530 2
24531 2
24532 2
24533 2
24534 2
24535 2
24536 2
24537 2
24538 2
24539 2
24540 2
24541 2
24542 2
24543 2
24544 2
24545 2
24546 2
24547 2
24548 2
24549 2
24550 2
24551 2
24552 2
24553 2
24554 2
24555 2
24556 2
24557 2
24558 2
24559 2
24560 2
24561 2
24562 2
24563 2
24564 2
24565 2
24566 2
24567 2
24568 2
24569 2
24570 2
24571 2
24572 2
24573 2
24574 2
24575 2
24576 1
24577 1
24578 1
24579 1
24580 1
24581 1
24582 1
24583 1
24584 1
24585 1
24586 1
24587 1
24588 1
24589 1
24590 1
24591 1
24592 1
24593 1
24594 1
24595 1
24596 1
24597 1
24598 1
24599 1
24600 1
24601 1
24602 1
24603 1
24604 1
24605 1
24606 1
24607 1
24608 1
24609 1
24610 1
24611 1
24612 1
24613 1
24614 1
24615 1
24616 1
24617 1
24618 1
24619 1
24620 1
24621 1
24622 1
24623 1
24624 1
24625 1
24626 1
24627 1
24628 1
24629 1
24630 1
24631 1
24632 1
24633 1
24634 1
24635 1
24636 1
24637 1
24638 1
24639 1
24640 1
24641 1
24642 1
24643 1
24644 1
24645 1
24646 1
24647 1
24648 1
24649 1
24650 1
24651 1
24652 1
24653 1
24654 1
24655 1
24656 1
24657 1
24658 1
24659 1
24660 1
24661 1
24662 1
24663 1
24664 1
24665 1
24666 1
24667 1
24668 1
24669 1
24670 1
24671 1
24672 1
24673 1
24674 1
24675 1
24676 1
24677 1
24678 1
24679 1
24680 1
24681 1
24682 1
24683 1
24684 1
24685 1
24686 1
24687 1
24688 1
24689 1
24690 1
24691 1
24692 1
24693 1
24694 1
24695 1
24696 1
24697 1
24698 1
24699 1
24700 1
24701 1
24702 1
24703 1
24704 1
24705 1
24706 1
24707 1
24708 1
24709 1
24710 1
24711 1
24712 1
24713 1
24714 1
24715 1
24716 1
24717 1
24718 1
24719 1
24720 1
24721 1
24722 1
24723 1
24724 1
24725 1
24726 1
24727 1
24728 1
24729 1
24730 1
24731 1
24732 1
24733 1
24734 1
24735 1
24736 1
24737 1
24738 1
24739 1
24740 1
24741 1
24742 1
24743 1
24744 1
24745 1
24746 1
24747 1
24748 1
24749 1
24750 1
24751 1
24752 1
24753 1
24754 1
24755 1
24756 1
24757 1
24758 1
24759 1
24760 1
24761 1
24762 1
24763 1
24764 1
24765 1
24766 1
24767 1
24768 1
24769 1
24770 1
24771 1
24772 1
24773 1
24774 1
24775 1
24776 1
24777 1
24778 1
24779 1
24780 1
24781 1
24782 1
24783 1
24784 1
24785 1
24786 1
24787 1
24788 1
24789 1
24790 1
24791 1
24792 1
24793 1
24794 1
24795 1
24796 1
24797 1
24798 1
24799 1
24800 1
24801 1
24802 1
24803 1
24804 1
24805 1
24806 1
24807 1
24808 1
24809 1
24810 1
24811 1
24812 1
24813 1
24814 1
24815 1
24816 1
24817 1
24818 1
24819 1
24820 1
24821 1
24822 1
24823 1
24824 1
24825 1
24826 1
24827 1
24828 1
24829 1
24830 1
24831 1
24832 1
24833 1
24834 1
24835 1
24836 1
24837 1
24838 1
24839 1
24840 1
24841 1
24842 1
24843 1
24844 1
24845 1
24846 1
24847 1
24848 1
24849 1
24850 1
24851 1
24852 1
24853 1
24854 1
24855 1
24856 1
24857 1
24858 1
24859 1
24860 1
24861 1
24862 1
24863 1
24864 1
24865 1
24866 1
24867 1
24868 1
24869 1
24870 1
24871 1
24872 1
24873 1
24874 1
24875 1
24876 1
24877 1
24878 1
24879 1
24880 1
24881 1
24882 1
24883 1
24884 1
24885 1
24886 1
24887 1
24888 1
24889 1
24890 1
24891 1
24892 1
24893 1
24894 1
24895 1
24896 1
24897 1
24898 1
24899 1
24900 1
24901 1
24902 1
24903 1
24904 1
24905 1
24906 1
24907 1
24908 1
24909 1
24910 1
24911 1
24912 1
24913 1
24914 1
24915 1
24916 1
24917 1
24918 1
24919 1
24920 1
24921 1
24922 1
24923 1
24924 1
24925 1
24926 1
24927 1
24928 1
24929 1
24930 1
24931 1
24932 1
24933 1
24934 1
24935 1
24936 1
24937 1
24938 1
24939 1
24940 1
24941 1
24942 1
24943 1
24944 1
24945 1
24946 1
24947 1
24948 1
24949 1
24950 1
24951 1
24952 1
24953 1
24954 1
24955 1
24956 1
24957 1
24958 1
24959 1
24960 2
24961 2
24962 2
24963 2
24964 2
24965 2
24966 2
24967 2
24968 2
24969 2
24970 2
24971 2
24972 2
24973 2
24974 2
24975 2
24976 2
24977 2
24978 2
24979 2
24980 2
24981 2
24982 2
24983 2
24984 2
24985 2
24986 2
24987 2
24988 2
24989 2
24990 2
24991 2
24992 2
24993 2
24994 2
24995 2
24996 2
24997 2
24998 2
24999 2
25000 2
25001 2
25002 2
25003 2
25004 2
25005 2
25006 2
25007 2
25008 2
25009 2
25010 2
25011 2
25012 2
25013 2
25014 2
25015 2
25016 2
25017 2
25018 2
25019 2
25020 2
25021 2
25022 2
25023 2
25024 2
25025 2
25026 2
25027 2
25028 2
25029 2
25030 2
25031 2
25032 2
25033 2
25034 2
25035 2
25036 2
25037 2
25038 2
25039 2
25040 2
25041 2
25042 2
25043 2
25044 2
25045 2
25046 2
25047 2
25048 2
25049 2
25050 2
25051 2
25052 2
25053 2
25054 2
25055 2
25056 2
25057 2
25058 2
25059 2
25060 2
25061 2
25062 2
25063 2
25064 2
25065 2
25066 2
25067 2
25068 2
25069 2
25070 2
25071 2
25072 2
25073 2
25074 2
25075 2
25076 2
25077 2
25078 2
25079 2
25080 2
25081 2
25082 2
25083 2
25084 2
25085 2
25086 2
25087 2
25088 2
25089 2
25090 2
25091 2
25092 2
25093 2
25094 2
25095 2
25096 2
25097 2
25098 2
25099 2
25100 2
25101 2
25102 2
25103 2
25104 2
25105 2
25106 2
25107 2
25108 2
25109 2
25110 2
25111 2
25112 2
25113 2
25114 2
25115 2
25116 2
25117 2
25118 2
25119 2
25120 2
25121 2
25122 2
25123 2
25124 2
25125 2
25126 2
25127 2
25128 2
25129 2
25130 2
25131 2
25132 2
25133 2
25134 2
25135 2
25136 2
25137 2
25138 2
25139 2
25140 2
25141 2
25142 2
25143 2
25144 2
25145 2
25146 2
25147 2
25148 2
25149 2
25150 2
25151 2
25152 2
25153 2
25154 2
25155 2
25156 2
25157 2
25158 2
25159 2
25160 2
25161 2
25162 2
25163 2
25164 2
25165 2
25166 2
25167 2
25168 2
25169 2
25170 2
25171 2
25172 2
25173 2
25174 2
25175 2
25176 2
25177 2
25178 2
25179 2
25180 2
25181 2
25182 2
25183 2
25184 2
25185 2
25186 2
25187 2
25188 2
25189 2
25190 2
25191 2
25192 2
25193 2
25194 2
25195 2
25196 2
25197 2
25198 2
25199 2
25200 2
25201 2
25202 2
25203 2
25204 2
25205 2
25206 2
25207 2
25208 2
25209 2
25210 2
25211 2
25212 2
25213 2
25214 2
25215 2
25216 2
25217 2
25218 2
25219 2
25220 2
25221 2
25222 2
25223 2
25224 2
25225 2
25226 2
25227 2
25228 2
25229 2
25230 2
25231 2
25232 2
25233 2
25234 2
25235 2
25236 2
25237 2
25238 2
25239 2
25240 2
25241 2
25242 2
25243 2
25244 2
25245 2
25246 2
25247 2
25248 2
25249 2
25250 2
25251 2
25252 2
25253 2
25254 2
25255 2
25256 2
25257 2
25258 2
25259 2
25260 2
25261 2
25262 2
25263 2
25264 2
25265 2
25266 2
25267 2
25268 2
25269 2
25270 2
25271 2
25272 2
25273 2
25274 2
25275 2
25276 2
25277 2
25278 2
25279 2
25280 2
25281 2
25282 2
25283 2
25284 2
25285 2
25286 2
25287 2
25288 2
25289 2
25290 2
25291 2
25292 2
25293 2
25294 2
25295 2
25296 2
25297 2
25298 2
25299 2
25300 2
25301 2
25302 2
25303 2
25304 2
25305 2
25306 2
25307 2
25308 2
25309 2
25310 2
25311 2
25312 2
25313 2
25314 2
25315 2
25316 2
25317 2
25318 2
25319 2
25320 2
25321 2
25322 2
25323 2
25324 2
25325 2
25326 2
25327 2
25328 2
25329 2
25330 2
25331 2
25332 2
25333 2
25334 2
25335 2
25336 2
25337 2
25338 2
25339 2
25340 2
25341 2
25342 2
25343 2
25344 2
25345 2
25346 2
25347 2
25348 2
25349 2
25350 2
25351 2
25352 2
25353 2
25354 2
25355 2
25356 2
25357 2
25358 2
25359 2
25360 2
25361 2
25362 2
25363 2
25364 2
25365 2
25366 2
25367 2
25368 2
25369 2
25370 2
25371 2
25372 2
25373 2
25374 2
25375 2
25376 2
25377 2
25378 2
25379 2
25380 2
25381 2
25382 2
25383 2
25384 2
25385 2
25386 2
25387 2
25388 2
25389 2
25390 2
25391 2
25392 2
25393 2
25394 2
25395 2
25396 2
25397 2
25398 2
25399 2
25400 2
25401 2
25402 2
25403 2
25404 2
25405 2
25406 2
25407 2
25408 2
25409 2
25410 2
25411 2
25412 2
25413 2
25414 2
25415 2
25416 2
25417 2
25418 2
25419 2
25420 2
25421 2
25422 2
25423 2
25424 2
25425 2
25426 2
25427 2
25428 2
25429 2
25430 2
25431 2
25432 2
25433 2
25434 2
25435 2
25436 2
25437 2
25438 2
25439 2
25440 2
25441 2
25442 2
25443 2
25444 2
25445 2
25446 2
25447 2
25448 2
25449 2
25450 2
25451 2
25452 2
25453 2
25454 2
25455 2
25456 2
25457 2
25458 2
25459 2
25460 2
25461 2
25462 2
25463 2
25464 2
25465 2
25466 2
25467 2
25468 2
25469 2
25470 2
25471 2
25472 2
25473 2
25474 2
25475 2
25476 2
25477 2
25478 2
25479 2
25480 2
25481 2
25482 2
25483 2
25484 2
25485 2
25486 2
25487 2
25488 2
25489 2
25490 2
25491 2
25492 2
25493 2
25494 2
25495 2
25496 2
25497 2
25498 2
25499 2
25500 2
25501 2
25502 2
25503 2
25504 2
25505 2
25506 2
25507 2
25508 2
25509 2
25510 2
25511 2
25512 2
25513 2
25514 2
25515 2
25516 2
25517 2
25518 2
25519 2
25520 2
25521 2
25522 2
25523 2
25524 2
25525 2
25526 2
25527 2
25528 2
25529 2
25530 2
25531 2
25532 2
25533 2
25534 2
25535 2
25536 2
25537 2
25538 2
25539 2
25540 2
25541 2
25542 2
25543 2
25544 2
25545 2
25546 2
25547 2
25548 2
25549 2
25550 2
25551 2
25552 2
25553 2
25554 2
25555 2
25556 2
25557 2
25558 2
25559 2
25560 2
25561 2
25562 2
25563 2
25564 2
25565 2
25566 2
25567 2
25568 2
25569 2
25570 2
25571 2
25572 2
25573 2
25574 2
25575 2
25576 2
25577 2
25578 2
25579 2
25580 2
25581 2
25582 2
25583 2
25584 2
25585 2
25586 2
25587 2
25588 2
25589 2
25590 2
25591 2
25592 2
25593 2
25594 2
25595 2
25596 2
25597 2
25598 2
25599 2
25600 2
25601 2
25602 2
25603 2
25604 2
25605 2
25606 2
25607 2
25608 2
25609 2
25610 2
25611 2
25612 2
25613 2
25614 2
25615 2
25616 2
25617 2
25618 2
25619 2
25620 2
25621 2
25622 2
25623 2
25624 2
25625 2
25626 2
25627 2
25628 2
25629 2
25630 2
25631 2
25632 2
25633 2
25634 2
25635 2
25636 2
25637 2
25638 2
25639 2
25640 2
25641 2
25642 2
25643 2
25644 2
25645 2
25646 2
25647 2
25648 2
25649 2
25650 2
25651 2
25652 2
25653 2
25654 2
25655 2
25656 2
25657 2
25658 2
25659 2
25660 2
25661 2
25662 2
25663 2
25664 2
25665 2
25666 2
25667 2
25668 2
25669 2
25670 2
25671 2
25672 2
25673 2
25674 2
25675 2
25676 2
25677 2
25678 2
25679 2
25680 2
25681 2
25682 2
25683 2
25684 2
25685 2
25686 2
25687 2
25688 2
25689 2
25690 2
25691 2
25692 2
25693 2
25694 2
25695 2
25696 2
25697 2
25698 2
25699 2
25700 2
25701 2
25702 2
25703 2
25704 2
25705 2
25706 2
25707 2
25708 2
25709 2
25710 2
25711 2
25712 2
25713 2
25714 2
25715 2
25716 2
25717 2
25718 2
25719 2
25720 2
25721 2
25722 2
25723 2
25724 2
25725 2
25726 2
25727 2
25728 2
25729 2
25730 2
25731 2
25732 2
25733 2
25734 2
25735 2
25736 2
25737 2
25738 2
25739 2
25740 2
25741 2
25742 2
25743 2
25744 2
25745 2
25746 2
25747 2
25748 2
25749 2
25750 2
25751 2
25752 2
25753 2
25754 2
25755 2
25756 2
25757 2
25758 2
25759 2
25760 2
25761 2
25762 2
25763 2
25764 2
25765 2
25766 2
25767 2
25768 2
25769 2
25770 2
25771 2
25772 2
25773 2
25774 2
25775 2
25776 2
25777 2
25778 2
25779 2
25780 2
25781 2
25782 2
25783 2
25784 2
25785 2
25786 2
25787 2
25788 2
25789 2
25790 2
25791 2
25792 2
25793 2
25794 2
25795 2
25796 2
25797 2
25798 2
25799 2
25800 2
25801 2
25802 2
25803 2
25804 2
25805 2
25806 2
25807 2
25808 2
25809 2
25810 2
25811 2
25812 2
25813 2
25814 2
25815 2
25816 2
25817 2
25818 2
25819 2
25820 2
25821 2
25822 2
25823 2
25824 2
25825 2
25826 2
25827 2
25828 2
25829 2
25830 2
25831 2
25832 2
25833 2
25834 2
25835 2
25836 2
25837 2
25838 2
25839 2
25840 2
25841 2
25842 2
25843 2
25844 2
25845 2
25846 2
25847 2
25848 2
25849 2
25850 2
25851 2
25852 2
25853 2
25854 2
25855 2
25856 2
25857 2
25858 2
25859 2
25860 2
25861 2
25862 2
25863 2
25864 2
25865 2
25866 2
25867 2
25868 2
25869 2
25870 2
25871 2
25872 2
25873 2
25874 2
25875 2
25876 2
25877 2
25878 2
25879 2
25880 2
25881 2
25882 2
25883 2
25884 2
25885 2
25886 2
25887 2
25888 2
25889 2
25890 2
25891 2
25892 2
25893 2
25894 2
25895 2
25896 2
25897 2
25898 2
25899 2
25900 2
25901 2
25902 2
25903 2
25904 2
25905 2
25906 2
25907 2
25908 2
25909 2
25910 2
25911 2
25912 2
25913 2
25914 2
25915 2
25916 2
25917 2
25918 2
25919 2
25920 2
25921 2
25922 2
25923 2
25924 2
25925 2
25926 2
25927 2
25928 2
25929 2
25930 2
25931 2
25932 2
25933 2
25934 2
25935 2
25936 2
25937 2
25938 2
25939 2
25940 2
25941 2
25942 2
25943 2
25944 2
25945 2
25946 2
25947 2
25948 2
25949 2
25950 2
25951 2
25952 2
25953 2
25954 2
25955 2
25956 2
25957 2
25958 2
25959 2
25960 2
25961 2
25962 2
25963 2
25964 2
25965 2
25966 2
25967 2
25968 2
25969 2
25970 2
25971 2
25972 2
25973 2
25974 2
25975 2
25976 2
25977 2
25978 2
25979 2
25980 2
25981 2
25982 2
25983 2
25984 2
25985 2
25986 2
25987 2
25988 2
25989 2
25990 2
25991 2
25992 2
25993 2
25994 2
25995 2
25996 2
25997 2
25998 2
25999 2
26000 2
26001 2
26002 2
26003 2
26004 2
26005 2
26006 2
26007 2
26008 2
26009 2
26010 2
26011 2
26012 2
26013 2
26014 2
26015 2
26016 2
26017 2
26018 2
26019 2
26020 2
26021 2
26022 2
26023 2
26024 2
26025 2
26026 2
26027 2
26028 2
26029 2
26030 2
26031 2
26032 2
26033 2
26034 2
26035 2
26036 2
26037 2
26038 2
26039 2
26040 2
26041 2
26042 2
26043 2
26044 2
26045 2
26046 2
26047 2
26048 2
26049 2
26050 2
26051 2
26052 2
26053 2
26054 2
26055 2
26056 2
26057 2
26058 2
26059 2
26060 2
26061 2
26062 2
26063 2
26064 2
26065 2
26066 2
26067 2
26068 2
26069 2
26070 2
26071 2
26072 2
26073 2
26074 2
26075 2
26076 2
26077 2
26078 2
26079 2
26080 2
26081 2
26082 2
26083 2
26084 2
26085 2
26086 2
26087 2
26088 2
26089 2
26090 2
26091 2
26092 2
26093 2
26094 2
26095 2
26096 2
26097 2
26098 2
26099 2
26100 2
26101 2
26102 2
26103 2
26104 2
26105 2
26106 2
26107 2
26108 2
26109 2
26110 2
26111 2
26112 2
26113 2
26114 2
26115 2
26116 2
26117 2
26118 2
26119 2
26120 2
26121 2
26122 2
26123 2
26124 2
26125 2
26126 2
26127 2
26128 2
26129 2
26130 2
26131 2
26132 2
26133 2
26134 2
26135 2
26136 2
26137 2
26138 2
26139 2
26140 2
26141 2
26142 2
26143 2
26144 2
26145 2
26146 2
26147 2
26148 2
26149 2
26150 2
26151 2
26152 2
26153 2
26154 2
26155 2
26156 2
26157 2
26158 2
26159 2
26160 2
26161 2
26162 2
26163 2
26164 2
26165 2
26166 2
26167 2
26168 2
26169 2
26170 2
26171 2
26172 2
26173 2
26174 2
26175 2
26176 2
26177 2
26178 2
26179 2
26180 2
26181 2
26182 2
26183 2
26184 2
26185 2
26186 2
26187 2
26188 2
26189 2
26190 2
26191 2
26192 2
26193 2
26194 2
26195 2
26196 2
26197 2
26198 2
26199 2
26200 2
26201 2
26202 2
26203 2
26204 2
26205 2
26206 2
26207 2
26208 2
26209 2
26210 2
26211 2
26212 2
26213 2
26214 2
26215 2
26216 2
26217 2
26218 2
26219 2
26220 2
26221 2
26222 2
26223 2
26224 2
26225 2
26226 2
26227 2
26228 2
26229 2
26230 2
26231 2
26232 2
26233 2
26234 2
26235 2
26236 2
26237 2
26238 2
26239 2
26240 2
26241 2
26242 2
26243 2
26244 2
26245 2
26246 2
26247 2
26248 2
26249 2
26250 2
26251 2
26252 2
26253 2
26254 2
26255 2
26256 2
26257 2
26258 2
26259 2
26260 2
26261 2
26262 2
26263 2
26264 2
26265 2
26266 2
26267 2
26268 2
26269 2
26270 2
26271 2
26272 2
26273 2
26274 2
26275 2
26276 2
26277 2
26278 2
26279 2
26280 2
26281 2
26282 2
26283 2
26284 2
26285 2
26286 2
26287 2
26288 2
26289 2
26290 2
26291 2
26292 2
26293 2
26294 2
26295 2
26296 2
26297 2
26298 2
26299 2
26300 2
26301 2
26302 2
26303 2
26304 2
26305 2
26306 2
26307 2
26308 2
26309 2
26310 2
26311 2
26312 2
26313 2
26314 2
26315 2
26316 2
26317 2
26318 2
26319 2
26320 2
26321 2
26322 2
26323 2
26324 2
26325 2
26326 2
26327 2
26328 2
26329 2
26330 2
26331 2
26332 2
26333 2
26334 2
26335 2
26336 2
26337 2
26338 2
26339 2
26340 2
26341 2
26342 2
26343 2
26344 2
26345 2
26346 2
26347 2
26348 2
26349 2
26350 2
26351 2
26352 2
26353 2
26354 2
26355 2
26356 2
26357 2
26358 2
26359 2
26360 2
26361 2
26362 2
26363 2
26364 2
26365 2
26366 2
26367 2
26368 2
26369 2
26370 2
26371 2
26372 2
26373 2
26374 2
26375 2
26376 2
26377 2
26378 2
26379 2
26380 2
26381 2
26382 2
26383 2
26384 2
26385 2
26386 2
26387 2
26388 2
26389 2
26390 2
26391 2
26392 2
26393 2
26394 2
26395 2
26396 2
26397 2
26398 2
26399 2
26400 2
26401 2
26402 2
26403 2
26404 2
26405 2
26406 2
26407 2
26408 2
26409 2
26410 2
26411 2
26412 2
26413 2
26414 2
26415 2
26416 2
26417 2
26418 2
26419 2
26420 2
26421 2
26422 2
26423 2
26424 2
26425 2
26426 2
26427 2
26428 2
26429 2
26430 2
26431 2
26432 2
26433 2
26434 2
26435 2
26436 2
26437 2
26438 2
26439 2
26440 2
26441 2
26442 2
26443 2
26444 2
26445 2
26446 2
26447 2
26448 2
26449 2
26450 2
26451 2
26452 2
26453 2
26454 2
26455 2
26456 2
26457 2
26458 2
26459 2
26460 2
26461 2
26462 2
26463 2
26464 2
26465 2
26466 2
26467 2
26468 2
26469 2
26470 2
26471 2
26472 2
26473 2
26474 2
26475 2
26476 2
26477 2
26478 2
26479 2
26480 2
26481 2
26482 2
26483 2
26484 2
26485 2
26486 2
26487 2
26488 2
26489 2
26490 2
26491 2
26492 2
26493 2
26494 2
26495 2
26496 2
26497 2
26498 2
26499 2
26500 2
26501 2
26502 2
26503 2
26504 2
26505 2
26506 2
26507 2
26508 2
26509 2
26510 2
26511 2
26512 2
26513 2
26514 2
26515 2
26516 2
26517 2
26518 2
26519 2
26520 2
26521 2
26522 2
26523 2
26524 2
26525 2
26526 2
26527 2
26528 2
26529 2
26530 2
26531 2
26532 2
26533 2
26534 2
26535 2
26536 2
26537 2
26538 2
26539 2
26540 2
26541 2
26542 2
26543 2
26544 2
26545 2
26546 2
26547 2
26548 2
26549 2
26550 2
26551 2
26552 2
26553 2
26554 2
26555 2
26556 2
26557 2
26558 2
26559 2
26560 2
26561 2
26562 2
26563 2
26564 2
26565 2
26566 2
26567 2
26568 2
26569 2
26570 2
26571 2
26572 2
26573 2
26574 2
26575 2
26576 2
26577 2
26578 2
26579 2
26580 2
26581 2
26582 2
26583 2
26584 2
26585 2
26586 2
26587 2
26588 2
26589 2
26590 2
26591 2
26592 2
26593 2
26594 2
26595 2
26596 2
26597 2
26598 2
26599 2
26600 2
26601 2
26602 2
26603 2
26604 2
26605 2
26606 2
26607 2
26608 2
26609 2
26610 2
26611 2
26612 2
26613 2
26614 2
26615 2
26616 2
26617 2
26618 2
26619 2
26620 2
26621 2
26622 2
26623 2
26624 2
26625 2
26626 2
26627 2
26628 2
26629 2
26630 2
26631 2
26632 2
26633 2
26634 2
26635 2
26636 2
26637 2
26638 2
26639 2
26640 2
26641 2
26642 2
26643 2
26644 2
26645 2
26646 2
26647 2
26648 2
26649 2
26650 2
26651 2
26652 2
26653 2
26654 2
26655 2
26656 2
26657 2
26658 2
26659 2
26660 2
26661 2
26662 2
26663 2
26664 2
26665 2
26666 2
26667 2
26668 2
26669 2
26670 2
26671 2
26672 2
26673 2
26674 2
26675 2
26676 2
26677 2
26678 2
26679 2
26680 2
26681 2
26682 2
26683 2
26684 2
26685 2
26686 2
26687 2
26688 2
26689 2
26690 2
26691 2
26692 2
26693 2
26694 2
26695 2
26696 2
26697 2
26698 2
26699 2
26700 2
26701 2
26702 2
26703 2
26704 2
26705 2
26706 2
26707 2
26708 2
26709 2
26710 2
26711 2
26712 2
26713 2
26714 2
26715 2
26716 2
26717 2
26718 2
26719 2
26720 2
26721 2
26722 2
26723 2
26724 2
26725 2
26726 2
26727 2
26728 2
26729 2
26730 2
26731 2
26732 2
26733 2
26734 2
26735 2
26736 2
26737 2
26738 2
26739 2
26740 2
26741 2
26742 2
26743 2
26744 2
26745 2
26746 2
26747 2
26748 2
26749 2
26750 2
26751 2
26752 2
26753 2
26754 2
26755 2
26756 2
26757 2
26758 2
26759 2
26760 2
26761 2
26762 2
26763 2
26764 2
26765 2
26766 2
26767 2
26768 2
26769 2
26770 2
26771 2
26772 2
26773 2
26774 2
26775 2
26776 2
26777 2
26778 2
26779 2
26780 2
26781 2
26782 2
26783 2
26784 2
26785 2
26786 2
26787 2
26788 2
26789 2
26790 2
26791 2
26792 2
26793 2
26794 2
26795 2
26796 2
26797 2
26798 2
26799 2
26800 2
26801 2
26802 2
26803 2
26804 2
26805 2
26806 2
26807 2
26808 2
26809 2
26810 2
26811 2
26812 2
26813 2
26814 2
26815 2
26816 2
26817 2
26818 2
26819 2
26820 2
26821 2
26822 2
26823 2
26824 2
26825 2
26826 2
26827 2
26828 2
26829 2
26830 2
26831 2
26832 2
26833 2
26834 2
26835 2
26836 2
26837 2
26838 2
26839 2
26840 2
26841 2
26842 2
26843 2
26844 2
26845 2
26846 2
26847 2
26848 2
26849 2
26850 2
26851 2
26852 2
26853 2
26854 2
26855 2
26856 2
26857 2
26858 2
26859 2
26860 2
26861 2
26862 2
26863 2
26864 2
26865 2
26866 2
26867 2
26868 2
26869 2
26870 2
26871 2
26872 2
26873 2
26874 2
26875 2
26876 2
26877 2
26878 2
26879 2
26880 2
26881 2
26882 2
26883 2
26884 2
26885 2
26886 2
26887 2
26888 2
26889 2
26890 2
26891 2
26892 2
26893 2
26894 2
26895 2
26896 2
26897 2
26898 2
26899 2
26900 2
26901 2
26902 2
26903 2
26904 2
26905 2
26906 2
26907 2
26908 2
26909 2
26910 2
26911 2
26912 2
26913 2
26914 2
26915 2
26916 2
26917 2
26918 2
26919 2
26920 2
26921 2
26922 2
26923 2
26924 2
26925 2
26926 2
26927 2
26928 2
26929 2
26930 2
26931 2
26932 2
26933 2
26934 2
26935 2
26936 2
26937 2
26938 2
26939 2
26940 2
26941 2
26942 2
26943 2
26944 2
26945 2
26946 2
26947 2
26948 2
26949 2
26950 2
26951 2
26952 2
26953 2
26954 2
26955 2
26956 2
26957 2
26958 2
26959 2
26960 2
26961 2
26962 2
26963 2
26964 2
26965 2
26966 2
26967 2
26968 2
26969 2
26970 2
26971 2
26972 2
26973 2
26974 2
26975 2
26976 2
26977 2
26978 2
26979 2
26980 2
26981 2
26982 2
26983 2
26984 2
26985 2
26986 2
26987 2
26988 2
26989 2
26990 2
26991 2
26992 2
26993 2
26994 2
26995 2
26996 2
26997 2
26998 2
26999 2
27000 2
27001 2
27002 2
27003 2
27004 2
27005 2
27006 2
27007 2
27008 2
27009 2
27010 2
27011 2
27012 2
27013 2
27014 2
27015 2
27016 2
27017 2
27018 2
27019 2
27020 2
27021 2
27022 2
27023 2
27024 2
27025 2
27026 2
27027 2
27028 2
27029 2
27030 2
27031 2
27032 2
27033 2
27034 2
27035 2
27036 2
27037 2
27038 2
27039 2
27040 2
27041 2
27042 2
27043 2
27044 2
27045 2
27046 2
27047 2
27048 2
27049 2
27050 2
27051 2
27052 2
27053 2
27054 2
27055 2
27056 2
27057 2
27058 2
27059 2
27060 2
27061 2
27062 2
27063 2
27064 2
27065 2
27066 2
27067 2
27068 2
27069 2
27070 2
27071 2
27072 2
27073 2
27074 2
27075 2
27076 2
27077 2
27078 2
27079 2
27080 2
27081 2
27082 2
27083 2
27084 2
27085 2
27086 2
27087 2
27088 2
27089 2
27090 2
27091 2
27092 2
27093 2
27094 2
27095 2
27096 2
27097 2
27098 2
27099 2
27100 2
27101 2
27102 2
27103 2
27104 2
27105 2
27106 2
27107 2
27108 2
27109 2
27110 2
27111 2
27112 2
27113 2
27114 2
27115 2
27116 2
27117 2
27118 2
27119 2
27120 2
27121 2
27122 2
27123 2
27124 2
27125 2
27126 2
27127 2
27128 2
27129 2
27130 2
27131 2
27132 2
27133 2
27134 2
27135 2
27136 2
27137 2
27138 2
27139 2
27140 2
27141 2
27142 2
27143 2
27144 2
27145 2
27146 2
27147 2
27148 2
27149 2
27150 2
27151 2
27152 2
27153 2
27154 2
27155 2
27156 2
27157 2
27158 2
27159 2
27160 2
27161 2
27162 2
27163 2
27164 2
27165 2
27166 2
27167 2
27168 2
27169 2
27170 2
27171 2
27172 2
27173 2
27174 2
27175 2
27176 2
27177 2
27178 2
27179 2
27180 2
27181 2
27182 2
27183 2
27184 2
27185 2
27186 2
27187 2
27188 2
27189 2
27190 2
27191 2
27192 2
27193 2
27194 2
27195 2
27196 2
27197 2
27198 2
27199 2
27200 2
27201 2
27202 2
27203 2
27204 2
27205 2
27206 2
27207 2
27208 2
27209 2
27210 2
27211 2
27212 2
27213 2
27214 2
27215 2
27216 2
27217 2
27218 2
27219 2
27220 2
27221 2
27222 2
27223 2
27224 2
27225 2
27226 2
27227 2
27228 2
27229 2
27230 2
27231 2
27232 2
27233 2
27234 2
27235 2
27236 2
27237 2
27238 2
27239 2
27240 2
27241 2
27242 2
27243 2
27244 2
27245 2
27246 2
27247 2
27248 2
27249 2
27250 2
27251 2
27252 2
27253 2
27254 2
27255 2
27256 2
27257 2
27258 2
27259 2
27260 2
27261 2
27262 2
27263 2
27264 3
27265 3
27266 3
27267 3
27268 3
27269 3
27270 3
27271 3
27272 3
27273 3
27274 3
27275 3
27276 3
27277 3
27278 3
27279 3
27280 3
27281 3
27282 3
27283 3
27284 3
27285 3
27286 3
27287 3
27288 3
27289 3
27290 3
27291 3
27292 3
27293 3
27294 3
27295 3
27296 3
27297 3
27298 3
27299 3
27300 3
27301 3
27302 3
27303 3
27304 3
27305 3
27306 3
27307 3
27308 3
27309 3
27310 3
27311 3
27312 3
27313 3
27314 3
27315 3
27316 3
27317 3
27318 3
27319 3
27320 3
27321 3
27322 3
27323 3
27324 3
27325 3
27326 3
27327 3
27328 3
27329 3
27330 3
27331 3
27332 3
27333 3
27334 3
27335 3
27336 3
27337 3
27338 3
27339 3
27340 3
27341 3
27342 3
27343 3
27344 3
27345 3
27346 3
27347 3
27348 3
27349 3
27350 3
27351 3
27352 3
27353 3
27354 3
27355 3
27356 3
27357 3
27358 3
27359 3
27360 3
27361 3
27362 3
27363 3
27364 3
27365 3
27366 3
27367 3
27368 3
27369 3
27370 3
27371 3
27372 3
27373 3
27374 3
27375 3
27376 3
27377 3
27378 3
27379 3
27380 3
27381 3
27382 3
27383 3
27384 3
27385 3
27386 3
27387 3
27388 3
27389 3
27390 3
27391 3
27392 3
27393 3
27394 3
27395 3
27396 3
27397 3
27398 3
27399 3
27400 3
27401 3
27402 3
27403 3
27404 3
27405 3
27406 3
27407 3
27408 3
27409 3
27410 3
27411 3
27412 3
27413 3
27414 3
27415 3
27416 3
27417 3
27418 3
27419 3
27420 3
27421 3
27422 3
27423 3
27424 3
27425 3
27426 3
27427 3
27428 3
27429 3
27430 3
27431 3
27432 3
27433 3
27434 3
27435 3
27436 3
27437 3
27438 3
27439 3
27440 3
27441 3
27442 3
27443 3
27444 3
27445 3
27446 3
27447 3
27448 3
27449 3
27450 3
27451 3
27452 3
27453 3
27454 3
27455 3
27456 3
27457 3
27458 3
27459 3
27460 3
27461 3
27462 3
27463 3
27464 3
27465 3
27466 3
27467 3
27468 3
27469 3
27470 3
27471 3
27472 3
27473 3
27474 3
27475 3
27476 3
27477 3
27478 3
27479 3
27480 3
27481 3
27482 3
27483 3
27484 3
27485 3
27486 3
27487 3
27488 3
27489 3
27490 3
27491 3
27492 3
27493 3
27494 3
27495 3
27496 3
27497 3
27498 3
27499 3
27500 3
27501 3
27502 3
27503 3
27504 3
27505 3
27506 3
27507 3
27508 3
27509 3
27510 3
27511 3
27512 3
27513 3
27514 3
27515 3
27516 3
27517 3
27518 3
27519 3
27520 3
27521 3
27522 3
27523 3
27524 3
27525 3
27526 3
27527 3
27528 3
27529 3
27530 3
27531 3
27532 3
27533 3
27534 3
27535 3
27536 3
27537 3
27538 3
27539 3
27540 3
27541 3
27542 3
27543 3
27544 3
27545 3
27546 3
27547 3
27548 3
27549 3
27550 3
27551 3
27552 3
27553 3
27554 3
27555 3
27556 3
27557 3
27558 3
27559 3
27560 3
27561 3
27562 3
27563 3
27564 3
27565 3
27566 3
27567 3
27568 3
27569 3
27570 3
27571 3
27572 3
27573 3
27574 3
27575 3
27576 3
27577 3
27578 3
27579 3
27580 3
27581 3
27582 3
27583 3
27584 3
27585 3
27586 3
27587 3
27588 3
27589 3
27590 3
27591 3
27592 3
27593 3
27594 3
27595 3
27596 3
27597 3
27598 3
27599 3
27600 3
27601 3
27602 3
27603 3
27604 3
27605 3
27606 3
27607 3
27608 3
27609 3
27610 3
27611 3
27612 3
27613 3
27614 3
27615 3
27616 3
27617 3
27618 3
27619 3
27620 3
27621 3
27622 3
27623 3
27624 3
27625 3
27626 3
27627 3
27628 3
27629 3
27630 3
27631 3
27632 3
27633 3
27634 3
27635 3
27636 3
27637 3
27638 3
27639 3
27640 3
27641 3
27642 3
27643 3
27644 3
27645 3
27646 3
27647 3
27648 0
27649 0
27650 0
27651 0
27652 0
27653 0
27654 0
27655 0
27656 0
27657 0
27658 0
27659 0
27660 0
27661 0
27662 0
27663 0
27664 0
27665 0
27666 0
27667 0
27668 0
27669 0
27670 0
27671 0
27672 0
27673 0
27674 0
27675 0
27676 0
27677 0
27678 0
27679 0
27680 0
27681 0
27682 0
27683 0
27684 0
27685 0
27686 0
27687 0
27688 0
27689 0
27690 0
27691 0
27692 0
27693 0
27694 0
27695 0
27696 0
27697 0
27698 0
27699 0
27700 0
27701 0
27702 0
27703 0
27704 0
27705 0
27706 0
27707 0
27708 0
27709 0
27710 0
27711 0
27712 0
27713 0
27714 0
27715 0
27716 0
27717 0
27718 0
27719 0
27720 0
27721 0
27722 0
27723 0
27724 0
27725 0
27726 0
27727 0
27728 0
27729 0
27730 0
27731 0
27732 0
27733 0
27734 0
27735 0
27736 0
27737 0
27738 0
27739 0
27740 0
27741 0
27742 0
27743 0
27744 0
27745 0
27746 0
27747 0
27748 0
27749 0
27750 0
27751 0
27752 0
27753 0
27754 0
27755 0
27756 0
27757 0
27758 0
27759 0
27760 0
27761 0
27762 0
27763 0
27764 0
27765 0
27766 0
27767 0
27768 0
27769 0
27770 0
27771 0
27772 0
27773 0
27774 0
27775 0
27776 0
27777 0
27778 0
27779 0
27780 0
27781 0
27782 0
27783 0
27784 0
27785 0
27786 0
27787 0
27788 0
27789 0
27790 0
27791 0
27792 0
27793 0
27794 0
27795 0
27796 0
27797 0
27798 0
27799 0
27800 0
27801 0
27802 0
27803 0
27804 0
27805 0
27806 0
27807 0
27808 0
27809 0
27810 0
27811 0
27812 0
27813 0
27814 0
27815 0
27816 0
27817 0
27818 0
27819 0
27820 0
27821 0
27822 0
27823 0
27824 0
27825 0
27826 0
27827 0
27828 0
27829 0
27830 0
27831 0
27832 0
27833 0
27834 0
27835 0
27836 0
27837 0
27838 0
27839 0
27840 0
27841 0
27842 0
27843 0
27844 0
27845 0
27846 0
27847 0
27848 0
27849 0
27850 0
27851 0
27852 0
27853 0
27854 0
27855 0
27856 0
27857 0
27858 0
27859 0
27860 0
27861 0
27862 0
27863 0
27864 0
27865 0
27866 0
27867 0
27868 0
27869 0
27870 0
27871 0
27872 0
27873 0
27874 0
27875 0
27876 0
27877 0
27878 0
27879 0
27880 0
27881 0
27882 0
27883 0
27884 0
27885 0
27886 0
27887 0
27888 0
27889 0
27890 0
27891 0
27892 0
27893 0
27894 0
27895 0
27896 0
27897 0
27898 0
27899 0
27900 0
27901 0
27902 0
27903 0
27904 0
27905 0
27906 0
27907 0
27908 0
27909 0
27910 0
27911 0
27912 0
27913 0
27914 0
27915 0
27916 0
27917 0
27918 0
27919 0
27920 0
27921 0
27922 0
27923 0
27924 0
27925 0
27926 0
27927 0
27928 0
27929 0
27930 0
27931 0
27932 0
27933 0
27934 0
27935 0
27936 0
27937 0
27938 0
27939 0
27940 0
27941 0
27942 0
27943 0
27944 0
27945 0
27946 0
27947 0
27948 0
27949 0
27950 0
27951 0
27952 0
27953 0
27954 0
27955 0
27956 0
27957 0
27958 0
27959 0
27960 0
27961 0
27962 0
27963 0
27964 0
27965 0
27966 0
27967 0
27968 0
27969 0
27970 0
27971 0
27972 0
27973 0
27974 0
27975 0
27976 0
27977 0
27978 0
27979 0
27980 0
27981 0
27982 0
27983 0
27984 0
27985 0
27986 0
27987 0
27988 0
27989 0
27990 0
27991 0
27992 0
27993 0
27994 0
27995 0
27996 0
27997 0
27998 0
27999 0
28000 0
28001 0
28002 0
28003 0
28004 0
28005 0
28006 0
28007 0
28008 0
28009 0
28010 0
28011 0
28012 0
28013 0
28014 0
28015 0
28016 0
28017 0
28018 0
28019 0
28020 0
28021 0
28022 0
28023 0
28024 0
28025 0
28026 0
28027 0
28028 0
28029 0
28030 0
28031 0
28032 0
28033 0
28034 0
28035 0
28036 0
28037 0
28038 0
28039 0
28040 0
28041 0
28042 0
28043 0
28044 0
28045 0
28046 0
28047 0
28048 0
28049 0
28050 0
28051 0
28052 0
28053 0
28054 0
28055 0
28056 0
28057 0
28058 0
28059 0
28060 0
28061 0
28062 0
28063 0
28064 0
28065 0
28066 0
28067 0
28068 0
28069 0
28070 0
28071 0
28072 0
28073 0
28074 0
28075 0
28076 0
28077 0
28078 0
28079 0
28080 0
28081 0
28082 0
28083 0
28084 0
28085 0
28086 0
28087 0
28088 0
28089 0
28090 0
28091 0
28092 0
28093 0
28094 0
28095 0
28096 0
28097 0
28098 0
28099 0
28100 0
28101 0
28102 0
28103 0
28104 0
28105 0
28106 0
28107 0
28108 0
28109 0
28110 0
28111 0
28112 0
28113 0
28114 0
28115 0
28116 0
28117 0
28118 0
28119 0
28120 0
28121 0
28122 0
28123 0
28124 0
28125 0
28126 0
28127 0
28128 0
28129 0
28130 0
28131 0
28132 0
28133 0
28134 0
28135 0
28136 0
28137 0
28138 0
28139 0
28140 0
28141 0
28142 0
28143 0
28144 0
28145 0
28146 0
28147 0
28148 0
28149 0
28150 0
28151 0
28152 0
28153 0
28154 0
28155 0
28156 0
28157 0
28158 0
28159 0
28160 0
28161 0
28162 0
28163 0
28164 0
28165 0
28166 0
28167 0
28168 0
28169 0
28170 0
28171 0
28172 0
28173 0
28174 0
28175 0
28176 0
28177 0
28178 0
28179 0
28180 0
28181 0
28182 0
28183 0
28184 0
28185 0
28186 0
28187 0
28188 0
28189 0
28190 0
28191 0
28192 0
28193 0
28194 0
28195 0
28196 0
28197 0
28198 0
28199 0
28200 0
28201 0
28202 0
28203 0
28204 0
28205 0
28206 0
28207 0
28208 0
28209 0
28210 0
28211 0
28212 0
28213 0
28214 0
28215 0
28216 0
28217 0
28218 0
28219 0
28220 0
28221 0
28222 0
28223 0
28224 0
28225 0
28226 0
28227 0
28228 0
28229 0
28230 0
28231 0
28232 0
28233 0
28234 0
28235 0
28236 0
28237 0
28238 0
28239 0
28240 0
28241 0
28242 0
28243 0
28244 0
28245 0
28246 0
28247 0
28248 0
28249 0
28250 0
28251 0
28252 0
28253 0
28254 0
28255 0
28256 0
28257 0
28258 0
28259 0
28260 0
28261 0
28262 0
28263 0
28264 0
28265 0
28266 0
28267 0
28268 0
28269 0
28270 0
28271 0
28272 0
28273 0
28274 0
28275 0
28276 0
28277 0
28278 0
28279 0
28280 0
28281 0
28282 0
28283 0
28284 0
28285 0
28286 0
28287 0
28288 0
28289 0
28290 0
28291 0
28292 0
28293 0
28294 0
28295 0
28296 0
28297 0
28298 0
28299 0
28300 0
28301 0
28302 0
28303 0
28304 0
28305 0
28306 0
28307 0
28308 0
28309 0
28310 0
28311 0
28312 0
28313 0
28314 0
28315 0
28316 0
28317 0
28318 0
28319 0
28320 0
28321 0
28322 0
28323 0
28324 0
28325 0
28326 0
28327 0
28328 0
28329 0
28330 0
28331 0
28332 0
28333 0
28334 0
28335 0
28336 0
28337 0
28338 0
28339 0
28340 0
28341 0
28342 0
28343 0
28344 0
28345 0
28346 0
28347 0
28348 0
28349 0
28350 0
28351 0
28352 0
28353 0
28354 0
28355 0
28356 0
28357 0
28358 0
28359 0
28360 0
28361 0
28362 0
28363 0
28364 0
28365 0
28366 0
28367 0
28368 0
28369 0
28370 0
28371 0
28372 0
28373 0
28374 0
28375 0
28376 0
28377 0
28378 0
28379 0
28380 0
28381 0
28382 0
28383 0
28384 0
28385 0
28386 0
28387 0
28388 0
28389 0
28390 0
28391 0
28392 0
28393 0
28394 0
28395 0
28396 0
28397 0
28398 0
28399 0
28400 0
28401 0
28402 0
28403 0
28404 0
28405 0
28406 0
28407 0
28408 0
28409 0
28410 0
28411 0
28412 0
28413 0
28414 0
28415 0
28416 0
28417 0
28418 0
28419 0
28420 0
28421 0
28422 0
28423 0
28424 0
28425 0
28426 0
28427 0
28428 0
28429 0
28430 0
28431 0
28432 0
28433 0
28434 0
28435 0
28436 0
28437 0
28438 0
28439 0
28440 0
28441 0
28442 0
28443 0
28444 0
28445 0
28446 0
28447 0
28448 0
28449 0
28450 0
28451 0
28452 0
28453 0
28454 0
28455 0
28456 0
28457 0
28458 0
28459 0
28460 0
28461 0
28462 0
28463 0
28464 0
28465 0
28466 0
28467 0
28468 0
28469 0
28470 0
28471 0
28472 0
28473 0
28474 0
28475 0
28476 0
28477 0
28478 0
28479 0
28480 0
28481 0
28482 0
28483 0
28484 0
28485 0
28486 0
28487 0
28488 0
28489 0
28490 0
28491 0
28492 0
28493 0
28494 0
28495 0
28496 0
28497 0
28498 0
28499 0
28500 0
28501 0
28502 0
28503 0
28504 0
28505 0
28506 0
28507 0
28508 0
28509 0
28510 0
28511 0
28512 0
28513 0
28514 0
28515 0
28516 0
28517 0
28518 0
28519 0
28520 0
28521 0
28522 0
28523 0
28524 0
28525 0
28526 0
28527 0
28528 0
28529 0
28530 0
28531 0
28532 0
28533 0
28534 0
28535 0
28536 0
28537 0
28538 0
28539 0
28540 0
28541 0
28542 0
28543 0
28544 0
28545 0
28546 0
28547 0
28548 0
28549 0
28550 0
28551 0
28552 0
28553 0
28554 0
28555 0
28556 0
28557 0
28558 0
28559 0
28560 0
28561 0
28562 0
28563 0
28564 0
28565 0
28566 0
28567 0
28568 0
28569 0
28570 0
28571 0
28572 0
28573 0
28574 0
28575 0
28576 0
28577 0
28578 0
28579 0
28580 0
28581 0
28582 0
28583 0
28584 0
28585 0
28586 0
28587 0
28588 0
28589 0
28590 0
28591 0
28592 0
28593 0
28594 0
28595 0
28596 0
28597 0
28598 0
28599 0
28600 0
28601 0
28602 0
28603 0
28604 0
28605 0
28606 0
28607 0
28608 0
28609 0
28610 0
28611 0
28612 0
28613 0
28614 0
28615 0
28616 0
28617 0
28618 0
28619 0
28620 0
28621 0
28622 0
28623 0
28624 0
28625 0
28626 0
28627 0
28628 0
28629 0
28630 0
28631 0
28632 0
28633 0
28634 0
28635 0
28636 0
28637 0
28638 0
28639 0
28640 0
28641 0
28642 0
28643 0
28644 0
28645 0
28646 0
28647 0
28648 0
28649 0
28650 0
28651 0
28652 0
28653 0
28654 0
28655 0
28656 0
28657 0
28658 0
28659 0
28660 0
28661 0
28662 0
28663 0
28664 0
28665 0
28666 0
28667 0
28668 0
28669 0
28670 0
28671 0
28672 0
28673 0
28674 0
28675 0
28676 0
28677 0
28678 0
28679 0
28680 0
28681 0
28682 0
28683 0
28684 0
28685 0
28686 0
28687 0
28688 0
28689 0
28690 0
28691 0
28692 0
28693 0
28694 0
28695 0
28696 0
28697 0
28698 0
28699 0
28700 0
28701 0
28702 0
28703 0
28704 0
28705 0
28706 0
28707 0
28708 0
28709 0
28710 0
28711 0
28712 0
28713 0
28714 0
28715 0
28716 0
28717 0
28718 0
28719 0
28720 0
28721 0
28722 0
28723 0
28724 0
28725 0
28726 0
28727 0
28728 0
28729 0
28730 0
28731 0
28732 0
28733 0
28734 0
28735 0
28736 0
28737 0
28738 0
28739 0
28740 0
28741 0
28742 0
28743 0
28744 0
28745 0
28746 0
28747 0
28748 0
28749 0
28750 0
28751 0
28752 0
28753 0
28754 0
28755 0
28756 0
28757 0
28758 0
28759 0
28760 0
28761 0
28762 0
28763 0
28764 0
28765 0
28766 0
28767 0
28768 0
28769 0
28770 0
28771 0
28772 0
28773 0
28774 0
28775 0
28776 0
28777 0
28778 0
28779 0
28780 0
28781 0
28782 0
28783 0
28784 0
28785 0
28786 0
28787 0
28788 0
28789 0
28790 0
28791 0
28792 0
28793 0
28794 0
28795 0
28796 0
28797 0
28798 0
28799 0
28800 0
28801 0
28802 0
28803 0
28804 0
28805 0
28806 0
28807 0
28808 0
28809 0
28810 0
28811 0
28812 0
28813 0
28814 0
28815 0
28816 0
28817 0
28818 0
28819 0
28820 0
28821 0
28822 0
28823 0
28824 0
28825 0
28826 0
28827 0
28828 0
28829 0
28830 0
28831 0
28832 0
28833 0
28834 0
28835 0
28836 0
28837 0
28838 0
28839 0
28840 0
28841 0
28842 0
28843 0
28844 0
28845 0
28846 0
28847 0
28848 0
28849 0
28850 0
28851 0
28852 0
28853 0
28854 0
28855 0
28856 0
28857 0
28858 0
28859 0
28860 0
28861 0
28862 0
28863 0
28864 0
28865 0
28866 0
28867 0
28868 0
28869 0
28870 0
28871 0
28872 0
28873 0
28874 0
28875 0
28876 0
28877 0
28878 0
28879 0
28880 0
28881 0
28882 0
28883 0
28884 0
28885 0
28886 0
28887 0
28888 0
28889 0
28890 0
28891 0
28892 0
28893 0
28894 0
28895 0
28896 0
28897 0
28898 0
28899 0
28900 0
28901 0
28902 0
28903 0
28904 0
28905 0
28906 0
28907 0
28908 0
28909 0
28910 0
28911 0
28912 0
28913 0
28914 0
28915 0
28916 0
28917 0
28918 0
28919 0
28920 0
28921 0
28922 0
28923 0
28924 0
28925 0
28926 0
28927 0
28928 0
28929 0
28930 0
28931 0
28932 0
28933 0
28934 0
28935 0
28936 0
28937 0
28938 0
28939 0
28940 0
28941 0
28942 0
28943 0
28944 0
28945 0
28946 0
28947 0
28948 0
28949 0
28950 0
28951 0
28952 0
28953 0
28954 0
28955 0
28956 0
28957 0
28958 0
28959 0
28960 0
28961 0
28962 0
28963 0
28964 0
28965 0
28966 0
28967 0
28968 0
28969 0
28970 0
28971 0
28972 0
28973 0
28974 0
28975 0
28976 0
28977 0
28978 0
28979 0
28980 0
28981 0
28982 0
28983 0
28984 0
28985 0
28986 0
28987 0
28988 0
28989 0
28990 0
28991 0
28992 0
28993 0
28994 0
28995 0
28996 0
28997 0
28998 0
28999 0
29000 0
29001 0
29002 0
29003 0
29004 0
29005 0
29006 0
29007 0
29008 0
29009 0
29010 0
29011 0
29012 0
29013 0
29014 0
29015 0
29016 0
29017 0
29018 0
29019 0
29020 0
29021 0
29022 0
29023 0
29024 0
29025 0
29026 0
29027 0
29028 0
29029 0
29030 0
29031 0
29032 0
29033 0
29034 0
29035 0
29036 0
29037 0
29038 0
29039 0
29040 0
29041 0
29042 0
29043 0
29044 0
29045 0
29046 0
29047 0
29048 0
29049 0
29050 0
29051 0
29052 0
29053 0
29054 0
29055 0
29056 0
29057 0
29058 0
29059 0
29060 0
29061 0
29062 0
29063 0
29064 0
29065 0
29066 0
29067 0
29068 0
29069 0
29070 0
29071 0
29072 0
29073 0
29074 0
29075 0
29076 0
29077 0
29078 0
29079 0
29080 0
29081 0
29082 0
29083 0
29084 0
29085 0
29086 0
29087 0
29088 0
29089 0
29090 0
29091 0
29092 0
29093 0
29094 0
29095 0
29096 0
29097 0
29098 0
29099 0
29100 0
29101 0
29102 0
29103 0
29104 0
29105 0
29106 0
29107 0
29108 0
29109 0
29110 0
29111 0
29112 0
29113 0
29114 0
29115 0
29116 0
29117 0
29118 0
29119 0
29120 0
29121 0
29122 0
29123 0
29124 0
29125 0
29126 0
29127 0
29128 0
29129 0
29130 0
29131 0
29132 0
29133 0
29134 0
29135 0
29136 0
29137 0
29138 0
29139 0
29140 0
29141 0
29142 0
29143 0
29144 0
29145 0
29146 0
29147 0
29148 0
29149 0
29150 0
29151 0
29152 0
29153 0
29154 0
29155 0
29156 0
29157 0
29158 0
29159 0
29160 0
29161 0
29162 0
29163 0
29164 0
29165 0
29166 0
29167 0
29168 0
29169 0
29170 0
29171 0
29172 0
29173 0
29174 0
29175 0
29176 0
29177 0
29178 0
29179 0
29180 0
29181 0
29182 0
29183 0
29184 0
29185 0
29186 0
29187 0
29188 0
29189 0
29190 0
29191 0
29192 0
29193 0
29194 0
29195 0
29196 0
29197 0
29198 0
29199 0
29200 0
29201 0
29202 0
29203 0
29204 0
29205 0
29206 0
29207 0
29208 0
29209 0
29210 0
29211 0
29212 0
29213 0
29214 0
29215 0
29216 0
29217 0
29218 0
29219 0
29220 0
29221 0
29222 0
29223 0
29224 0
29225 0
29226 0
29227 0
29228 0
29229 0
29230 0
29231 0
29232 0
29233 0
29234 0
29235 0
29236 0
29237 0
29238 0
29239 0
29240 0
29241 0
29242 0
29243 0
29244 0
29245 0
29246 0
29247 0
29248 0
29249 0
29250 0
29251 0
29252 0
29253 0
29254 0
29255 0
29256 0
29257 0
29258 0
29259 0
29260 0
29261 0
29262 0
29263 0
29264 0
29265 0
29266 0
29267 0
29268 0
29269 0
29270 0
29271 0
29272 0
29273 0
29274 0
29275 0
29276 0
29277 0
29278 0
29279 0
29280 0
29281 0
29282 0
29283 0
29284 0
29285 0
29286 0
29287 0
29288 0
29289 0
29290 0
29291 0
29292 0
29293 0
29294 0
29295 0
29296 0
29297 0
29298 0
29299 0
29300 0
29301 0
29302 0
29303 0
29304 0
29305 0
29306 0
29307 0
29308 0
29309 0
29310 0
29311 0
29312 0
29313 0
29314 0
29315 0
29316 0
29317 0
29318 0
29319 0
29320 0
29321 0
29322 0
29323 0
29324 0
29325 0
29326 0
29327 0
29328 0
29329 0
29330 0
29331 0
29332 0
29333 0
29334 0
29335 0
29336 0
29337 0
29338 0
29339 0
29340 0
29341 0
29342 0
29343 0
29344 0
29345 0
29346 0
29347 0
29348 0
29349 0
29350 0
29351 0
29352 0
29353 0
29354 0
29355 0
29356 0
29357 0
29358 0
29359 0
29360 0
29361 0
29362 0
29363 0
29364 0
29365 0
29366 0
29367 0
29368 0
29369 0
29370 0
29371 0
29372 0
29373 0
29374 0
29375 0
29376 0
29377 0
29378 0
29379 0
29380 0
29381 0
29382 0
29383 0
29384 0
29385 0
29386 0
29387 0
29388 0
29389 0
29390 0
29391 0
29392 0
29393 0
29394 0
29395 0
29396 0
29397 0
29398 0
29399 0
29400 0
29401 0
29402 0
29403 0
29404 0
29405 0
29406 0
29407 0
29408 0
29409 0
29410 0
29411 0
29412 0
29413 0
29414 0
29415 0
29416 0
29417 0
29418 0
29419 0
29420 0
29421 0
29422 0
29423 0
29424 0
29425 0
29426 0
29427 0
29428 0
29429 0
29430 0
29431 0
29432 0
29433 0
29434 0
29435 0
29436 0
29437 0
29438 0
29439 0
29440 0
29441 0
29442 0
29443 0
29444 0
29445 0
29446 0
29447 0
29448 0
29449 0
29450 0
29451 0
29452 0
29453 0
29454 0
29455 0
29456 0
29457 0
29458 0
29459 0
29460 0
29461 0
29462 0
29463 0
29464 0
29465 0
29466 0
29467 0
29468 0
29469 0
29470 0
29471 0
29472 0
29473 0
29474 0
29475 0
29476 0
29477 0
29478 0
29479 0
29480 0
29481 0
29482 0
29483 0
29484 0
29485 0
29486 0
29487 0
29488 0
29489 0
29490 0
29491 0
29492 0
29493 0
29494 0
29495 0
29496 0
29497 0
29498 0
29499 0
29500 0
29501 0
29502 0
29503 0
29504 0
29505 0
29506 0
29507 0
29508 0
29509 0
29510 0
29511 0
29512 0
29513 0
29514 0
29515 0
29516 0
29517 0
29518 0
29519 0
29520 0
29521 0
29522 0
29523 0
29524 0
29525 0
29526 0
29527 0
29528 0
29529 0
29530 0
29531 0
29532 0
29533 0
29534 0
29535 0
29536 0
29537 0
29538 0
29539 0
29540 0
29541 0
29542 0
29543 0
29544 0
29545 0
29546 0
29547 0
29548 0
29549 0
29550 0
29551 0
29552 0
29553 0
29554 0
29555 0
29556 0
29557 0
29558 0
29559 0
29560 0
29561 0
29562 0
29563 0
29564 0
29565 0
29566 0
29567 0
29568 0
29569 0
29570 0
29571 0
29572 0
29573 0
29574 0
29575 0
29576 0
29577 0
29578 0
29579 0
29580 0
29581 0
29582 0
29583 0
29584 0
29585 0
29586 0
29587 0
29588 0
29589 0
29590 0
29591 0
29592 0
29593 0
29594 0
29595 0
29596 0
29597 0
29598 0
29599 0
29600 0
29601 0
29602 0
29603 0
29604 0
29605 0
29606 0
29607 0
29608 0
29609 0
29610 0
29611 0
29612 0
29613 0
29614 0
29615 0
29616 0
29617 0
29618 0
29619 0
29620 0
29621 0
29622 0
29623 0
29624 0
29625 0
29626 0
29627 0
29628 0
29629 0
29630 0
29631 0
29632 0
29633 0
29634 0
29635 0
29636 0
29637 0
29638 0
29639 0
29640 0
29641 0
29642 0
29643 0
29644 0
29645 0
29646 0
29647 0
29648 0
29649 0
29650 0
29651 0
29652 0
29653 0
29654 0
29655 0
29656 0
29657 0
29658 0
29659 0
29660 0
29661 0
29662 0
29663 0
29664 0
29665 0
29666 0
29667 0
29668 0
29669 0
29670 0
29671 0
29672 0
29673 0
29674 0
29675 0
29676 0
29677 0
29678 0
29679 0
29680 0
29681 0
29682 0
29683 0
29684 0
29685 0
29686 0
29687 0
29688 0
29689 0
29690 0
29691 0
29692 0
29693 0
29694 0
29695 0
29696 0
29697 0
29698 0
29699 0
29700 0
29701 0
29702 0
29703 0
29704 0
29705 0
29706 0
29707 0
29708 0
29709 0
29710 0
29711 0
29712 0
29713 0
29714 0
29715 0
29716 0
29717 0
29718 0
29719 0
29720 0
29721 0
29722 0
29723 0
29724 0
29725 0
29726 0
29727 0
29728 0
29729 0
29730 0
29731 0
29732 0
29733 0
29734 0
29735 0
29736 0
29737 0
29738 0
29739 0
29740 0
29741 0
29742 0
29743 0
29744 0
29745 0
29746 0
29747 0
29748 0
29749 0
29750 0
29751 0
29752 0
29753 0
29754 0
29755 0
29756 0
29757 0
29758 0
29759 0
29760 0
29761 0
29762 0
29763 0
29764 0
29765 0
29766 0
29767 0
29768 0
29769 0
29770 0
29771 0
29772 0
29773 0
29774 0
29775 0
29776 0
29777 0
29778 0
29779 0
29780 0
29781 0
29782 0
29783 0
29784 0
29785 0
29786 0
29787 0
29788 0
29789 0
29790 0
29791 0
29792 0
29793 0
29794 0
29795 0
29796 0
29797 0
29798 0
29799 0
29800 0
29801 0
29802 0
29803 0
29804 0
29805 0
29806 0
29807 0
29808 0
29809 0
29810 0
29811 0
29812 0
29813 0
29814 0
29815 0
29816 0
29817 0
29818 0
29819 0
29820 0
29821 0
29822 0
29823 0
29824 0
29825 0
29826 0
29827 0
29828 0
29829 0
29830 0
29831 0
29832 0
29833 0
29834 0
29835 0
29836 0
29837 0
29838 0
29839 0
29840 0
29841 0
29842 0
29843 0
29844 0
29845 0
29846 0
29847 0
29848 0
29849 0
29850 0
29851 0
29852 0
29853 0
29854 0
29855 0
29856 0
29857 0
29858 0
29859 0
29860 0
29861 0
29862 0
29863 0
29864 0
29865 0
29866 0
29867 0
29868 0
29869 0
29870 0
29871 0
29872 0
29873 0
29874 0
29875 0
29876 0
29877 0
29878 0
29879 0
29880 0
29881 0
29882 0
29883 0
29884 0
29885 0
29886 0
29887 0
29888 0
29889 0
29890 0
29891 0
29892 0
29893 0
29894 0
29895 0
29896 0
29897 0
29898 0
29899 0
29900 0
29901 0
29902 0
29903 0
29904 0
29905 0
29906 0
29907 0
29908 0
29909 0
29910 0
29911 0
29912 0
29913 0
29914 0
29915 0
29916 0
29917 0
29918 0
29919 0
29920 0
29921 0
29922 0
29923 0
29924 0
29925 0
29926 0
29927 0
29928 0
29929 0
29930 0
29931 0
29932 0
29933 0
29934 0
29935 0
29936 0
29937 0
29938 0
29939 0
29940 0
29941 0
29942 0
29943 0
29944 0
29945 0
29946 0
29947 0
29948 0
29949 0
29950 0
29951 0
29952 0
29953 0
29954 0
29955 0
29956 0
29957 0
29958 0
29959 0
29960 0
29961 0
29962 0
29963 0
29964 0
29965 0
29966 0
29967 0
29968 0
29969 0
29970 0
29971 0
29972 0
29973 0
29974 0
29975 0
29976 0
29977 0
29978 0
29979 0
29980 0
29981 0
29982 0
29983 0
29984 0
29985 0
29986 0
29987 0
29988 0
29989 0
29990 0
29991 0
29992 0
29993 0
29994 0
29995 0
29996 0
29997 0
29998 0
29999 0
30000 0
30001 0
30002 0
30003 0
30004 0
30005 0
30006 0
30007 0
30008 0
30009 0
30010 0
30011 0
30012 0
30013 0
30014 0
30015 0
30016 0
30017 0
30018 0
30019 0
30020 0
30021 0
30022 0
30023 0
30024 0
30025 0
30026 0
30027 0
30028 0
30029 0
30030 0
30031 0
30032 0
30033 0
30034 0
30035 0
30036 0
30037 0
30038 0
30039 0
30040 0
30041 0
30042 0
30043 0
30044 0
30045 0
30046 0
30047 0
30048 0
30049 0
30050 0
30051 0
30052 0
30053 0
30054 0
30055 0
30056 0
30057 0
30058 0
30059 0
30060 0
30061 0
30062 0
30063 0
30064 0
30065 0
30066 0
30067 0
30068 0
30069 0
30070 0
30071 0
30072 0
30073 0
30074 0
30075 0
30076 0
30077 0
30078 0
30079 0
30080 0
30081 0
30082 0
30083 0
30084 0
30085 0
30086 0
30087 0
30088 0
30089 0
30090 0
30091 0
30092 0
30093 0
30094 0
30095 0
30096 0
30097 0
30098 0
30099 0
30100 0
30101 0
30102 0
30103 0
30104 0
30105 0
30106 0
30107 0
30108 0
30109 0
30110 0
30111 0
30112 0
30113 0
30114 0
30115 0
30116 0
30117 0
30118 0
30119 0
30120 0
30121 0
30122 0
30123 0
30124 0
30125 0
30126 0
30127 0
30128 0
30129 0
30130 0
30131 0
30132 0
30133 0
30134 0
30135 0
30136 0
30137 0
30138 0
30139 0
30140 0
30141 0
30142 0
30143 0
30144 0
30145 0
30146 0
30147 0
30148 0
30149 0
30150 0
30151 0
30152 0
30153 0
30154 0
30155 0
30156 0
30157 0
30158 0
30159 0
30160 0
30161 0
30162 0
30163 0
30164 0
30165 0
30166 0
30167 0
30168 0
30169 0
30170 0
30171 0
30172 0
30173 0
30174 0
30175 0
30176 0
30177 0
30178 0
30179 0
30180 0
30181 0
30182 0
30183 0
30184 0
30185 0
30186 0
30187 0
30188 0
30189 0
30190 0
30191 0
30192 0
30193 0
30194 0
30195 0
30196 0
30197 0
30198 0
30199 0
30200 0
30201 0
30202 0
30203 0
30204 0
30205 0
30206 0
30207 0
30208 0
30209 0
30210 0
30211 0
30212 0
30213 0
30214 0
30215 0
30216 0
30217 0
30218 0
30219 0
30220 0
30221 0
30222 0
30223 0
30224 0
30225 0
30226 0
30227 0
30228 0
30229 0
30230 0
30231 0
30232 0
30233 0
30234 0
30235 0
30236 0
30237 0
30238 0
30239 0
30240 0
30241 0
30242 0
30243 0
30244 0
30245 0
30246 0
30247 0
30248 0
30249 0
30250 0
30251 0
30252 0
30253 0
30254 0
30255 0
30256 0
30257 0
30258 0
30259 0
30260 0
30261 0
30262 0
30263 0
30264 0
30265 0
30266 0
30267 0
30268 0
30269 0
30270 0
30271 0
30272 0
30273 0
30274 0
30275 0
30276 0
30277 0
30278 0
30279 0
30280 0
30281 0
30282 0
30283 0
30284 0
30285 0
30286 0
30287 0
30288 0
30289 0
30290 0
30291 0
30292 0
30293 0
30294 0
30295 0
30296 0
30297 0
30298 0
30299 0
30300 0
30301 0
30302 0
30303 0
30304 0
30305 0
30306 0
30307 0
30308 0
30309 0
30310 0
30311 0
30312 0
30313 0
30314 0
30315 0
30316 0
30317 0
30318 0
30319 0
30320 0
30321 0
30322 0
30323 0
30324 0
30325 0
30326 0
30327 0
30328 0
30329 0
30330 0
30331 0
30332 0
30333 0
30334 0
30335 0
30336 0
30337 0
30338 0
30339 0
30340 0
30341 0
30342 0
30343 0
30344 0
30345 0
30346 0
30347 0
30348 0
30349 0
30350 0
30351 0
30352 0
30353 0
30354 0
30355 0
30356 0
30357 0
30358 0
30359 0
30360 0
30361 0
30362 0
30363 0
30364 0
30365 0
30366 0
30367 0
30368 0
30369 0
30370 0
30371 0
30372 0
30373 0
30374 0
30375 0
30376 0
30377 0
30378 0
30379 0
30380 0
30381 0
30382 0
30383 0
30384 0
30385 0
30386 0
30387 0
30388 0
30389 0
30390 0
30391 0
30392 0
30393 0
30394 0
30395 0
30396 0
30397 0
30398 0
30399 0
30400 0
30401 0
30402 0
30403 0
30404 0
30405 0
30406 0
30407 0
30408 0
30409 0
30410 0
30411 0
30412 0
30413 0
30414 0
30415 0
30416 0
30417 0
30418 0
30419 0
30420 0
30421 0
30422 0
30423 0
30424 0
30425 0
30426 0
30427 0
30428 0
30429 0
30430 0
30431 0
30432 0
30433 0
30434 0
30435 0
30436 0
30437 0
30438 0
30439 0
30440 0
30441 0
30442 0
30443 0
30444 0
30445 0
30446 0
30447 0
30448 0
30449 0
30450 0
30451 0
30452 0
30453 0
30454 0
30455 0
30456 0
30457 0
30458 0
30459 0
30460 0
30461 0
30462 0
30463 0
30464 0
30465 0
30466 0
30467 0
30468 0
30469 0
30470 0
30471 0
30472 0
30473 0
30474 0
30475 0
30476 0
30477 0
30478 0
30479 0
30480 0
30481 0
30482 0
30483 0
30484 0
30485 0
30486 0
30487 0
30488 0
30489 0
30490 0
30491 0
30492 0
30493 0
30494 0
30495 0
30496 0
30497 0
30498 0
30499 0
30500 0
30501 0
30502 0
30503 0
30504 0
30505 0
30506 0
30507 0
30508 0
30509 0
30510 0
30511 0
30512 0
30513 0
30514 0
30515 0
30516 0
30517 0
30518 0
30519 0
30520 0
30521 0
30522 0
30523 0
30524 0
30525 0
30526 0
30527 0
30528 0
30529 0
30530 0
30531 0
30532 0
30533 0
30534 0
30535 0
30536 0
30537 0
30538 0
30539 0
30540 0
30541 0
30542 0
30543 0
30544 0
30545 0
30546 0
30547 0
30548 0
30549 0
30550 0
30551 0
30552 0
30553 0
30554 0
30555 0
30556 0
30557 0
30558 0
30559 0
30560 0
30561 0
30562 0
30563 0
30564 0
30565 0
30566 0
30567 0
30568 0
30569 0
30570 0
30571 0
30572 0
30573 0
30574 0
30575 0
30576 0
30577 0
30578 0
30579 0
30580 0
30581 0
30582 0
30583 0
30584 0
30585 0
30586 0
30587 0
30588 0
30589 0
30590 0
30591 0
30592 0
30593 0
30594 0
30595 0
30596 0
30597 0
30598 0
30599 0
30600 0
30601 0
30602 0
30603 0
30604 0
30605 0
30606 0
30607 0
30608 0
30609 0
30610 0
30611 0
30612 0
30613 0
30614 0
30615 0
30616 0
30617 0
30618 0
30619 0
30620 0
30621 0
30622 0
30623 0
30624 0
30625 0
30626 0
30627 0
30628 0
30629 0
30630 0
30631 0
30632 0
30633 0
30634 0
30635 0
30636 0
30637 0
30638 0
30639 0
30640 0
30641 0
30642 0
30643 0
30644 0
30645 0
30646 0
30647 0
30648 0
30649 0
30650 0
30651 0
30652 0
30653 0
30654 0
30655 0
30656 0
30657 0
30658 0
30659 0
30660 0
30661 0
30662 0
30663 0
30664 0
30665 0
30666 0
30667 0
30668 0
30669 0
30670 0
30671 0
30672 0
30673 0
30674 0
30675 0
30676 0
30677 0
30678 0
30679 0
30680 0
30681 0
30682 0
30683 0
30684 0
30685 0
30686 0
30687 0
30688 0
30689 0
30690 0
30691 0
30692 0
30693 0
30694 0
30695 0
30696 0
30697 0
30698 0
30699 0
30700 0
30701 0
30702 0
30703 0
30704 0
30705 0
30706 0
30707 0
30708 0
30709 0
30710 0
30711 0
30712 0
30713 0
30714 0
30715 0
30716 0
30717 0
30718 0
30719 0
30720 -1
30721 -1
30722 -1
30723 -1
30724 -1
30725 -1
30726 -1
30727 -1
30728 -1
30729 -1
30730 -1
30731 -1
30732 -1
30733 -1
30734 -1
30735 -1
30736 -1
30737 -1
30738 -1
30739 -1
30740 -1
30741 -1
30742 -1
30743 -1
30744 -1
30745 -1
30746 -1
30747 -1
30748 -1
30749 -1
30750 -1
30751 -1
30752 -1
30753 -1
30754 -1
30755 -1
30756 -1
30757 -1
30758 -1
30759 -1
30760 -1
30761 -1
30762 -1
30763 -1
30764 -1
30765 -1
30766 -1
30767 -1
30768 -1
30769 -1
30770 -1
30771 -1
30772 -1
30773 -1
30774 -1
30775 -1
30776 -1
30777 -1
30778 -1
30779 -1
30780 -1
30781 -1
30782 -1
30783 -1
30784 -1
30785 -1
30786 -1
30787 -1
30788 -1
30789 -1
30790 -1
30791 -1
30792 -1
30793 -1
30794 -1
30795 -1
30796 -1
30797 -1
30798 -1
30799 -1
30800 -1
30801 -1
30802 -1
30803 -1
30804 -1
30805 -1
30806 -1
30807 -1
30808 -1
30809 -1
30810 -1
30811 -1
30812 -1
30813 -1
30814 -1
30815 -1
30816 -1
30817 -1
30818 -1
30819 -1
30820 -1
30821 -1
30822 -1
30823 -1
30824 -1
30825 -1
30826 -1
30827 -1
30828 -1
30829 -1
30830 -1
30831 -1
30832 -1
30833 -1
30834 -1
30835 -1
30836 -1
30837 -1
30838 -1
30839 -1
30840 -1
30841 -1
30842 -1
30843 -1
30844 -1
30845 -1
30846 -1
30847 -1
30848 -1
30849 -1
30850 -1
30851 -1
30852 -1
30853 -1
30854 -1
30855 -1
30856 -1
30857 -1
30858 -1
30859 -1
30860 -1
30861 -1
30862 -1
30863 -1
30864 -1
30865 -1
30866 -1
30867 -1
30868 -1
30869 -1
30870 -1
30871 -1
30872 -1
30873 -1
30874 -1
30875 -1
30876 -1
30877 -1
30878 -1
30879 -1
30880 -1
30881 -1
30882 -1
30883 -1
30884 -1
30885 -1
30886 -1
30887 -1
30888 -1
30889 -1
30890 -1
30891 -1
30892 -1
30893 -1
30894 -1
30895 -1
30896 -1
30897 -1
30898 -1
30899 -1
30900 -1
30901 -1
30902 -1
30903 -1
30904 -1
30905 -1
30906 -1
30907 -1
30908 -1
30909 -1
30910 -1
30911 -1
30912 -1
30913 -1
30914 -1
30915 -1
30916 -1
30917 -1
30918 -1
30919 -1
30920 -1
30921 -1
30922 -1
30923 -1
30924 -1
30925 -1
30926 -1
30927 -1
30928 -1
30929 -1
30930 -1
30931 -1
30932 -1
30933 -1
30934 -1
30935 -1
30936 -1
30937 -1
30938 -1
30939 -1
30940 -1
30941 -1
30942 -1
30943 -1
30944 -1
30945 -1
30946 -1
30947 -1
30948 -1
30949 -1
30950 -1
30951 -1
30952 -1
30953 -1
30954 -1
30955 -1
30956 -1
30957 -1
30958 -1
30959 -1
30960 -1
30961 -1
30962 -1
30963 -1
30964 -1
30965 -1
30966 -1
30967 -1
30968 -1
30969 -1
30970 -1
30971 -1
30972 -1
30973 -1
30974 -1
30975 -1
30976 -1
30977 -1
30978 -1
30979 -1
30980 -1
30981 -1
30982 -1
30983 -1
30984 -1
30985 -1
30986 -1
30987 -1
30988 -1
30989 -1
30990 -1
30991 -1
30992 -1
30993 -1
30994 -1
30995 -1
30996 -1
30997 -1
30998 -1
30999 -1
31000 -1
31001 -1
31002 -1
31003 -1
31004 -1
31005 -1
31006 -1
31007 -1
31008 -1
31009 -1
31010 -1
31011 -1
31012 -1
31013 -1
31014 -1
31015 -1
31016 -1
31017 -1
31018 -1
31019 -1
31020 -1
31021 -1
31022 -1
31023 -1
31024 -1
31025 -1
31026 -1
31027 -1
31028 -1
31029 -1
31030 -1
31031 -1
31032 -1
31033 -1
31034 -1
31035 -1
31036 -1
31037 -1
31038 -1
31039 -1
31040 -1
31041 -1
31042 -1
31043 -1
31044 -1
31045 -1
31046 -1
31047 -1
31048 -1
31049 -1
31050 -1
31051 -1
31052 -1
31053 -1
31054 -1
31055 -1
31056 -1
31057 -1
31058 -1
31059 -1
31060 -1
31061 -1
31062 -1
31063 -1
31064 -1
31065 -1
31066 -1
31067 -1
31068 -1
31069 -1
31070 -1
31071 -1
31072 -1
31073 -1
31074 -1
31075 -1
31076 -1
31077 -1
31078 -1
31079 -1
31080 -1
31081 -1
31082 -1
31083 -1
31084 -1
31085 -1
31086 -1
31087 -1
31088 -1
31089 -1
31090 -1
31091 -1
31092 -1
31093 -1
31094 -1
31095 -1
31096 -1
31097 -1
31098 -1
31099 -1
31100 -1
31101 -1
31102 -1
31103 -1
31104 -1
31105 -1
31106 -1
31107 -1
31108 -1
31109 -1
31110 -1
31111 -1
31112 -1
31113 -1
31114 -1
31115 -1
31116 -1
31117 -1
31118 -1
31119 -1
31120 -1
31121 -1
31122 -1
31123 -1
31124 -1
31125 -1
31126 -1
31127 -1
31128 -1
31129 -1
31130 -1
31131 -1
31132 -1
31133 -1
31134 -1
31135 -1
31136 -1
31137 -1
31138 -1
31139 -1
31140 -1
31141 -1
31142 -1
31143 -1
31144 -1
31145 -1
31146 -1
31147 -1
31148 -1
31149 -1
31150 -1
31151 -1
31152 -1
31153 -1
31154 -1
31155 -1
31156 -1
31157 -1
31158 -1
31159 -1
31160 -1
31161 -1
31162 -1
31163 -1
31164 -1
31165 -1
31166 -1
31167 -1
31168 -1
31169 -1
31170 -1
31171 -1
31172 -1
31173 -1
31174 -1
31175 -1
31176 -1
31177 -1
31178 -1
31179 -1
31180 -1
31181 -1
31182 -1
31183 -1
31184 -1
31185 -1
31186 -1
31187 -1
31188 -1
31189 -1
31190 -1
31191 -1
31192 -1
31193 -1
31194 -1
31195 -1
31196 -1
31197 -1
31198 -1
31199 -1
31200 -1
31201 -1
31202 -1
31203 -1
31204 -1
31205 -1
31206 -1
31207 -1
31208 -1
31209 -1
31210 -1
31211 -1
31212 -1
31213 -1
31214 -1
31215 -1
31216 -1
31217 -1
31218 -1
31219 -1
31220 -1
31221 -1
31222 -1
31223 -1
31224 -1
31225 -1
31226 -1
31227 -1
31228 -1
31229 -1
31230 -1
31231 -1
31232 -1
31233 -1
31234 -1
31235 -1
31236 -1
31237 -1
31238 -1
31239 -1
31240 -1
31241 -1
31242 -1
31243 -1
31244 -1
31245 -1
31246 -1
31247 -1
31248 -1
31249 -1
31250 -1
31251 -1
31252 -1
31253 -1
31254 -1
31255 -1
31256 -1
31257 -1
31258 -1
31259 -1
31260 -1
31261 -1
31262 -1
31263 -1
31264 -1
31265 -1
31266 -1
31267 -1
31268 -1
31269 -1
31270 -1
31271 -1
31272 -1
31273 -1
31274 -1
31275 -1
31276 -1
31277 -1
31278 -1
31279 -1
31280 -1
31281 -1
31282 -1
31283 -1
31284 -1
31285 -1
31286 -1
31287 -1
31288 -1
31289 -1
31290 -1
31291 -1
31292 -1
31293 -1
31294 -1
31295 -1
31296 -1
31297 -1
31298 -1
31299 -1
31300 -1
31301 -1
31302 -1
31303 -1
31304 -1
31305 -1
31306 -1
31307 -1
31308 -1
31309 -1
31310 -1
31311 -1
31312 -1
31313 -1
31314 -1
31315 -1
31316 -1
31317 -1
31318 -1
31319 -1
31320 -1
31321 -1
31322 -1
31323 -1
31324 -1
31325 -1
31326 -1
31327 -1
31328 -1
31329 -1
31330 -1
31331 -1
31332 -1
31333 -1
31334 -1
31335 -1
31336 -1
31337 -1
31338 -1
31339 -1
31340 -1
31341 -1
31342 -1
31343 -1
31344 -1
31345 -1
31346 -1
31347 -1
31348 -1
31349 -1
31350 -1
31351 -1
31352 -1
31353 -1
31354 -1
31355 -1
31356 -1
31357 -1
31358 -1
31359 -1
31360 -1
31361 -1
31362 -1
31363 -1
31364 -1
31365 -1
31366 -1
31367 -1
31368 -1
31369 -1
31370 -1
31371 -1
31372 -1
31373 -1
31374 -1
31375 -1
31376 -1
31377 -1
31378 -1
31379 -1
31380 -1
31381 -1
31382 -1
31383 -1
31384 -1
31385 -1
31386 -1
31387 -1
31388 -1
31389 -1
31390 -1
31391 -1
31392 -1
31393 -1
31394 -1
31395 -1
31396 -1
31397 -1
31398 -1
31399 -1
31400 -1
31401 -1
31402 -1
31403 -1
31404 -1
31405 -1
31406 -1
31407 -1
31408 -1
31409 -1
31410 -1
31411 -1
31412 -1
31413 -1
31414 -1
31415 -1
31416 -1
31417 -1
31418 -1
31419 -1
31420 -1
31421 -1
31422 -1
31423 -1
31424 -1
31425 -1
31426 -1
31427 -1
31428 -1
31429 -1
31430 -1
31431 -1
31432 -1
31433 -1
31434 -1
31435 -1
31436 -1
31437 -1
31438 -1
31439 -1
31440 -1
31441 -1
31442 -1
31443 -1
31444 -1
31445 -1
31446 -1
31447 -1
31448 -1
31449 -1
31450 -1
31451 -1
31452 -1
31453 -1
31454 -1
31455 -1
31456 -1
31457 -1
31458 -1
31459 -1
31460 -1
31461 -1
31462 -1
31463 -1
31464 -1
31465 -1
31466 -1
31467 -1
31468 -1
31469 -1
31470 -1
31471 -1
31472 -1
31473 -1
31474 -1
31475 -1
31476 -1
31477 -1
31478 -1
31479 -1
31480 -1
31481 -1
31482 -1
31483 -1
31484 -1
31485 -1
31486 -1
31487 -1
31488 -1
31489 -1
31490 -1
31491 -1
31492 -1
31493 -1
31494 -1
31495 -1
31496 -1
31497 -1
31498 -1
31499 -1
31500 -1
31501 -1
31502 -1
31503 -1
31504 -1
31505 -1
31506 -1
31507 -1
31508 -1
31509 -1
31510 -1
31511 -1
31512 -1
31513 -1
31514 -1
31515 -1
31516 -1
31517 -1
31518 -1
31519 -1
31520 -1
31521 -1
31522 -1
31523 -1
31524 -1
31525 -1
31526 -1
31527 -1
31528 -1
31529 -1
31530 -1
31531 -1
31532 -1
31533 -1
31534 -1
31535 -1
31536 -1
31537 -1
31538 -1
31539 -1
31540 -1
31541 -1
31542 -1
31543 -1
31544 -1
31545 -1
31546 -1
31547 -1
31548 -1
31549 -1
31550 -1
31551 -1
31552 -1
31553 -1
31554 -1
31555 -1
31556 -1
31557 -1
31558 -1
31559 -1
31560 -1
31561 -1
31562 -1
31563 -1
31564 -1
31565 -1
31566 -1
31567 -1
31568 -1
31569 -1
31570 -1
31571 -1
31572 -1
31573 -1
31574 -1
31575 -1
31576 -1
31577 -1
31578 -1
31579 -1
31580 -1
31581 -1
31582 -1
31583 -1
31584 -1
31585 -1
31586 -1
31587 -1
31588 -1
31589 -1
31590 -1
31591 -1
31592 -1
31593 -1
31594 -1
31595 -1
31596 -1
31597 -1
31598 -1
31599 -1
31600 -1
31601 -1
31602 -1
31603 -1
31604 -1
31605 -1
31606 -1
31607 -1
31608 -1
31609 -1
31610 -1
31611 -1
31612 -1
31613 -1
31614 -1
31615 -1
31616 -1
31617 -1
31618 -1
31619 -1
31620 -1
31621 -1
31622 -1
31623 -1
31624 -1
31625 -1
31626 -1
31627 -1
31628 -1
31629 -1
31630 -1
31631 -1
31632 -1
31633 -1
31634 -1
31635 -1
31636 -1
31637 -1
31638 -1
31639 -1
31640 -1
31641 -1
31642 -1
31643 -1
31644 -1
31645 -1
31646 -1
31647 -1
31648 -1
31649 -1
31650 -1
31651 -1
31652 -1
31653 -1
31654 -1
31655 -1
31656 -1
31657 -1
31658 -1
31659 -1
31660 -1
31661 -1
31662 -1
31663 -1
31664 -1
31665 -1
31666 -1
31667 -1
31668 -1
31669 -1
31670 -1
31671 -1
31672 -1
31673 -1
31674 -1
31675 -1
31676 -1
31677 -1
31678 -1
31679 -1
31680 -1
31681 -1
31682 -1
31683 -1
31684 -1
31685 -1
31686 -1
31687 -1
31688 -1
31689 -1
31690 -1
31691 -1
31692 -1
31693 -1
31694 -1
31695 -1
31696 -1
31697 -1
31698 -1
31699 -1
31700 -1
31701 -1
31702 -1
31703 -1
31704 -1
31705 -1
31706 -1
31707 -1
31708 -1
31709 -1
31710 -1
31711 -1
31712 -1
31713 -1
31714 -1
31715 -1
31716 -1
31717 -1
31718 -1
31719 -1
31720 -1
31721 -1
31722 -1
31723 -1
31724 -1
31725 -1
31726 -1
31727 -1
31728 -1
31729 -1
31730 -1
31731 -1
31732 -1
31733 -1
31734 -1
31735 -1
31736 -1
31737 -1
31738 -1
31739 -1
31740 -1
31741 -1
31742 -1
31743 -1
31744 -1
31745 -1
31746 -1
31747 -1
31748 -1
31749 -1
31750 -1
31751 -1
31752 -1
31753 -1
31754 -1
31755 -1
31756 -1
31757 -1
31758 -1
31759 -1
31760 -1
31761 -1
31762 -1
31763 -1
31764 -1
31765 -1
31766 -1
31767 -1
31768 -1
31769 -1
31770 -1
31771 -1
31772 -1
31773 -1
31774 -1
31775 -1
31776 -1
31777 -1
31778 -1
31779 -1
31780 -1
31781 -1
31782 -1
31783 -1
31784 -1
31785 -1
31786 -1
31787 -1
31788 -1
31789 -1
31790 -1
31791 -1
31792 -1
31793 -1
31794 -1
31795 -1
31796 -1
31797 -1
31798 -1
31799 -1
31800 -1
31801 -1
31802 -1
31803 -1
31804 -1
31805 -1
31806 -1
31807 -1
31808 -1
31809 -1
31810 -1
31811 -1
31812 -1
31813 -1
31814 -1
31815 -1
31816 -1
31817 -1
31818 -1
31819 -1
31820 -1
31821 -1
31822 -1
31823 -1
31824 -1
31825 -1
31826 -1
31827 -1
31828 -1
31829 -1
31830 -1
31831 -1
31832 -1
31833 -1
31834 -1
31835 -1
31836 -1
31837 -1
31838 -1
31839 -1
31840 -1
31841 -1
31842 -1
31843 -1
31844 -1
31845 -1
31846 -1
31847 -1
31848 -1
31849 -1
31850 -1
31851 -1
31852 -1
31853 -1
31854 -1
31855 -1
31856 -1
31857 -1
31858 -1
31859 -1
31860 -1
31861 -1
31862 -1
31863 -1
31864 -1
31865 -1
31866 -1
31867 -1
31868 -1
31869 -1
31870 -1
31871 -1
31872 -1
31873 -1
31874 -1
31875 -1
31876 -1
31877 -1
31878 -1
31879 -1
31880 -1
31881 -1
31882 -1
31883 -1
31884 -1
31885 -1
31886 -1
31887 -1
31888 -1
31889 -1
31890 -1
31891 -1
31892 -1
31893 -1
31894 -1
31895 -1
31896 -1
31897 -1
31898 -1
31899 -1
31900 -1
31901 -1
31902 -1
31903 -1
31904 -1
31905 -1
31906 -1
31907 -1
31908 -1
31909 -1
31910 -1
31911 -1
31912 -1
31913 -1
31914 -1
31915 -1
31916 -1
31917 -1
31918 -1
31919 -1
31920 -1
31921 -1
31922 -1
31923 -1
31924 -1
31925 -1
31926 -1
31927 -1
31928 -1
31929 -1
31930 -1
31931 -1
31932 -1
31933 -1
31934 -1
31935 -1
31936 -1
31937 -1
31938 -1
31939 -1
31940 -1
31941 -1
31942 -1
31943 -1
31944 -1
31945 -1
31946 -1
31947 -1
31948 -1
31949 -1
31950 -1
31951 -1
31952 -1
31953 -1
31954 -1
31955 -1
31956 -1
31957 -1
31958 -1
31959 -1
31960 -1
31961 -1
31962 -1
31963 -1
31964 -1
31965 -1
31966 -1
31967 -1
31968 -1
31969 -1
31970 -1
31971 -1
31972 -1
31973 -1
31974 -1
31975 -1
31976 -1
31977 -1
31978 -1
31979 -1
31980 -1
31981 -1
31982 -1
31983 -1
31984 -1
31985 -1
31986 -1
31987 -1
31988 -1
31989 -1
31990 -1
31991 -1
31992 -1
31993 -1
31994 -1
31995 -1
31996 -1
31997 -1
31998 -1
31999 -1
32000 -1
32001 -1
32002 -1
32003 -1
32004 -1
32005 -1
32006 -1
32007 -1
32008 -1
32009 -1
32010 -1
32011 -1
32012 -1
32013 -1
32014 -1
32015 -1
32016 -1
32017 -1
32018 -1
32019 -1
32020 -1
32021 -1
32022 -1
32023 -1
32024 -1
32025 -1
32026 -1
32027 -1
32028 -1
32029 -1
32030 -1
32031 -1
32032 -1
32033 -1
32034 -1
32035 -1
32036 -1
32037 -1
32038 -1
32039 -1
32040 -1
32041 -1
32042 -1
32043 -1
32044 -1
32045 -1
32046 -1
32047 -1
32048 -1
32049 -1
32050 -1
32051 -1
32052 -1
32053 -1
32054 -1
32055 -1
32056 -1
32057 -1
32058 -1
32059 -1
32060 -1
32061 -1
32062 -1
32063 -1
32064 -1
32065 -1
32066 -1
32067 -1
32068 -1
32069 -1
32070 -1
32071 -1
32072 -1
32073 -1
32074 -1
32075 -1
32076 -1
32077 -1
32078 -1
32079 -1
32080 -1
32081 -1
32082 -1
32083 -1
32084 -1
32085 -1
32086 -1
32087 -1
32088 -1
32089 -1
32090 -1
32091 -1
32092 -1
32093 -1
32094 -1
32095 -1
32096 -1
32097 -1
32098 -1
32099 -1
32100 -1
32101 -1
32102 -1
32103 -1
32104 -1
32105 -1
32106 -1
32107 -1
32108 -1
32109 -1
32110 -1
32111 -1
32112 -1
32113 -1
32114 -1
32115 -1
32116 -1
32117 -1
32118 -1
32119 -1
32120 -1
32121 -1
32122 -1
32123 -1
32124 -1
32125 -1
32126 -1
32127 -1
32128 -1
32129 -1
32130 -1
32131 -1
32132 -1
32133 -1
32134 -1
32135 -1
32136 -1
32137 -1
32138 -1
32139 -1
32140 -1
32141 -1
32142 -1
32143 -1
32144 -1
32145 -1
32146 -1
32147 -1
32148 -1
32149 -1
32150 -1
32151 -1
32152 -1
32153 -1
32154 -1
32155 -1
32156 -1
32157 -1
32158 -1
32159 -1
32160 -1
32161 -1
32162 -1
32163 -1
32164 -1
32165 -1
32166 -1
32167 -1
32168 -1
32169 -1
32170 -1
32171 -1
32172 -1
32173 -1
32174 -1
32175 -1
32176 -1
32177 -1
32178 -1
32179 -1
32180 -1
32181 -1
32182 -1
32183 -1
32184 -1
32185 -1
32186 -1
32187 -1
32188 -1
32189 -1
32190 -1
32191 -1
32192 -1
32193 -1
32194 -1
32195 -1
32196 -1
32197 -1
32198 -1
32199 -1
32200 -1
32201 -1
32202 -1
32203 -1
32204 -1
32205 -1
32206 -1
32207 -1
32208 -1
32209 -1
32210 -1
32211 -1
32212 -1
32213 -1
32214 -1
32215 -1
32216 -1
32217 -1
32218 -1
32219 -1
32220 -1
32221 -1
32222 -1
32223 -1
32224 -1
32225 -1
32226 -1
32227 -1
32228 -1
32229 -1
32230 -1
32231 -1
32232 -1
32233 -1
32234 -1
32235 -1
32236 -1
32237 -1
32238 -1
32239 -1
32240 -1
32241 -1
32242 -1
32243 -1
32244 -1
32245 -1
32246 -1
32247 -1
32248 -1
32249 -1
32250 -1
32251 -1
32252 -1
32253 -1
32254 -1
32255 -1
32256 -1
32257 -1
32258 -1
32259 -1
32260 -1
32261 -1
32262 -1
32263 -1
32264 -1
32265 -1
32266 -1
32267 -1
32268 -1
32269 -1
32270 -1
32271 -1
32272 -1
32273 -1
32274 -1
32275 -1
32276 -1
32277 -1
32278 -1
32279 -1
32280 -1
32281 -1
32282 -1
32283 -1
32284 -1
32285 -1
32286 -1
32287 -1
32288 -1
32289 -1
32290 -1
32291 -1
32292 -1
32293 -1
32294 -1
32295 -1
32296 -1
32297 -1
32298 -1
32299 -1
32300 -1
32301 -1
32302 -1
32303 -1
32304 -1
32305 -1
32306 -1
32307 -1
32308 -1
32309 -1
32310 -1
32311 -1
32312 -1
32313 -1
32314 -1
32315 -1
32316 -1
32317 -1
32318 -1
32319 -1
32320 -1
32321 -1
32322 -1
32323 -1
32324 -1
32325 -1
32326 -1
32327 -1
32328 -1
32329 -1
32330 -1
32331 -1
32332 -1
32333 -1
32334 -1
32335 -1
32336 -1
32337 -1
32338 -1
32339 -1
32340 -1
32341 -1
32342 -1
32343 -1
32344 -1
32345 -1
32346 -1
32347 -1
32348 -1
32349 -1
32350 -1
32351 -1
32352 -1
32353 -1
32354 -1
32355 -1
32356 -1
32357 -1
32358 -1
32359 -1
32360 -1
32361 -1
32362 -1
32363 -1
32364 -1
32365 -1
32366 -1
32367 -1
32368 -1
32369 -1
32370 -1
32371 -1
32372 -1
32373 -1
32374 -1
32375 -1
32376 -1
32377 -1
32378 -1
32379 -1
32380 -1
32381 -1
32382 -1
32383 -1
32384 -1
32385 -1
32386 -1
32387 -1
32388 -1
32389 -1
32390 -1
32391 -1
32392 -1
32393 -1
32394 -1
32395 -1
32396 -1
32397 -1
32398 -1
32399 -1
32400 -1
32401 -1
32402 -1
32403 -1
32404 -1
32405 -1
32406 -1
32407 -1
32408 -1
32409 -1
32410 -1
32411 -1
32412 -1
32413 -1
32414 -1
32415 -1
32416 -1
32417 -1
32418 -1
32419 -1
32420 -1
32421 -1
32422 -1
32423 -1
32424 -1
32425 -1
32426 -1
32427 -1
32428 -1
32429 -1
32430 -1
32431 -1
32432 -1
32433 -1
32434 -1
32435 -1
32436 -1
32437 -1
32438 -1
32439 -1
32440 -1
32441 -1
32442 -1
32443 -1
32444 -1
32445 -1
32446 -1
32447 -1
32448 -1
32449 -1
32450 -1
32451 -1
32452 -1
32453 -1
32454 -1
32455 -1
32456 -1
32457 -1
32458 -1
32459 -1
32460 -1
32461 -1
32462 -1
32463 -1
32464 -1
32465 -1
32466 -1
32467 -1
32468 -1
32469 -1
32470 -1
32471 -1
32472 -1
32473 -1
32474 -1
32475 -1
32476 -1
32477 -1
32478 -1
32479 -1
32480 -1
32481 -1
32482 -1
32483 -1
32484 -1
32485 -1
32486 -1
32487 -1
32488 -1
32489 -1
32490 -1
32491 -1
32492 -1
32493 -1
32494 -1
32495 -1
32496 -1
32497 -1
32498 -1
32499 -1
32500 -1
32501 -1
32502 -1
32503 -1
32504 -1
32505 -1
32506 -1
32507 -1
32508 -1
32509 -1
32510 -1
32511 -1
32512 -1
32513 -1
32514 -1
32515 -1
32516 -1
32517 -1
32518 -1
32519 -1
32520 -1
32521 -1
32522 -1
32523 -1
32524 -1
32525 -1
32526 -1
32527 -1
32528 -1
32529 -1
32530 -1
32531 -1
32532 -1
32533 -1
32534 -1
32535 -1
32536 -1
32537 -1
32538 -1
32539 -1
32540 -1
32541 -1
32542 -1
32543 -1
32544 -1
32545 -1
32546 -1
32547 -1
32548 -1
32549 -1
32550 -1
32551 -1
32552 -1
32553 -1
32554 -1
32555 -1
32556 -1
32557 -1
32558 -1
32559 -1
32560 -1
32561 -1
32562 -1
32563 -1
32564 -1
32565 -1
32566 -1
32567 -1
32568 -1
32569 -1
32570 -1
32571 -1
32572 -1
32573 -1
32574 -1
32575 -1
32576 -1
32577 -1
32578 -1
32579 -1
32580 -1
32581 -1
32582 -1
32583 -1
32584 -1
32585 -1
32586 -1
32587 -1
32588 -1
32589 -1
32590 -1
32591 -1
32592 -1
32593 -1
32594 -1
32595 -1
32596 -1
32597 -1
32598 -1
32599 -1
32600 -1
32601 -1
32602 -1
32603 -1
32604 -1
32605 -1
32606 -1
32607 -1
32608 -1
32609 -1
32610 -1
32611 -1
32612 -1
32613 -1
32614 -1
32615 -1
32616 -1
32617 -1
32618 -1
32619 -1
32620 -1
32621 -1
32622 -1
32623 -1
32624 -1
32625 -1
32626 -1
32627 -1
32628 -1
32629 -1
32630 -1
32631 -1
32632 -1
32633 -1
32634 -1
32635 -1
32636 -1
32637 -1
32638 -1
32639 -1
32640 -1
32641 -1
32642 -1
32643 -1
32644 -1
32645 -1
32646 -1
32647 -1
32648 -1
32649 -1
32650 -1
32651 -1
32652 -1
32653 -1
32654 -1
32655 -1
32656 -1
32657 -1
32658 -1
32659 -1
32660 -1
32661 -1
32662 -1
32663 -1
32664 -1
32665 -1
32666 -1
32667 -1
32668 -1
32669 -1
32670 -1
32671 -1
32672 -1
32673 -1
32674 -1
32675 -1
32676 -1
32677 -1
32678 -1
32679 -1
32680 -1
32681 -1
32682 -1
32683 -1
32684 -1
32685 -1
32686 -1
32687 -1
32688 -1
32689 -1
32690 -1
32691 -1
32692 -1
32693 -1
32694 -1
32695 -1
32696 -1
32697 -1
32698 -1
32699 -1
32700 -1
32701 -1
32702 -1
32703 -1
32704 -1
32705 -1
32706 -1
32707 -1
32708 -1
32709 -1
32710 -1
32711 -1
32712 -1
32713 -1
32714 -1
32715 -1
32716 -1
32717 -1
32718 -1
32719 -1
32720 -1
32721 -1
32722 -1
32723 -1
32724 -1
32725 -1
32726 -1
32727 -1
32728 -1
32729 -1
32730 -1
32731 -1
32732 -1
32733 -1
32734 -1
32735 -1
32736 -1
32737 -1
32738 -1
32739 -1
32740 -1
32741 -1
32742 -1
32743 -1
32744 -1
32745 -1
32746 -1
32747 -1
32748 -1
32749 -1
32750 -1
32751 -1
32752 -1
32753 -1
32754 -1
32755 -1
32756 -1
32757 -1
32758 -1
32759 -1
32760 -1
32761 -1
32762 -1
32763 -1
32764 -1
32765 -1
32766 -1
32767 -1
32768 -1
32769 -1
32770 -1
32771 -1
32772 -1
32773 -1
32774 -1
32775 -1
32776 -1
32777 -1
32778 -1
32779 -1
32780 -1
32781 -1
32782 -1
32783 -1
32784 -1
32785 -1
32786 -1
32787 -1
32788 -1
32789 -1
32790 -1
32791 -1
32792 -1
32793 -1
32794 -1
32795 -1
32796 -1
32797 -1
32798 -1
32799 -1
32800 -1
32801 -1
32802 -1
32803 -1
32804 -1
32805 -1
32806 -1
32807 -1
32808 -1
32809 -1
32810 -1
32811 -1
32812 -1
32813 -1
32814 -1
32815 -1
32816 -1
32817 -1
32818 -1
32819 -1
32820 -1
32821 -1
32822 -1
32823 -1
32824 -1
32825 -1
32826 -1
32827 -1
32828 -1
32829 -1
32830 -1
32831 -1
32832 -1
32833 -1
32834 -1
32835 -1
32836 -1
32837 -1
32838 -1
32839 -1
32840 -1
32841 -1
32842 -1
32843 -1
32844 -1
32845 -1
32846 -1
32847 -1
32848 -1
32849 -1
32850 -1
32851 -1
32852 -1
32853 -1
32854 -1
32855 -1
32856 -1
32857 -1
32858 -1
32859 -1
32860 -1
32861 -1
32862 -1
32863 -1
32864 -1
32865 -1
32866 -1
32867 -1
32868 -1
32869 -1
32870 -1
32871 -1
32872 -1
32873 -1
32874 -1
32875 -1
32876 -1
32877 -1
32878 -1
32879 -1
32880 -1
32881 -1
32882 -1
32883 -1
32884 -1
32885 -1
32886 -1
32887 -1
32888 -1
32889 -1
32890 -1
32891 -1
32892 -1
32893 -1
32894 -1
32895 -1
32896 -1
32897 -1
32898 -1
32899 -1
32900 -1
32901 -1
32902 -1
32903 -1
32904 -1
32905 -1
32906 -1
32907 -1
32908 -1
32909 -1
32910 -1
32911 -1
32912 -1
32913 -1
32914 -1
32915 -1
32916 -1
32917 -1
32918 -1
32919 -1
32920 -1
32921 -1
32922 -1
32923 -1
32924 -1
32925 -1
32926 -1
32927 -1
32928 -1
32929 -1
32930 -1
32931 -1
32932 -1
32933 -1
32934 -1
32935 -1
32936 -1
32937 -1
32938 -1
32939 -1
32940 -1
32941 -1
32942 -1
32943 -1
32944 -1
32945 -1
32946 -1
32947 -1
32948 -1
32949 -1
32950 -1
32951 -1
32952 -1
32953 -1
32954 -1
32955 -1
32956 -1
32957 -1
32958 -1
32959 -1
32960 -1
32961 -1
32962 -1
32963 -1
32964 -1
32965 -1
32966 -1
32967 -1
32968 -1
32969 -1
32970 -1
32971 -1
32972 -1
32973 -1
32974 -1
32975 -1
32976 -1
32977 -1
32978 -1
32979 -1
32980 -1
32981 -1
32982 -1
32983 -1
32984 -1
32985 -1
32986 -1
32987 -1
32988 -1
32989 -1
32990 -1
32991 -1
32992 -1
32993 -1
32994 -1
32995 -1
32996 -1
32997 -1
32998 -1
32999 -1
33000 -1
33001 -1
33002 -1
33003 -1
33004 -1
33005 -1
33006 -1
33007 -1
33008 -1
33009 -1
33010 -1
33011 -1
33012 -1
33013 -1
33014 -1
33015 -1
33016 -1
33017 -1
33018 -1
33019 -1
33020 -1
33021 -1
33022 -1
33023 -1
33024 -1
33025 -1
33026 -1
33027 -1
33028 -1
33029 -1
33030 -1
33031 -1
33032 -1
33033 -1
33034 -1
33035 -1
33036 -1
33037 -1
33038 -1
33039 -1
33040 -1
33041 -1
33042 -1
33043 -1
33044 -1
33045 -1
33046 -1
33047 -1
33048 -1
33049 -1
33050 -1
33051 -1
33052 -1
33053 -1
33054 -1
33055 -1
33056 -1
33057 -1
33058 -1
33059 -1
33060 -1
33061 -1
33062 -1
33063 -1
33064 -1
33065 -1
33066 -1
33067 -1
33068 -1
33069 -1
33070 -1
33071 -1
33072 -1
33073 -1
33074 -1
33075 -1
33076 -1
33077 -1
33078 -1
33079 -1
33080 -1
33081 -1
33082 -1
33083 -1
33084 -1
33085 -1
33086 -1
33087 -1
33088 -1
33089 -1
33090 -1
33091 -1
33092 -1
33093 -1
33094 -1
33095 -1
33096 -1
33097 -1
33098 -1
33099 -1
33100 -1
33101 -1
33102 -1
33103 -1
33104 -1
33105 -1
33106 -1
33107 -1
33108 -1
33109 -1
33110 -1
33111 -1
33112 -1
33113 -1
33114 -1
33115 -1
33116 -1
33117 -1
33118 -1
33119 -1
33120 -1
33121 -1
33122 -1
33123 -1
33124 -1
33125 -1
33126 -1
33127 -1
33128 -1
33129 -1
33130 -1
33131 -1
33132 -1
33133 -1
33134 -1
33135 -1
33136 -1
33137 -1
33138 -1
33139 -1
33140 -1
33141 -1
33142 -1
33143 -1
33144 -1
33145 -1
33146 -1
33147 -1
33148 -1
33149 -1
33150 -1
33151 -1
33152 -1
33153 -1
33154 -1
33155 -1
33156 -1
33157 -1
33158 -1
33159 -1
33160 -1
33161 -1
33162 -1
33163 -1
33164 -1
33165 -1
33166 -1
33167 -1
33168 -1
33169 -1
33170 -1
33171 -1
33172 -1
33173 -1
33174 -1
33175 -1
33176 -1
33177 -1
33178 -1
33179 -1
33180 -1
33181 -1
33182 -1
33183 -1
33184 -1
33185 -1
33186 -1
33187 -1
33188 -1
33189 -1
33190 -1
33191 -1
33192 -1
33193 -1
33194 -1
33195 -1
33196 -1
33197 -1
33198 -1
33199 -1
33200 -1
33201 -1
33202 -1
33203 -1
33204 -1
33205 -1
33206 -1
33207 -1
33208 -1
33209 -1
33210 -1
33211 -1
33212 -1
33213 -1
33214 -1
33215 -1
33216 -1
33217 -1
33218 -1
33219 -1
33220 -1
33221 -1
33222 -1
33223 -1
33224 -1
33225 -1
33226 -1
33227 -1
33228 -1
33229 -1
33230 -1
33231 -1
33232 -1
33233 -1
33234 -1
33235 -1
33236 -1
33237 -1
33238 -1
33239 -1
33240 -1
33241 -1
33242 -1
33243 -1
33244 -1
33245 -1
33246 -1
33247 -1
33248 -1
33249 -1
33250 -1
33251 -1
33252 -1
33253 -1
33254 -1
33255 -1
33256 -1
33257 -1
33258 -1
33259 -1
33260 -1
33261 -1
33262 -1
33263 -1
33264 -1
33265 -1
33266 -1
33267 -1
33268 -1
33269 -1
33270 -1
33271 -1
33272 -1
33273 -1
33274 -1
33275 -1
33276 -1
33277 -1
33278 -1
33279 -1
33280 -1
33281 -1
33282 -1
33283 -1
33284 -1
33285 -1
33286 -1
33287 -1
33288 -1
33289 -1
33290 -1
33291 -1
33292 -1
33293 -1
33294 -1
33295 -1
33296 -1
33297 -1
33298 -1
33299 -1
33300 -1
33301 -1
33302 -1
33303 -1
33304 -1
33305 -1
33306 -1
33307 -1
33308 -1
33309 -1
33310 -1
33311 -1
33312 -1
33313 -1
33314 -1
33315 -1
33316 -1
33317 -1
33318 -1
33319 -1
33320 -1
33321 -1
33322 -1
33323 -1
33324 -1
33325 -1
33326 -1
33327 -1
33328 -1
33329 -1
33330 -1
33331 -1
33332 -1
33333 -1
33334 -1
33335 -1
33336 -1
33337 -1
33338 -1
33339 -1
33340 -1
33341 -1
33342 -1
33343 -1
33344 -1
33345 -1
33346 -1
33347 -1
33348 -1
33349 -1
33350 -1
33351 -1
33352 -1
33353 -1
33354 -1
33355 -1
33356 -1
33357 -1
33358 -1
33359 -1
33360 -1
33361 -1
33362 -1
33363 -1
33364 -1
33365 -1
33366 -1
33367 -1
33368 -1
33369 -1
33370 -1
33371 -1
33372 -1
33373 -1
33374 -1
33375 -1
33376 -1
33377 -1
33378 -1
33379 -1
33380 -1
33381 -1
33382 -1
33383 -1
33384 -1
33385 -1
33386 -1
33387 -1
33388 -1
33389 -1
33390 -1
33391 -1
33392 -1
33393 -1
33394 -1
33395 -1
33396 -1
33397 -1
33398 -1
33399 -1
33400 -1
33401 -1
33402 -1
33403 -1
33404 -1
33405 -1
33406 -1
33407 -1
33408 2
33409 2
33410 2
33411 2
33412 2
33413 2
33414 2
33415 2
33416 2
33417 2
33418 2
33419 2
33420 2
33421 2
33422 2
33423 2
33424 2
33425 2
33426 2
33427 2
33428 2
33429 2
33430 2
33431 2
33432 2
33433 2
33434 2
33435 2
33436 2
33437 2
33438 2
33439 2
33440 2
33441 2
33442 2
33443 2
33444 2
33445 2
33446 2
33447 2
33448 2
33449 2
33450 2
33451 2
33452 2
33453 2
33454 2
33455 2
33456 2
33457 2
33458 2
33459 2
33460 2
33461 2
33462 2
33463 2
33464 2
33465 2
33466 2
33467 2
33468 2
33469 2
33470 2
33471 2
33472 2
33473 2
33474 2
33475 2
33476 2
33477 2
33478 2
33479 2
33480 2
33481 2
33482 2
33483 2
33484 2
33485 2
33486 2
33487 2
33488 2
33489 2
33490 2
33491 2
33492 2
33493 2
33494 2
33495 2
33496 2
33497 2
33498 2
33499 2
33500 2
33501 2
33502 2
33503 2
33504 2
33505 2
33506 2
33507 2
33508 2
33509 2
33510 2
33511 2
33512 2
33513 2
33514 2
33515 2
33516 2
33517 2
33518 2
33519 2
33520 2
33521 2
33522 2
33523 2
33524 2
33525 2
33526 2
33527 2
33528 2
33529 2
33530 2
33531 2
33532 2
33533 2
33534 2
33535 2
33536 2
33537 2
33538 2
33539 2
33540 2
33541 2
33542 2
33543 2
33544 2
33545 2
33546 2
33547 2
33548 2
33549 2
33550 2
33551 2
33552 2
33553 2
33554 2
33555 2
33556 2
33557 2
33558 2
33559 2
33560 2
33561 2
33562 2
33563 2
33564 2
33565 2
33566 2
33567 2
33568 2
33569 2
33570 2
33571 2
33572 2
33573 2
33574 2
33575 2
33576 2
33577 2
33578 2
33579 2
33580 2
33581 2
33582 2
33583 2
33584 2
33585 2
33586 2
33587 2
33588 2
33589 2
33590 2
33591 2
33592 2
33593 2
33594 2
33595 2
33596 2
33597 2
33598 2
33599 2
33600 2
33601 2
33602 2
33603 2
33604 2
33605 2
33606 2
33607 2
33608 2
33609 2
33610 2
33611 2
33612 2
33613 2
33614 2
33615 2
33616 2
33617 2
33618 2
33619 2
33620 2
33621 2
33622 2
33623 2
33624 2
33625 2
33626 2
33627 2
33628 2
33629 2
33630 2
33631 2
33632 2
33633 2
33634 2
33635 2
33636 2
33637 2
33638 2
33639 2
33640 2
33641 2
33642 2
33643 2
33644 2
33645 2
33646 2
33647 2
33648 2
33649 2
33650 2
33651 2
33652 2
33653 2
33654 2
33655 2
33656 2
33657 2
33658 2
33659 2
33660 2
33661 2
33662 2
33663 2
33664 2
33665 2
33666 2
33667 2
33668 2
33669 2
33670 2
33671 2
33672 2
33673 2
33674 2
33675 2
33676 2
33677 2
33678 2
33679 2
33680 2
33681 2
33682 2
33683 2
33684 2
33685 2
33686 2
33687 2
33688 2
33689 2
33690 2
33691 2
33692 2
33693 2
33694 2
33695 2
33696 2
33697 2
33698 2
33699 2
33700 2
33701 2
33702 2
33703 2
33704 2
33705 2
33706 2
33707 2
33708 2
33709 2
33710 2
33711 2
33712 2
33713 2
33714 2
33715 2
33716 2
33717 2
33718 2
33719 2
33720 2
33721 2
33722 2
33723 2
33724 2
33725 2
33726 2
33727 2
33728 2
33729 2
33730 2
33731 2
33732 2
33733 2
33734 2
33735 2
33736 2
33737 2
33738 2
33739 2
33740 2
33741 2
33742 2
33743 2
33744 2
33745 2
33746 2
33747 2
33748 2
33749 2
33750 2
33751 2
33752 2
33753 2
33754 2
33755 2
33756 2
33757 2
33758 2
33759 2
33760 2
33761 2
33762 2
33763 2
33764 2
33765 2
33766 2
33767 2
33768 2
33769 2
33770 2
33771 2
33772 2
33773 2
33774 2
33775 2
33776 2
33777 2
33778 2
33779 2
33780 2
33781 2
33782 2
33783 2
33784 2
33785 2
33786 2
33787 2
33788 2
33789 2
33790 2
33791 2
33792 -3
33793 -3
33794 -3
33795 -3
33796 -3
33797 -3
33798 -3
33799 -3
33800 -3
33801 -3
33802 -3
33803 -3
33804 -3
33805 -3
33806 -3
33807 -3
33808 -3
33809 -3
33810 -3
33811 -3
33812 -3
33813 -3
33814 -3
33815 -3
33816 -3
33817 -3
33818 -3
33819 -3
33820 -3
33821 -3
33822 -3
33823 -3
33824 -3
33825 -3
33826 -3
33827 -3
33828 -3
33829 -3
33830 -3
33831 -3
33832 -3
33833 -3
33834 -3
33835 -3
33836 -3
33837 -3
33838 -3
33839 -3
33840 -3
33841 -3
33842 -3
33843 -3
33844 -3
33845 -3
33846 -3
33847 -3
33848 -3
33849 -3
33850 -3
33851 -3
33852 -3
33853 -3
33854 -3
33855 -3
33856 -3
33857 -3
33858 -3
33859 -3
33860 -3
33861 -3
33862 -3
33863 -3
33864 -3
33865 -3
33866 -3
33867 -3
33868 -3
33869 -3
33870 -3
33871 -3
33872 -3
33873 -3
33874 -3
33875 -3
33876 -3
33877 -3
33878 -3
33879 -3
33880 -3
33881 -3
33882 -3
33883 -3
33884 -3
33885 -3
33886 -3
33887 -3
33888 -3
33889 -3
33890 -3
33891 -3
33892 -3
33893 -3
33894 -3
33895 -3
33896 -3
33897 -3
33898 -3
33899 -3
33900 -3
33901 -3
33902 -3
33903 -3
33904 -3
33905 -3
33906 -3
33907 -3
33908 -3
33909 -3
33910 -3
33911 -3
33912 -3
33913 -3
33914 -3
33915 -3
33916 -3
33917 -3
33918 -3
33919 -3
33920 -3
33921 -3
33922 -3
33923 -3
33924 -3
33925 -3
33926 -3
33927 -3
33928 -3
33929 -3
33930 -3
33931 -3
33932 -3
33933 -3
33934 -3
33935 -3
33936 -3
33937 -3
33938 -3
33939 -3
33940 -3
33941 -3
33942 -3
33943 -3
33944 -3
33945 -3
33946 -3
33947 -3
33948 -3
33949 -3
33950 -3
33951 -3
33952 -3
33953 -3
33954 -3
33955 -3
33956 -3
33957 -3
33958 -3
33959 -3
33960 -3
33961 -3
33962 -3
33963 -3
33964 -3
33965 -3
33966 -3
33967 -3
33968 -3
33969 -3
33970 -3
33971 -3
33972 -3
33973 -3
33974 -3
33975 -3
33976 -3
33977 -3
33978 -3
33979 -3
33980 -3
33981 -3
33982 -3
33983 -3
33984 -3
33985 -3
33986 -3
33987 -3
33988 -3
33989 -3
33990 -3
33991 -3
33992 -3
33993 -3
33994 -3
33995 -3
33996 -3
33997 -3
33998 -3
33999 -3
34000 -3
34001 -3
34002 -3
34003 -3
34004 -3
34005 -3
34006 -3
34007 -3
34008 -3
34009 -3
34010 -3
34011 -3
34012 -3
34013 -3
34014 -3
34015 -3
34016 -3
34017 -3
34018 -3
34019 -3
34020 -3
34021 -3
34022 -3
34023 -3
34024 -3
34025 -3
34026 -3
34027 -3
34028 -3
34029 -3
34030 -3
34031 -3
34032 -3
34033 -3
34034 -3
34035 -3
34036 -3
34037 -3
34038 -3
34039 -3
34040 -3
34041 -3
34042 -3
34043 -3
34044 -3
34045 -3
34046 -3
34047 -3
34048 -3
34049 -3
34050 -3
34051 -3
34052 -3
34053 -3
34054 -3
34055 -3
34056 -3
34057 -3
34058 -3
34059 -3
34060 -3
34061 -3
34062 -3
34063 -3
34064 -3
34065 -3
34066 -3
34067 -3
34068 -3
34069 -3
34070 -3
34071 -3
34072 -3
34073 -3
34074 -3
34075 -3
34076 -3
34077 -3
34078 -3
34079 -3
34080 -3
34081 -3
34082 -3
34083 -3
34084 -3
34085 -3
34086 -3
34087 -3
34088 -3
34089 -3
34090 -3
34091 -3
34092 -3
34093 -3
34094 -3
34095 -3
34096 -3
34097 -3
34098 -3
34099 -3
34100 -3
34101 -3
34102 -3
34103 -3
34104 -3
34105 -3
34106 -3
34107 -3
34108 -3
34109 -3
34110 -3
34111 -3
34112 -3
34113 -3
34114 -3
34115 -3
34116 -3
34117 -3
34118 -3
34119 -3
34120 -3
34121 -3
34122 -3
34123 -3
34124 -3
34125 -3
34126 -3
34127 -3
34128 -3
34129 -3
34130 -3
34131 -3
34132 -3
34133 -3
34134 -3
34135 -3
34136 -3
34137 -3
34138 -3
34139 -3
34140 -3
34141 -3
34142 -3
34143 -3
34144 -3
34145 -3
34146 -3
34147 -3
34148 -3
34149 -3
34150 -3
34151 -3
34152 -3
34153 -3
34154 -3
34155 -3
34156 -3
34157 -3
34158 -3
34159 -3
34160 -3
34161 -3
34162 -3
34163 -3
34164 -3
34165 -3
34166 -3
34167 -3
34168 -3
34169 -3
34170 -3
34171 -3
34172 -3
34173 -3
34174 -3
34175 -3
34176 -3
34177 -3
34178 -3
34179 -3
34180 -3
34181 -3
34182 -3
34183 -3
34184 -3
34185 -3
34186 -3
34187 -3
34188 -3
34189 -3
34190 -3
34191 -3
34192 -3
34193 -3
34194 -3
34195 -3
34196 -3
34197 -3
34198 -3
34199 -3
34200 -3
34201 -3
34202 -3
34203 -3
34204 -3
34205 -3
34206 -3
34207 -3
34208 -3
34209 -3
34210 -3
34211 -3
34212 -3
34213 -3
34214 -3
34215 -3
34216 -3
34217 -3
34218 -3
34219 -3
34220 -3
34221 -3
34222 -3
34223 -3
34224 -3
34225 -3
34226 -3
34227 -3
34228 -3
34229 -3
34230 -3
34231 -3
34232 -3
34233 -3
34234 -3
34235 -3
34236 -3
34237 -3
34238 -3
34239 -3
34240 -3
34241 -3
34242 -3
34243 -3
34244 -3
34245 -3
34246 -3
34247 -3
34248 -3
34249 -3
34250 -3
34251 -3
34252 -3
34253 -3
34254 -3
34255 -3
34256 -3
34257 -3
34258 -3
34259 -3
34260 -3
34261 -3
34262 -3
34263 -3
34264 -3
34265 -3
34266 -3
34267 -3
34268 -3
34269 -3
34270 -3
34271 -3
34272 -3
34273 -3
34274 -3
34275 -3
34276 -3
34277 -3
34278 -3
34279 -3
34280 -3
34281 -3
34282 -3
34283 -3
34284 -3
34285 -3
34286 -3
34287 -3
34288 -3
34289 -3
34290 -3
34291 -3
34292 -3
34293 -3
34294 -3
34295 -3
34296 -3
34297 -3
34298 -3
34299 -3
34300 -3
34301 -3
34302 -3
34303 -3
34304 -3
34305 -3
34306 -3
34307 -3
34308 -3
34309 -3
34310 -3
34311 -3
34312 -3
34313 -3
34314 -3
34315 -3
34316 -3
34317 -3
34318 -3
34319 -3
34320 -3
34321 -3
34322 -3
34323 -3
34324 -3
34325 -3
34326 -3
34327 -3
34328 -3
34329 -3
34330 -3
34331 -3
34332 -3
34333 -3
34334 -3
34335 -3
34336 -3
34337 -3
34338 -3
34339 -3
34340 -3
34341 -3
34342 -3
34343 -3
34344 -3
34345 -3
34346 -3
34347 -3
34348 -3
34349 -3
34350 -3
34351 -3
34352 -3
34353 -3
34354 -3
34355 -3
34356 -3
34357 -3
34358 -3
34359 -3
34360 -3
34361 -3
34362 -3
34363 -3
34364 -3
34365 -3
34366 -3
34367 -3
34368 -3
34369 -3
34370 -3
34371 -3
34372 -3
34373 -3
34374 -3
34375 -3
34376 -3
34377 -3
34378 -3
34379 -3
34380 -3
34381 -3
34382 -3
34383 -3
34384 -3
34385 -3
34386 -3
34387 -3
34388 -3
34389 -3
34390 -3
34391 -3
34392 -3
34393 -3
34394 -3
34395 -3
34396 -3
34397 -3
34398 -3
34399 -3
34400 -3
34401 -3
34402 -3
34403 -3
34404 -3
34405 -3
34406 -3
34407 -3
34408 -3
34409 -3
34410 -3
34411 -3
34412 -3
34413 -3
34414 -3
34415 -3
34416 -3
34417 -3
34418 -3
34419 -3
34420 -3
34421 -3
34422 -3
34423 -3
34424 -3
34425 -3
34426 -3
34427 -3
34428 -3
34429 -3
34430 -3
34431 -3
34432 -3
34433 -3
34434 -3
34435 -3
34436 -3
34437 -3
34438 -3
34439 -3
34440 -3
34441 -3
34442 -3
34443 -3
34444 -3
34445 -3
34446 -3
34447 -3
34448 -3
34449 -3
34450 -3
34451 -3
34452 -3
34453 -3
34454 -3
34455 -3
34456 -3
34457 -3
34458 -3
34459 -3
34460 -3
34461 -3
34462 -3
34463 -3
34464 -3
34465 -3
34466 -3
34467 -3
34468 -3
34469 -3
34470 -3
34471 -3
34472 -3
34473 -3
34474 -3
34475 -3
34476 -3
34477 -3
34478 -3
34479 -3
34480 -3
34481 -3
34482 -3
34483 -3
34484 -3
34485 -3
34486 -3
34487 -3
34488 -3
34489 -3
34490 -3
34491 -3
34492 -3
34493 -3
34494 -3
34495 -3
34496 -3
34497 -3
34498 -3
34499 -3
34500 -3
34501 -3
34502 -3
34503 -3
34504 -3
34505 -3
34506 -3
34507 -3
34508 -3
34509 -3
34510 -3
34511 -3
34512 -3
34513 -3
34514 -3
34515 -3
34516 -3
34517 -3
34518 -3
34519 -3
34520 -3
34521 -3
34522 -3
34523 -3
34524 -3
34525 -3
34526 -3
34527 -3
34528 -3
34529 -3
34530 -3
34531 -3
34532 -3
34533 -3
34534 -3
34535 -3
34536 -3
34537 -3
34538 -3
34539 -3
34540 -3
34541 -3
34542 -3
34543 -3
34544 -3
34545 -3
34546 -3
34547 -3
34548 -3
34549 -3
34550 -3
34551 -3
34552 -3
34553 -3
34554 -3
34555 -3
34556 -3
34557 -3
34558 -3
34559 -3
34560 -2
34561 -2
34562 -2
34563 -2
34564 -2
34565 -2
34566 -2
34567 -2
34568 -2
34569 -2
34570 -2
34571 -2
34572 -2
34573 -2
34574 -2
34575 -2
34576 -2
34577 -2
34578 -2
34579 -2
34580 -2
34581 -2
34582 -2
34583 -2
34584 -2
34585 -2
34586 -2
34587 -2
34588 -2
34589 -2
34590 -2
34591 -2
34592 -2
34593 -2
34594 -2
34595 -2
34596 -2
34597 -2
34598 -2
34599 -2
34600 -2
34601 -2
34602 -2
34603 -2
34604 -2
34605 -2
34606 -2
34607 -2
34608 -2
34609 -2
34610 -2
34611 -2
34612 -2
34613 -2
34614 -2
34615 -2
34616 -2
34617 -2
34618 -2
34619 -2
34620 -2
34621 -2
34622 -2
34623 -2
34624 -2
34625 -2
34626 -2
34627 -2
34628 -2
34629 -2
34630 -2
34631 -2
34632 -2
34633 -2
34634 -2
34635 -2
34636 -2
34637 -2
34638 -2
34639 -2
34640 -2
34641 -2
34642 -2
34643 -2
34644 -2
34645 -2
34646 -2
34647 -2
34648 -2
34649 -2
34650 -2
34651 -2
34652 -2
34653 -2
34654 -2
34655 -2
34656 -2
34657 -2
34658 -2
34659 -2
34660 -2
34661 -2
34662 -2
34663 -2
34664 -2
34665 -2
34666 -2
34667 -2
34668 -2
34669 -2
34670 -2
34671 -2
34672 -2
34673 -2
34674 -2
34675 -2
34676 -2
34677 -2
34678 -2
34679 -2
34680 -2
34681 -2
34682 -2
34683 -2
34684 -2
34685 -2
34686 -2
34687 -2
34688 -2
34689 -2
34690 -2
34691 -2
34692 -2
34693 -2
34694 -2
34695 -2
34696 -2
34697 -2
34698 -2
34699 -2
34700 -2
34701 -2
34702 -2
34703 -2
34704 -2
34705 -2
34706 -2
34707 -2
34708 -2
34709 -2
34710 -2
34711 -2
34712 -2
34713 -2
34714 -2
34715 -2
34716 -2
34717 -2
34718 -2
34719 -2
34720 -2
34721 -2
34722 -2
34723 -2
34724 -2
34725 -2
34726 -2
34727 -2
34728 -2
34729 -2
34730 -2
34731 -2
34732 -2
34733 -2
34734 -2
34735 -2
34736 -2
34737 -2
34738 -2
34739 -2
34740 -2
34741 -2
34742 -2
34743 -2
34744 -2
34745 -2
34746 -2
34747 -2
34748 -2
34749 -2
34750 -2
34751 -2
34752 -2
34753 -2
34754 -2
34755 -2
34756 -2
34757 -2
34758 -2
34759 -2
34760 -2
34761 -2
34762 -2
34763 -2
34764 -2
34765 -2
34766 -2
34767 -2
34768 -2
34769 -2
34770 -2
34771 -2
34772 -2
34773 -2
34774 -2
34775 -2
34776 -2
34777 -2
34778 -2
34779 -2
34780 -2
34781 -2
34782 -2
34783 -2
34784 -2
34785 -2
34786 -2
34787 -2
34788 -2
34789 -2
34790 -2
34791 -2
34792 -2
34793 -2
34794 -2
34795 -2
34796 -2
34797 -2
34798 -2
34799 -2
34800 -2
34801 -2
34802 -2
34803 -2
34804 -2
34805 -2
34806 -2
34807 -2
34808 -2
34809 -2
34810 -2
34811 -2
34812 -2
34813 -2
34814 -2
34815 -2
34816 -2
34817 -2
34818 -2
34819 -2
34820 -2
34821 -2
34822 -2
34823 -2
34824 -2
34825 -2
34826 -2
34827 -2
34828 -2
34829 -2
34830 -2
34831 -2
34832 -2
34833 -2
34834 -2
34835 -2
34836 -2
34837 -2
34838 -2
34839 -2
34840 -2
34841 -2
34842 -2
34843 -2
34844 -2
34845 -2
34846 -2
34847 -2
34848 -2
34849 -2
34850 -2
34851 -2
34852 -2
34853 -2
34854 -2
34855 -2
34856 -2
34857 -2
34858 -2
34859 -2
34860 -2
34861 -2
34862 -2
34863 -2
34864 -2
34865 -2
34866 -2
34867 -2
34868 -2
34869 -2
34870 -2
34871 -2
34872 -2
34873 -2
34874 -2
34875 -2
34876 -2
34877 -2
34878 -2
34879 -2
34880 -2
34881 -2
34882 -2
34883 -2
34884 -2
34885 -2
34886 -2
34887 -2
34888 -2
34889 -2
34890 -2
34891 -2
34892 -2
34893 -2
34894 -2
34895 -2
34896 -2
34897 -2
34898 -2
34899 -2
34900 -2
34901 -2
34902 -2
34903 -2
34904 -2
34905 -2
34906 -2
34907 -2
34908 -2
34909 -2
34910 -2
34911 -2
34912 -2
34913 -2
34914 -2
34915 -2
34916 -2
34917 -2
34918 -2
34919 -2
34920 -2
34921 -2
34922 -2
34923 -2
34924 -2
34925 -2
34926 -2
34927 -2
34928 -2
34929 -2
34930 -2
34931 -2
34932 -2
34933 -2
34934 -2
34935 -2
34936 -2
34937 -2
34938 -2
34939 -2
34940 -2
34941 -2
34942 -2
34943 -2
34944 -2
34945 -2
34946 -2
34947 -2
34948 -2
34949 -2
34950 -2
34951 -2
34952 -2
34953 -2
34954 -2
34955 -2
34956 -2
34957 -2
34958 -2
34959 -2
34960 -2
34961 -2
34962 -2
34963 -2
34964 -2
34965 -2
34966 -2
34967 -2
34968 -2
34969 -2
34970 -2
34971 -2
34972 -2
34973 -2
34974 -2
34975 -2
34976 -2
34977 -2
34978 -2
34979 -2
34980 -2
34981 -2
34982 -2
34983 -2
34984 -2
34985 -2
34986 -2
34987 -2
34988 -2
34989 -2
34990 -2
34991 -2
34992 -2
34993 -2
34994 -2
34995 -2
34996 -2
34997 -2
34998 -2
34999 -2
35000 -2
35001 -2
35002 -2
35003 -2
35004 -2
35005 -2
35006 -2
35007 -2
35008 -2
35009 -2
35010 -2
35011 -2
35012 -2
35013 -2
35014 -2
35015 -2
35016 -2
35017 -2
35018 -2
35019 -2
35020 -2
35021 -2
35022 -2
35023 -2
35024 -2
35025 -2
35026 -2
35027 -2
35028 -2
35029 -2
35030 -2
35031 -2
35032 -2
35033 -2
35034 -2
35035 -2
35036 -2
35037 -2
35038 -2
35039 -2
35040 -2
35041 -2
35042 -2
35043 -2
35044 -2
35045 -2
35046 -2
35047 -2
35048 -2
35049 -2
35050 -2
35051 -2
35052 -2
35053 -2
35054 -2
35055 -2
35056 -2
35057 -2
35058 -2
35059 -2
35060 -2
35061 -2
35062 -2
35063 -2
35064 -2
35065 -2
35066 -2
35067 -2
35068 -2
35069 -2
35070 -2
35071 -2
35072 -2
35073 -2
35074 -2
35075 -2
35076 -2
35077 -2
35078 -2
35079 -2
35080 -2
35081 -2
35082 -2
35083 -2
35084 -2
35085 -2
35086 -2
35087 -2
35088 -2
35089 -2
35090 -2
35091 -2
35092 -2
35093 -2
35094 -2
35095 -2
35096 -2
35097 -2
35098 -2
35099 -2
35100 -2
35101 -2
35102 -2
35103 -2
35104 -2
35105 -2
35106 -2
35107 -2
35108 -2
35109 -2
35110 -2
35111 -2
35112 -2
35113 -2
35114 -2
35115 -2
35116 -2
35117 -2
35118 -2
35119 -2
35120 -2
35121 -2
35122 -2
35123 -2
35124 -2
35125 -2
35126 -2
35127 -2
35128 -2
35129 -2
35130 -2
35131 -2
35132 -2
35133 -2
35134 -2
35135 -2
35136 -3
35137 -3
35138 -3
35139 -3
35140 -3
35141 -3
35142 -3
35143 -3
35144 -3
35145 -3
35146 -3
35147 -3
35148 -3
35149 -3
35150 -3
35151 -3
35152 -3
35153 -3
35154 -3
35155 -3
35156 -3
35157 -3
35158 -3
35159 -3
35160 -3
35161 -3
35162 -3
35163 -3
35164 -3
35165 -3
35166 -3
35167 -3
35168 -3
35169 -3
35170 -3
35171 -3
35172 -3
35173 -3
35174 -3
35175 -3
35176 -3
35177 -3
35178 -3
35179 -3
35180 -3
35181 -3
35182 -3
35183 -3
35184 -3
35185 -3
35186 -3
35187 -3
35188 -3
35189 -3
35190 -3
35191 -3
35192 -3
35193 -3
35194 -3
35195 -3
35196 -3
35197 -3
35198 -3
35199 -3
35200 -3
35201 -3
35202 -3
35203 -3
35204 -3
35205 -3
35206 -3
35207 -3
35208 -3
35209 -3
35210 -3
35211 -3
35212 -3
35213 -3
35214 -3
35215 -3
35216 -3
35217 -3
35218 -3
35219 -3
35220 -3
35221 -3
35222 -3
35223 -3
35224 -3
35225 -3
35226 -3
35227 -3
35228 -3
35229 -3
35230 -3
35231 -3
35232 -3
35233 -3
35234 -3
35235 -3
35236 -3
35237 -3
35238 -3
35239 -3
35240 -3
35241 -3
35242 -3
35243 -3
35244 -3
35245 -3
35246 -3
35247 -3
35248 -3
35249 -3
35250 -3
35251 -3
35252 -3
35253 -3
35254 -3
35255 -3
35256 -3
35257 -3
35258 -3
35259 -3
35260 -3
35261 -3
35262 -3
35263 -3
35264 -3
35265 -3
35266 -3
35267 -3
35268 -3
35269 -3
35270 -3
35271 -3
35272 -3
35273 -3
35274 -3
35275 -3
35276 -3
35277 -3
35278 -3
35279 -3
35280 -3
35281 -3
35282 -3
35283 -3
35284 -3
35285 -3
35286 -3
35287 -3
35288 -3
35289 -3
35290 -3
35291 -3
35292 -3
35293 -3
35294 -3
35295 -3
35296 -3
35297 -3
35298 -3
35299 -3
35300 -3
35301 -3
35302 -3
35303 -3
35304 -3
35305 -3
35306 -3
35307 -3
35308 -3
35309 -3
35310 -3
35311 -3
35312 -3
35313 -3
35314 -3
35315 -3
35316 -3
35317 -3
35318 -3
35319 -3
35320 -3
35321 -3
35322 -3
35323 -3
35324 -3
35325 -3
35326 -3
35327 -3
35328 -2
35329 -2
35330 -2
35331 -2
35332 -2
35333 -2
35334 -2
35335 -2
35336 -2
35337 -2
35338 -2
35339 -2
35340 -2
35341 -2
35342 -2
35343 -2
35344 -2
35345 -2
35346 -2
35347 -2
35348 -2
35349 -2
35350 -2
35351 -2
35352 -2
35353 -2
35354 -2
35355 -2
35356 -2
35357 -2
35358 -2
35359 -2
35360 -2
35361 -2
35362 -2
35363 -2
35364 -2
35365 -2
35366 -2
35367 -2
35368 -2
35369 -2
35370 -2
35371 -2
35372 -2
35373 -2
35374 -2
35375 -2
35376 -2
35377 -2
35378 -2
35379 -2
35380 -2
35381 -2
35382 -2
35383 -2
35384 -2
35385 -2
35386 -2
35387 -2
35388 -2
35389 -2
35390 -2
35391 -2
35392 -2
35393 -2
35394 -2
35395 -2
35396 -2
35397 -2
35398 -2
35399 -2
35400 -2
35401 -2
35402 -2
35403 -2
35404 -2
35405 -2
35406 -2
35407 -2
35408 -2
35409 -2
35410 -2
35411 -2
35412 -2
35413 -2
35414 -2
35415 -2
35416 -2
35417 -2
35418 -2
35419 -2
35420 -2
35421 -2
35422 -2
35423 -2
35424 -2
35425 -2
35426 -2
35427 -2
35428 -2
35429 -2
35430 -2
35431 -2
35432 -2
35433 -2
35434 -2
35435 -2
35436 -2
35437 -2
35438 -2
35439 -2
35440 -2
35441 -2
35442 -2
35443 -2
35444 -2
35445 -2
35446 -2
35447 -2
35448 -2
35449 -2
35450 -2
35451 -2
35452 -2
35453 -2
35454 -2
35455 -2
35456 -2
35457 -2
35458 -2
35459 -2
35460 -2
35461 -2
35462 -2
35463 -2
35464 -2
35465 -2
35466 -2
35467 -2
35468 -2
35469 -2
35470 -2
35471 -2
35472 -2
35473 -2
35474 -2
35475 -2
35476 -2
35477 -2
35478 -2
35479 -2
35480 -2
35481 -2
35482 -2
35483 -2
35484 -2
35485 -2
35486 -2
35487 -2
35488 -2
35489 -2
35490 -2
35491 -2
35492 -2
35493 -2
35494 -2
35495 -2
35496 -2
35497 -2
35498 -2
35499 -2
35500 -2
35501 -2
35502 -2
35503 -2
35504 -2
35505 -2
35506 -2
35507 -2
35508 -2
35509 -2
35510 -2
35511 -2
35512 -2
35513 -2
35514 -2
35515 -2
35516 -2
35517 -2
35518 -2
35519 -2
35520 -2
35521 -2
35522 -2
35523 -2
35524 -2
35525 -2
35526 -2
35527 -2
35528 -2
35529 -2
35530 -2
35531 -2
35532 -2
35533 -2
35534 -2
35535 -2
35536 -2
35537 -2
35538 -2
35539 -2
35540 -2
35541 -2
35542 -2
35543 -2
35544 -2
35545 -2
35546 -2
35547 -2
35548 -2
35549 -2
35550 -2
35551 -2
35552 -2
35553 -2
35554 -2
35555 -2
35556 -2
35557 -2
35558 -2
35559 -2
35560 -2
35561 -2
35562 -2
35563 -2
35564 -2
35565 -2
35566 -2
35567 -2
35568 -2
35569 -2
35570 -2
35571 -2
35572 -2
35573 -2
35574 -2
35575 -2
35576 -2
35577 -2
35578 -2
35579 -2
35580 -2
35581 -2
35582 -2
35583 -2
35584 -2
35585 -2
35586 -2
35587 -2
35588 -2
35589 -2
35590 -2
35591 -2
35592 -2
35593 -2
35594 -2
35595 -2
35596 -2
35597 -2
35598 -2
35599 -2
35600 -2
35601 -2
35602 -2
35603 -2
35604 -2
35605 -2
35606 -2
35607 -2
35608 -2
35609 -2
35610 -2
35611 -2
35612 -2
35613 -2
35614 -2
35615 -2
35616 -2
35617 -2
35618 -2
35619 -2
35620 -2
35621 -2
35622 -2
35623 -2
35624 -2
35625 -2
35626 -2
35627 -2
35628 -2
35629 -2
35630 -2
35631 -2
35632 -2
35633 -2
35634 -2
35635 -2
35636 -2
35637 -2
35638 -2
35639 -2
35640 -2
35641 -2
35642 -2
35643 -2
35644 -2
35645 -2
35646 -2
35647 -2
35648 -2
35649 -2
35650 -2
35651 -2
35652 -2
35653 -2
35654 -2
35655 -2
35656 -2
35657 -2
35658 -2
35659 -2
35660 -2
35661 -2
35662 -2
35663 -2
35664 -2
35665 -2
35666 -2
35667 -2
35668 -2
35669 -2
35670 -2
35671 -2
35672 -2
35673 -2
35674 -2
35675 -2
35676 -2
35677 -2
35678 -2
35679 -2
35680 -2
35681 -2
35682 -2
35683 -2
35684 -2
35685 -2
35686 -2
35687 -2
35688 -2
35689 -2
35690 -2
35691 -2
35692 -2
35693 -2
35694 -2
35695 -2
35696 -2
35697 -2
35698 -2
35699 -2
35700 -2
35701 -2
35702 -2
35703 -2
35704 -2
35705 -2
35706 -2
35707 -2
35708 -2
35709 -2
35710 -2
35711 -2
35712 -2
35713 -2
35714 -2
35715 -2
35716 -2
35717 -2
35718 -2
35719 -2
35720 -2
35721 -2
35722 -2
35723 -2
35724 -2
35725 -2
35726 -2
35727 -2
35728 -2
35729 -2
35730 -2
35731 -2
35732 -2
35733 -2
35734 -2
35735 -2
35736 -2
35737 -2
35738 -2
35739 -2
35740 -2
35741 -2
35742 -2
35743 -2
35744 -2
35745 -2
35746 -2
35747 -2
35748 -2
35749 -2
35750 -2
35751 -2
35752 -2
35753 -2
35754 -2
35755 -2
35756 -2
35757 -2
35758 -2
35759 -2
35760 -2
35761 -2
35762 -2
35763 -2
35764 -2
35765 -2
35766 -2
35767 -2
35768 -2
35769 -2
35770 -2
35771 -2
35772 -2
35773 -2
35774 -2
35775 -2
35776 -2
35777 -2
35778 -2
35779 -2
35780 -2
35781 -2
35782 -2
35783 -2
35784 -2
35785 -2
35786 -2
35787 -2
35788 -2
35789 -2
35790 -2
35791 -2
35792 -2
35793 -2
35794 -2
35795 -2
35796 -2
35797 -2
35798 -2
35799 -2
35800 -2
35801 -2
35802 -2
35803 -2
35804 -2
35805 -2
35806 -2
35807 -2
35808 -2
35809 -2
35810 -2
35811 -2
35812 -2
35813 -2
35814 -2
35815 -2
35816 -2
35817 -2
35818 -2
35819 -2
35820 -2
35821 -2
35822 -2
35823 -2
35824 -2
35825 -2
35826 -2
35827 -2
35828 -2
35829 -2
35830 -2
35831 -2
35832 -2
35833 -2
35834 -2
35835 -2
35836 -2
35837 -2
35838 -2
35839 -2
35840 -2
35841 -2
35842 -2
35843 -2
35844 -2
35845 -2
35846 -2
35847 -2
35848 -2
35849 -2
35850 -2
35851 -2
35852 -2
35853 -2
35854 -2
35855 -2
35856 -2
35857 -2
35858 -2
35859 -2
35860 -2
35861 -2
35862 -2
35863 -2
35864 -2
35865 -2
35866 -2
35867 -2
35868 -2
35869 -2
35870 -2
35871 -2
35872 -2
35873 -2
35874 -2
35875 -2
35876 -2
35877 -2
35878 -2
35879 -2
35880 -2
35881 -2
35882 -2
35883 -2
35884 -2
35885 -2
35886 -2
35887 -2
35888 -2
35889 -2
35890 -2
35891 -2
35892 -2
35893 -2
35894 -2
35895 -2
35896 -2
35897 -2
35898 -2
35899 -2
35900 -2
35901 -2
35902 -2
35903 -2
35904 -2
35905 -2
35906 -2
35907 -2
35908 -2
35909 -2
35910 -2
35911 -2
35912 -2
35913 -2
35914 -2
35915 -2
35916 -2
35917 -2
35918 -2
35919 -2
35920 -2
35921 -2
35922 -2
35923 -2
35924 -2
35925 -2
35926 -2
35927 -2
35928 -2
35929 -2
35930 -2
35931 -2
35932 -2
35933 -2
35934 -2
35935 -2
35936 -2
35937 -2
35938 -2
35939 -2
35940 -2
35941 -2
35942 -2
35943 -2
35944 -2
35945 -2
35946 -2
35947 -2
35948 -2
35949 -2
35950 -2
35951 -2
35952 -2
35953 -2
35954 -2
35955 -2
35956 -2
35957 -2
35958 -2
35959 -2
35960 -2
35961 -2
35962 -2
35963 -2
35964 -2
35965 -2
35966 -2
35967 -2
35968 -2
35969 -2
35970 -2
35971 -2
35972 -2
35973 -2
35974 -2
35975 -2
35976 -2
35977 -2
35978 -2
35979 -2
35980 -2
35981 -2
35982 -2
35983 -2
35984 -2
35985 -2
35986 -2
35987 -2
35988 -2
35989 -2
35990 -2
35991 -2
35992 -2
35993 -2
35994 -2
35995 -2
35996 -2
35997 -2
35998 -2
35999 -2
36000 -2
36001 -2
36002 -2
36003 -2
36004 -2
36005 -2
36006 -2
36007 -2
36008 -2
36009 -2
36010 -2
36011 -2
36012 -2
36013 -2
36014 -2
36015 -2
36016 -2
36017 -2
36018 -2
36019 -2
36020 -2
36021 -2
36022 -2
36023 -2
36024 -2
36025 -2
36026 -2
36027 -2
36028 -2
36029 -2
36030 -2
36031 -2
36032 -2
36033 -2
36034 -2
36035 -2
36036 -2
36037 -2
36038 -2
36039 -2
36040 -2
36041 -2
36042 -2
36043 -2
36044 -2
36045 -2
36046 -2
36047 -2
36048 -2
36049 -2
36050 -2
36051 -2
36052 -2
36053 -2
36054 -2
36055 -2
36056 -2
36057 -2
36058 -2
36059 -2
36060 -2
36061 -2
36062 -2
36063 -2
36064 -2
36065 -2
36066 -2
36067 -2
36068 -2
36069 -2
36070 -2
36071 -2
36072 -2
36073 -2
36074 -2
36075 -2
36076 -2
36077 -2
36078 -2
36079 -2
36080 -2
36081 -2
36082 -2
36083 -2
36084 -2
36085 -2
36086 -2
36087 -2
36088 -2
36089 -2
36090 -2
36091 -2
36092 -2
36093 -2
36094 -2
36095 -2
36096 -2
36097 -2
36098 -2
36099 -2
36100 -2
36101 -2
36102 -2
36103 -2
36104 -2
36105 -2
36106 -2
36107 -2
36108 -2
36109 -2
36110 -2
36111 -2
36112 -2
36113 -2
36114 -2
36115 -2
36116 -2
36117 -2
36118 -2
36119 -2
36120 -2
36121 -2
36122 -2
36123 -2
36124 -2
36125 -2
36126 -2
36127 -2
36128 -2
36129 -2
36130 -2
36131 -2
36132 -2
36133 -2
36134 -2
36135 -2
36136 -2
36137 -2
36138 -2
36139 -2
36140 -2
36141 -2
36142 -2
36143 -2
36144 -2
36145 -2
36146 -2
36147 -2
36148 -2
36149 -2
36150 -2
36151 -2
36152 -2
36153 -2
36154 -2
36155 -2
36156 -2
36157 -2
36158 -2
36159 -2
36160 -2
36161 -2
36162 -2
36163 -2
36164 -2
36165 -2
36166 -2
36167 -2
36168 -2
36169 -2
36170 -2
36171 -2
36172 -2
36173 -2
36174 -2
36175 -2
36176 -2
36177 -2
36178 -2
36179 -2
36180 -2
36181 -2
36182 -2
36183 -2
36184 -2
36185 -2
36186 -2
36187 -2
36188 -2
36189 -2
36190 -2
36191 -2
36192 -2
36193 -2
36194 -2
36195 -2
36196 -2
36197 -2
36198 -2
36199 -2
36200 -2
36201 -2
36202 -2
36203 -2
36204 -2
36205 -2
36206 -2
36207 -2
36208 -2
36209 -2
36210 -2
36211 -2
36212 -2
36213 -2
36214 -2
36215 -2
36216 -2
36217 -2
36218 -2
36219 -2
36220 -2
36221 -2
36222 -2
36223 -2
36224 -2
36225 -2
36226 -2
36227 -2
36228 -2
36229 -2
36230 -2
36231 -2
36232 -2
36233 -2
36234 -2
36235 -2
36236 -2
36237 -2
36238 -2
36239 -2
36240 -2
36241 -2
36242 -2
36243 -2
36244 -2
36245 -2
36246 -2
36247 -2
36248 -2
36249 -2
36250 -2
36251 -2
36252 -2
36253 -2
36254 -2
36255 -2
36256 -2
36257 -2
36258 -2
36259 -2
36260 -2
36261 -2
36262 -2
36263 -2
36264 -2
36265 -2
36266 -2
36267 -2
36268 -2
36269 -2
36270 -2
36271 -2
36272 -2
36273 -2
36274 -2
36275 -2
36276 -2
36277 -2
36278 -2
36279 -2
36280 -2
36281 -2
36282 -2
36283 -2
36284 -2
36285 -2
36286 -2
36287 -2
36288 -2
36289 -2
36290 -2
36291 -2
36292 -2
36293 -2
36294 -2
36295 -2
36296 -2
36297 -2
36298 -2
36299 -2
36300 -2
36301 -2
36302 -2
36303 -2
36304 -2
36305 -2
36306 -2
36307 -2
36308 -2
36309 -2
36310 -2
36311 -2
36312 -2
36313 -2
36314 -2
36315 -2
36316 -2
36317 -2
36318 -2
36319 -2
36320 -2
36321 -2
36322 -2
36323 -2
36324 -2
36325 -2
36326 -2
36327 -2
36328 -2
36329 -2
36330 -2
36331 -2
36332 -2
36333 -2
36334 -2
36335 -2
36336 -2
36337 -2
36338 -2
36339 -2
36340 -2
36341 -2
36342 -2
36343 -2
36344 -2
36345 -2
36346 -2
36347 -2
36348 -2
36349 -2
36350 -2
36351 -2
36352 -2
36353 -2
36354 -2
36355 -2
36356 -2
36357 -2
36358 -2
36359 -2
36360 -2
36361 -2
36362 -2
36363 -2
36364 -2
36365 -2
36366 -2
36367 -2
36368 -2
36369 -2
36370 -2
36371 -2
36372 -2
36373 -2
36374 -2
36375 -2
36376 -2
36377 -2
36378 -2
36379 -2
36380 -2
36381 -2
36382 -2
36383 -2
36384 -2
36385 -2
36386 -2
36387 -2
36388 -2
36389 -2
36390 -2
36391 -2
36392 -2
36393 -2
36394 -2
36395 -2
36396 -2
36397 -2
36398 -2
36399 -2
36400 -2
36401 -2
36402 -2
36403 -2
36404 -2
36405 -2
36406 -2
36407 -2
36408 -2
36409 -2
36410 -2
36411 -2
36412 -2
36413 -2
36414 -2
36415 -2
36416 -2
36417 -2
36418 -2
36419 -2
36420 -2
36421 -2
36422 -2
36423 -2
36424 -2
36425 -2
36426 -2
36427 -2
36428 -2
36429 -2
36430 -2
36431 -2
36432 -2
36433 -2
36434 -2
36435 -2
36436 -2
36437 -2
36438 -2
36439 -2
36440 -2
36441 -2
36442 -2
36443 -2
36444 -2
36445 -2
36446 -2
36447 -2
36448 -2
36449 -2
36450 -2
36451 -2
36452 -2
36453 -2
36454 -2
36455 -2
36456 -2
36457 -2
36458 -2
36459 -2
36460 -2
36461 -2
36462 -2
36463 -2
36464 -2
36465 -2
36466 -2
36467 -2
36468 -2
36469 -2
36470 -2
36471 -2
36472 -2
36473 -2
36474 -2
36475 -2
36476 -2
36477 -2
36478 -2
36479 -2
36480 -1
36481 -1
36482 -1
36483 -1
36484 -1
36485 -1
36486 -1
36487 -1
36488 -1
36489 -1
36490 -1
36491 -1
36492 -1
36493 -1
36494 -1
36495 -1
36496 -1
36497 -1
36498 -1
36499 -1
36500 -1
36501 -1
36502 -1
36503 -1
36504 -1
36505 -1
36506 -1
36507 -1
36508 -1
36509 -1
36510 -1
36511 -1
36512 -1
36513 -1
36514 -1
36515 -1
36516 -1
36517 -1
36518 -1
36519 -1
36520 -1
36521 -1
36522 -1
36523 -1
36524 -1
36525 -1
36526 -1
36527 -1
36528 -1
36529 -1
36530 -1
36531 -1
36532 -1
36533 -1
36534 -1
36535 -1
36536 -1
36537 -1
36538 -1
36539 -1
36540 -1
36541 -1
36542 -1
36543 -1
36544 -1
36545 -1
36546 -1
36547 -1
36548 -1
36549 -1
36550 -1
36551 -1
36552 -1
36553 -1
36554 -1
36555 -1
36556 -1
36557 -1
36558 -1
36559 -1
36560 -1
36561 -1
36562 -1
36563 -1
36564 -1
36565 -1
36566 -1
36567 -1
36568 -1
36569 -1
36570 -1
36571 -1
36572 -1
36573 -1
36574 -1
36575 -1
36576 -1
36577 -1
36578 -1
36579 -1
36580 -1
36581 -1
36582 -1
36583 -1
36584 -1
36585 -1
36586 -1
36587 -1
36588 -1
36589 -1
36590 -1
36591 -1
36592 -1
36593 -1
36594 -1
36595 -1
36596 -1
36597 -1
36598 -1
36599 -1
36600 -1
36601 -1
36602 -1
36603 -1
36604 -1
36605 -1
36606 -1
36607 -1
36608 -1
36609 -1
36610 -1
36611 -1
36612 -1
36613 -1
36614 -1
36615 -1
36616 -1
36617 -1
36618 -1
36619 -1
36620 -1
36621 -1
36622 -1
36623 -1
36624 -1
36625 -1
36626 -1
36627 -1
36628 -1
36629 -1
36630 -1
36631 -1
36632 -1
36633 -1
36634 -1
36635 -1
36636 -1
36637 -1
36638 -1
36639 -1
36640 -1
36641 -1
36642 -1
36643 -1
36644 -1
36645 -1
36646 -1
36647 -1
36648 -1
36649 -1
36650 -1
36651 -1
36652 -1
36653 -1
36654 -1
36655 -1
36656 -1
36657 -1
36658 -1
36659 -1
36660 -1
36661 -1
36662 -1
36663 -1
36664 -1
36665 -1
36666 -1
36667 -1
36668 -1
36669 -1
36670 -1
36671 -1
36672 -1
36673 -1
36674 -1
36675 -1
36676 -1
36677 -1
36678 -1
36679 -1
36680 -1
36681 -1
36682 -1
36683 -1
36684 -1
36685 -1
36686 -1
36687 -1
36688 -1
36689 -1
36690 -1
36691 -1
36692 -1
36693 -1
36694 -1
36695 -1
36696 -1
36697 -1
36698 -1
36699 -1
36700 -1
36701 -1
36702 -1
36703 -1
36704 -1
36705 -1
36706 -1
36707 -1
36708 -1
36709 -1
36710 -1
36711 -1
36712 -1
36713 -1
36714 -1
36715 -1
36716 -1
36717 -1
36718 -1
36719 -1
36720 -1
36721 -1
36722 -1
36723 -1
36724 -1
36725 -1
36726 -1
36727 -1
36728 -1
36729 -1
36730 -1
36731 -1
36732 -1
36733 -1
36734 -1
36735 -1
36736 -1
36737 -1
36738 -1
36739 -1
36740 -1
36741 -1
36742 -1
36743 -1
36744 -1
36745 -1
36746 -1
36747 -1
36748 -1
36749 -1
36750 -1
36751 -1
36752 -1
36753 -1
36754 -1
36755 -1
36756 -1
36757 -1
36758 -1
36759 -1
36760 -1
36761 -1
36762 -1
36763 -1
36764 -1
36765 -1
36766 -1
36767 -1
36768 -1
36769 -1
36770 -1
36771 -1
36772 -1
36773 -1
36774 -1
36775 -1
36776 -1
36777 -1
36778 -1
36779 -1
36780 -1
36781 -1
36782 -1
36783 -1
36784 -1
36785 -1
36786 -1
36787 -1
36788 -1
36789 -1
36790 -1
36791 -1
36792 -1
36793 -1
36794 -1
36795 -1
36796 -1
36797 -1
36798 -1
36799 -1
36800 -1
36801 -1
36802 -1
36803 -1
36804 -1
36805 -1
36806 -1
36807 -1
36808 -1
36809 -1
36810 -1
36811 -1
36812 -1
36813 -1
36814 -1
36815 -1
36816 -1
36817 -1
36818 -1
36819 -1
36820 -1
36821 -1
36822 -1
36823 -1
36824 -1
36825 -1
36826 -1
36827 -1
36828 -1
36829 -1
36830 -1
36831 -1
36832 -1
36833 -1
36834 -1
36835 -1
36836 -1
36837 -1
36838 -1
36839 -1
36840 -1
36841 -1
36842 -1
36843 -1
36844 -1
36845 -1
36846 -1
36847 -1
36848 -1
36849 -1
36850 -1
36851 -1
36852 -1
36853 -1
36854 -1
36855 -1
36856 -1
36857 -1
36858 -1
36859 -1
36860 -1
36861 -1
36862 -1
36863 -1
36864 -2
36865 -2
36866 -2
36867 -2
36868 -2
36869 -2
36870 -2
36871 -2
36872 -2
36873 -2
36874 -2
36875 -2
36876 -2
36877 -2
36878 -2
36879 -2
36880 -2
36881 -2
36882 -2
36883 -2
36884 -2
36885 -2
36886 -2
36887 -2
36888 -2
36889 -2
36890 -2
36891 -2
36892 -2
36893 -2
36894 -2
36895 -2
36896 -2
36897 -2
36898 -2
36899 -2
36900 -2
36901 -2
36902 -2
36903 -2
36904 -2
36905 -2
36906 -2
36907 -2
36908 -2
36909 -2
36910 -2
36911 -2
36912 -2
36913 -2
36914 -2
36915 -2
36916 -2
36917 -2
36918 -2
36919 -2
36920 -2
36921 -2
36922 -2
36923 -2
36924 -2
36925 -2
36926 -2
36927 -2
36928 -2
36929 -2
36930 -2
36931 -2
36932 -2
36933 -2
36934 -2
36935 -2
36936 -2
36937 -2
36938 -2
36939 -2
36940 -2
36941 -2
36942 -2
36943 -2
36944 -2
36945 -2
36946 -2
36947 -2
36948 -2
36949 -2
36950 -2
36951 -2
36952 -2
36953 -2
36954 -2
36955 -2
36956 -2
36957 -2
36958 -2
36959 -2
36960 -2
36961 -2
36962 -2
36963 -2
36964 -2
36965 -2
36966 -2
36967 -2
36968 -2
36969 -2
36970 -2
36971 -2
36972 -2
36973 -2
36974 -2
36975 -2
36976 -2
36977 -2
36978 -2
36979 -2
36980 -2
36981 -2
36982 -2
36983 -2
36984 -2
36985 -2
36986 -2
36987 -2
36988 -2
36989 -2
36990 -2
36991 -2
36992 -2
36993 -2
36994 -2
36995 -2
36996 -2
36997 -2
36998 -2
36999 -2
37000 -2
37001 -2
37002 -2
37003 -2
37004 -2
37005 -2
37006 -2
37007 -2
37008 -2
37009 -2
37010 -2
37011 -2
37012 -2
37013 -2
37014 -2
37015 -2
37016 -2
37017 -2
37018 -2
37019 -2
37020 -2
37021 -2
37022 -2
37023 -2
37024 -2
37025 -2
37026 -2
37027 -2
37028 -2
37029 -2
37030 -2
37031 -2
37032 -2
37033 -2
37034 -2
37035 -2
37036 -2
37037 -2
37038 -2
37039 -2
37040 -2
37041 -2
37042 -2
37043 -2
37044 -2
37045 -2
37046 -2
37047 -2
37048 -2
37049 -2
37050 -2
37051 -2
37052 -2
37053 -2
37054 -2
37055 -2
37056 -2
37057 -2
37058 -2
37059 -2
37060 -2
37061 -2
37062 -2
37063 -2
37064 -2
37065 -2
37066 -2
37067 -2
37068 -2
37069 -2
37070 -2
37071 -2
37072 -2
37073 -2
37074 -2
37075 -2
37076 -2
37077 -2
37078 -2
37079 -2
37080 -2
37081 -2
37082 -2
37083 -2
37084 -2
37085 -2
37086 -2
37087 -2
37088 -2
37089 -2
37090 -2
37091 -2
37092 -2
37093 -2
37094 -2
37095 -2
37096 -2
37097 -2
37098 -2
37099 -2
37100 -2
37101 -2
37102 -2
37103 -2
37104 -2
37105 -2
37106 -2
37107 -2
37108 -2
37109 -2
37110 -2
37111 -2
37112 -2
37113 -2
37114 -2
37115 -2
37116 -2
37117 -2
37118 -2
37119 -2
37120 -2
37121 -2
37122 -2
37123 -2
37124 -2
37125 -2
37126 -2
37127 -2
37128 -2
37129 -2
37130 -2
37131 -2
37132 -2
37133 -2
37134 -2
37135 -2
37136 -2
37137 -2
37138 -2
37139 -2
37140 -2
37141 -2
37142 -2
37143 -2
37144 -2
37145 -2
37146 -2
37147 -2
37148 -2
37149 -2
37150 -2
37151 -2
37152 -2
37153 -2
37154 -2
37155 -2
37156 -2
37157 -2
37158 -2
37159 -2
37160 -2
37161 -2
37162 -2
37163 -2
37164 -2
37165 -2
37166 -2
37167 -2
37168 -2
37169 -2
37170 -2
37171 -2
37172 -2
37173 -2
37174 -2
37175 -2
37176 -2
37177 -2
37178 -2
37179 -2
37180 -2
37181 -2
37182 -2
37183 -2
37184 -2
37185 -2
37186 -2
37187 -2
37188 -2
37189 -2
37190 -2
37191 -2
37192 -2
37193 -2
37194 -2
37195 -2
37196 -2
37197 -2
37198 -2
37199 -2
37200 -2
37201 -2
37202 -2
37203 -2
37204 -2
37205 -2
37206 -2
37207 -2
37208 -2
37209 -2
37210 -2
37211 -2
37212 -2
37213 -2
37214 -2
37215 -2
37216 -2
37217 -2
37218 -2
37219 -2
37220 -2
37221 -2
37222 -2
37223 -2
37224 -2
37225 -2
37226 -2
37227 -2
37228 -2
37229 -2
37230 -2
37231 -2
37232 -2
37233 -2
37234 -2
37235 -2
37236 -2
37237 -2
37238 -2
37239 -2
37240 -2
37241 -2
37242 -2
37243 -2
37244 -2
37245 -2
37246 -2
37247 -2
37248 -2
37249 -2
37250 -2
37251 -2
37252 -2
37253 -2
37254 -2
37255 -2
37256 -2
37257 -2
37258 -2
37259 -2
37260 -2
37261 -2
37262 -2
37263 -2
37264 -2
37265 -2
37266 -2
37267 -2
37268 -2
37269 -2
37270 -2
37271 -2
37272 -2
37273 -2
37274 -2
37275 -2
37276 -2
37277 -2
37278 -2
37279 -2
37280 -2
37281 -2
37282 -2
37283 -2
37284 -2
37285 -2
37286 -2
37287 -2
37288 -2
37289 -2
37290 -2
37291 -2
37292 -2
37293 -2
37294 -2
37295 -2
37296 -2
37297 -2
37298 -2
37299 -2
37300 -2
37301 -2
37302 -2
37303 -2
37304 -2
37305 -2
37306 -2
37307 -2
37308 -2
37309 -2
37310 -2
37311 -2
37312 -2
37313 -2
37314 -2
37315 -2
37316 -2
37317 -2
37318 -2
37319 -2
37320 -2
37321 -2
37322 -2
37323 -2
37324 -2
37325 -2
37326 -2
37327 -2
37328 -2
37329 -2
37330 -2
37331 -2
37332 -2
37333 -2
37334 -2
37335 -2
37336 -2
37337 -2
37338 -2
37339 -2
37340 -2
37341 -2
37342 -2
37343 -2
37344 -2
37345 -2
37346 -2
37347 -2
37348 -2
37349 -2
37350 -2
37351 -2
37352 -2
37353 -2
37354 -2
37355 -2
37356 -2
37357 -2
37358 -2
37359 -2
37360 -2
37361 -2
37362 -2
37363 -2
37364 -2
37365 -2
37366 -2
37367 -2
37368 -2
37369 -2
37370 -2
37371 -2
37372 -2
37373 -2
37374 -2
37375 -2
37376 -2
37377 -2
37378 -2
37379 -2
37380 -2
37381 -2
37382 -2
37383 -2
37384 -2
37385 -2
37386 -2
37387 -2
37388 -2
37389 -2
37390 -2
37391 -2
37392 -2
37393 -2
37394 -2
37395 -2
37396 -2
37397 -2
37398 -2
37399 -2
37400 -2
37401 -2
37402 -2
37403 -2
37404 -2
37405 -2
37406 -2
37407 -2
37408 -2
37409 -2
37410 -2
37411 -2
37412 -2
37413 -2
37414 -2
37415 -2
37416 -2
37417 -2
37418 -2
37419 -2
37420 -2
37421 -2
37422 -2
37423 -2
37424 -2
37425 -2
37426 -2
37427 -2
37428 -2
37429 -2
37430 -2
37431 -2
37432 -2
37433 -2
37434 -2
37435 -2
37436 -2
37437 -2
37438 -2
37439 -2
37440 -2
37441 -2
37442 -2
37443 -2
37444 -2
37445 -2
37446 -2
37447 -2
37448 -2
37449 -2
37450 -2
37451 -2
37452 -2
37453 -2
37454 -2
37455 -2
37456 -2
37457 -2
37458 -2
37459 -2
37460 -2
37461 -2
37462 -2
37463 -2
37464 -2
37465 -2
37466 -2
37467 -2
37468 -2
37469 -2
37470 -2
37471 -2
37472 -2
37473 -2
37474 -2
37475 -2
37476 -2
37477 -2
37478 -2
37479 -2
37480 -2
37481 -2
37482 -2
37483 -2
37484 -2
37485 -2
37486 -2
37487 -2
37488 -2
37489 -2
37490 -2
37491 -2
37492 -2
37493 -2
37494 -2
37495 -2
37496 -2
37497 -2
37498 -2
37499 -2
37500 -2
37501 -2
37502 -2
37503 -2
37504 -2
37505 -2
37506 -2
37507 -2
37508 -2
37509 -2
37510 -2
37511 -2
37512 -2
37513 -2
37514 -2
37515 -2
37516 -2
37517 -2
37518 -2
37519 -2
37520 -2
37521 -2
37522 -2
37523 -2
37524 -2
37525 -2
37526 -2
37527 -2
37528 -2
37529 -2
37530 -2
37531 -2
37532 -2
37533 -2
37534 -2
37535 -2
37536 -2
37537 -2
37538 -2
37539 -2
37540 -2
37541 -2
37542 -2
37543 -2
37544 -2
37545 -2
37546 -2
37547 -2
37548 -2
37549 -2
37550 -2
37551 -2
37552 -2
37553 -2
37554 -2
37555 -2
37556 -2
37557 -2
37558 -2
37559 -2
37560 -2
37561 -2
37562 -2
37563 -2
37564 -2
37565 -2
37566 -2
37567 -2
37568 -2
37569 -2
37570 -2
37571 -2
37572 -2
37573 -2
37574 -2
37575 -2
37576 -2
37577 -2
37578 -2
37579 -2
37580 -2
37581 -2
37582 -2
37583 -2
37584 -2
37585 -2
37586 -2
37587 -2
37588 -2
37589 -2
37590 -2
37591 -2
37592 -2
37593 -2
37594 -2
37595 -2
37596 -2
37597 -2
37598 -2
37599 -2
37600 -2
37601 -2
37602 -2
37603 -2
37604 -2
37605 -2
37606 -2
37607 -2
37608 -2
37609 -2
37610 -2
37611 -2
37612 -2
37613 -2
37614 -2
37615 -2
37616 -2
37617 -2
37618 -2
37619 -2
37620 -2
37621 -2
37622 -2
37623 -2
37624 -2
37625 -2
37626 -2
37627 -2
37628 -2
37629 -2
37630 -2
37631 -2
37632 -2
37633 -2
37634 -2
37635 -2
37636 -2
37637 -2
37638 -2
37639 -2
37640 -2
37641 -2
37642 -2
37643 -2
37644 -2
37645 -2
37646 -2
37647 -2
37648 -2
37649 -2
37650 -2
37651 -2
37652 -2
37653 -2
37654 -2
37655 -2
37656 -2
37657 -2
37658 -2
37659 -2
37660 -2
37661 -2
37662 -2
37663 -2
37664 -2
37665 -2
37666 -2
37667 -2
37668 -2
37669 -2
37670 -2
37671 -2
37672 -2
37673 -2
37674 -2
37675 -2
37676 -2
37677 -2
37678 -2
37679 -2
37680 -2
37681 -2
37682 -2
37683 -2
37684 -2
37685 -2
37686 -2
37687 -2
37688 -2
37689 -2
37690 -2
37691 -2
37692 -2
37693 -2
37694 -2
37695 -2
37696 -2
37697 -2
37698 -2
37699 -2
37700 -2
37701 -2
37702 -2
37703 -2
37704 -2
37705 -2
37706 -2
37707 -2
37708 -2
37709 -2
37710 -2
37711 -2
37712 -2
37713 -2
37714 -2
37715 -2
37716 -2
37717 -2
37718 -2
37719 -2
37720 -2
37721 -2
37722 -2
37723 -2
37724 -2
37725 -2
37726 -2
37727 -2
37728 -2
37729 -2
37730 -2
37731 -2
37732 -2
37733 -2
37734 -2
37735 -2
37736 -2
37737 -2
37738 -2
37739 -2
37740 -2
37741 -2
37742 -2
37743 -2
37744 -2
37745 -2
37746 -2
37747 -2
37748 -2
37749 -2
37750 -2
37751 -2
37752 -2
37753 -2
37754 -2
37755 -2
37756 -2
37757 -2
37758 -2
37759 -2
37760 -2
37761 -2
37762 -2
37763 -2
37764 -2
37765 -2
37766 -2
37767 -2
37768 -2
37769 -2
37770 -2
37771 -2
37772 -2
37773 -2
37774 -2
37775 -2
37776 -2
37777 -2
37778 -2
37779 -2
37780 -2
37781 -2
37782 -2
37783 -2
37784 -2
37785 -2
37786 -2
37787 -2
37788 -2
37789 -2
37790 -2
37791 -2
37792 -2
37793 -2
37794 -2
37795 -2
37796 -2
37797 -2
37798 -2
37799 -2
37800 -2
37801 -2
37802 -2
37803 -2
37804 -2
37805 -2
37806 -2
37807 -2
37808 -2
37809 -2
37810 -2
37811 -2
37812 -2
37813 -2
37814 -2
37815 -2
37816 -2
37817 -2
37818 -2
37819 -2
37820 -2
37821 -2
37822 -2
37823 -2
37824 -2
37825 -2
37826 -2
37827 -2
37828 -2
37829 -2
37830 -2
37831 -2
37832 -2
37833 -2
37834 -2
37835 -2
37836 -2
37837 -2
37838 -2
37839 -2
37840 -2
37841 -2
37842 -2
37843 -2
37844 -2
37845 -2
37846 -2
37847 -2
37848 -2
37849 -2
37850 -2
37851 -2
37852 -2
37853 -2
37854 -2
37855 -2
37856 -2
37857 -2
37858 -2
37859 -2
37860 -2
37861 -2
37862 -2
37863 -2
37864 -2
37865 -2
37866 -2
37867 -2
37868 -2
37869 -2
37870 -2
37871 -2
37872 -2
37873 -2
37874 -2
37875 -2
37876 -2
37877 -2
37878 -2
37879 -2
37880 -2
37881 -2
37882 -2
37883 -2
37884 -2
37885 -2
37886 -2
37887 -2
37888 -2
37889 -2
37890 -2
37891 -2
37892 -2
37893 -2
37894 -2
37895 -2
37896 -2
37897 -2
37898 -2
37899 -2
37900 -2
37901 -2
37902 -2
37903 -2
37904 -2
37905 -2
37906 -2
37907 -2
37908 -2
37909 -2
37910 -2
37911 -2
37912 -2
37913 -2
37914 -2
37915 -2
37916 -2
37917 -2
37918 -2
37919 -2
37920 -2
37921 -2
37922 -2
37923 -2
37924 -2
37925 -2
37926 -2
37927 -2
37928 -2
37929 -2
37930 -2
37931 -2
37932 -2
37933 -2
37934 -2
37935 -2
37936 -2
37937 -2
37938 -2
37939 -2
37940 -2
37941 -2
37942 -2
37943 -2
37944 -2
37945 -2
37946 -2
37947 -2
37948 -2
37949 -2
37950 -2
37951 -2
37952 -2
37953 -2
37954 -2
37955 -2
37956 -2
37957 -2
37958 -2
37959 -2
37960 -2
37961 -2
37962 -2
37963 -2
37964 -2
37965 -2
37966 -2
37967 -2
37968 -2
37969 -2
37970 -2
37971 -2
37972 -2
37973 -2
37974 -2
37975 -2
37976 -2
37977 -2
37978 -2
37979 -2
37980 -2
37981 -2
37982 -2
37983 -2
37984 -2
37985 -2
37986 -2
37987 -2
37988 -2
37989 -2
37990 -2
37991 -2
37992 -2
37993 -2
37994 -2
37995 -2
37996 -2
37997 -2
37998 -2
37999 -2
38000 -2
38001 -2
38002 -2
38003 -2
38004 -2
38005 -2
38006 -2
38007 -2
38008 -2
38009 -2
38010 -2
38011 -2
38012 -2
38013 -2
38014 -2
38015 -2
38016 -3
38017 -3
38018 -3
38019 -3
38020 -3
38021 -3
38022 -3
38023 -3
38024 -3
38025 -3
38026 -3
38027 -3
38028 -3
38029 -3
38030 -3
38031 -3
38032 -3
38033 -3
38034 -3
38035 -3
38036 -3
38037 -3
38038 -3
38039 -3
38040 -3
38041 -3
38042 -3
38043 -3
38044 -3
38045 -3
38046 -3
38047 -3
38048 -3
38049 -3
38050 -3
38051 -3
38052 -3
38053 -3
38054 -3
38055 -3
38056 -3
38057 -3
38058 -3
38059 -3
38060 -3
38061 -3
38062 -3
38063 -3
38064 -3
38065 -3
38066 -3
38067 -3
38068 -3
38069 -3
38070 -3
38071 -3
38072 -3
38073 -3
38074 -3
38075 -3
38076 -3
38077 -3
38078 -3
38079 -3
38080 -3
38081 -3
38082 -3
38083 -3
38084 -3
38085 -3
38086 -3
38087 -3
38088 -3
38089 -3
38090 -3
38091 -3
38092 -3
38093 -3
38094 -3
38095 -3
38096 -3
38097 -3
38098 -3
38099 -3
38100 -3
38101 -3
38102 -3
38103 -3
38104 -3
38105 -3
38106 -3
38107 -3
38108 -3
38109 -3
38110 -3
38111 -3
38112 -3
38113 -3
38114 -3
38115 -3
38116 -3
38117 -3
38118 -3
38119 -3
38120 -3
38121 -3
38122 -3
38123 -3
38124 -3
38125 -3
38126 -3
38127 -3
38128 -3
38129 -3
38130 -3
38131 -3
38132 -3
38133 -3
38134 -3
38135 -3
38136 -3
38137 -3
38138 -3
38139 -3
38140 -3
38141 -3
38142 -3
38143 -3
38144 -3
38145 -3
38146 -3
38147 -3
38148 -3
38149 -3
38150 -3
38151 -3
38152 -3
38153 -3
38154 -3
38155 -3
38156 -3
38157 -3
38158 -3
38159 -3
38160 -3
38161 -3
38162 -3
38163 -3
38164 -3
38165 -3
38166 -3
38167 -3
38168 -3
38169 -3
38170 -3
38171 -3
38172 -3
38173 -3
38174 -3
38175 -3
38176 -3
38177 -3
38178 -3
38179 -3
38180 -3
38181 -3
38182 -3
38183 -3
38184 -3
38185 -3
38186 -3
38187 -3
38188 -3
38189 -3
38190 -3
38191 -3
38192 -3
38193 -3
38194 -3
38195 -3
38196 -3
38197 -3
38198 -3
38199 -3
38200 -3
38201 -3
38202 -3
38203 -3
38204 -3
38205 -3
38206 -3
38207 -3
38208 -2
38209 -2
38210 -2
38211 -2
38212 -2
38213 -2
38214 -2
38215 -2
38216 -2
38217 -2
38218 -2
38219 -2
38220 -2
38221 -2
38222 -2
38223 -2
38224 -2
38225 -2
38226 -2
38227 -2
38228 -2
38229 -2
38230 -2
38231 -2
38232 -2
38233 -2
38234 -2
38235 -2
38236 -2
38237 -2
38238 -2
38239 -2
38240 -2
38241 -2
38242 -2
38243 -2
38244 -2
38245 -2
38246 -2
38247 -2
38248 -2
38249 -2
38250 -2
38251 -2
38252 -2
38253 -2
38254 -2
38255 -2
38256 -2
38257 -2
38258 -2
38259 -2
38260 -2
38261 -2
38262 -2
38263 -2
38264 -2
38265 -2
38266 -2
38267 -2
38268 -2
38269 -2
38270 -2
38271 -2
38272 -2
38273 -2
38274 -2
38275 -2
38276 -2
38277 -2
38278 -2
38279 -2
38280 -2
38281 -2
38282 -2
38283 -2
38284 -2
38285 -2
38286 -2
38287 -2
38288 -2
38289 -2
38290 -2
38291 -2
38292 -2
38293 -2
38294 -2
38295 -2
38296 -2
38297 -2
38298 -2
38299 -2
38300 -2
38301 -2
38302 -2
38303 -2
38304 -2
38305 -2
38306 -2
38307 -2
38308 -2
38309 -2
38310 -2
38311 -2
38312 -2
38313 -2
38314 -2
38315 -2
38316 -2
38317 -2
38318 -2
38319 -2
38320 -2
38321 -2
38322 -2
38323 -2
38324 -2
38325 -2
38326 -2
38327 -2
38328 -2
38329 -2
38330 -2
38331 -2
38332 -2
38333 -2
38334 -2
38335 -2
38336 -2
38337 -2
38338 -2
38339 -2
38340 -2
38341 -2
38342 -2
38343 -2
38344 -2
38345 -2
38346 -2
38347 -2
38348 -2
38349 -2
38350 -2
38351 -2
38352 -2
38353 -2
38354 -2
38355 -2
38356 -2
38357 -2
38358 -2
38359 -2
38360 -2
38361 -2
38362 -2
38363 -2
38364 -2
38365 -2
38366 -2
38367 -2
38368 -2
38369 -2
38370 -2
38371 -2
38372 -2
38373 -2
38374 -2
38375 -2
38376 -2
38377 -2
38378 -2
38379 -2
38380 -2
38381 -2
38382 -2
38383 -2
38384 -2
38385 -2
38386 -2
38387 -2
38388 -2
38389 -2
38390 -2
38391 -2
38392 -2
38393 -2
38394 -2
38395 -2
38396 -2
38397 -2
38398 -2
38399 -2
38400 -2
38401 -2
38402 -2
38403 -2
38404 -2
38405 -2
38406 -2
38407 -2
38408 -2
38409 -2
38410 -2
38411 -2
38412 -2
38413 -2
38414 -2
38415 -2
38416 -2
38417 -2
38418 -2
38419 -2
38420 -2
38421 -2
38422 -2
38423 -2
38424 -2
38425 -2
38426 -2
38427 -2
38428 -2
38429 -2
38430 -2
38431 -2
38432 -2
38433 -2
38434 -2
38435 -2
38436 -2
38437 -2
38438 -2
38439 -2
38440 -2
38441 -2
38442 -2
38443 -2
38444 -2
38445 -2
38446 -2
38447 -2
38448 -2
38449 -2
38450 -2
38451 -2
38452 -2
38453 -2
38454 -2
38455 -2
38456 -2
38457 -2
38458 -2
38459 -2
38460 -2
38461 -2
38462 -2
38463 -2
38464 -2
38465 -2
38466 -2
38467 -2
38468 -2
38469 -2
38470 -2
38471 -2
38472 -2
38473 -2
38474 -2
38475 -2
38476 -2
38477 -2
38478 -2
38479 -2
38480 -2
38481 -2
38482 -2
38483 -2
38484 -2
38485 -2
38486 -2
38487 -2
38488 -2
38489 -2
38490 -2
38491 -2
38492 -2
38493 -2
38494 -2
38495 -2
38496 -2
38497 -2
38498 -2
38499 -2
38500 -2
38501 -2
38502 -2
38503 -2
38504 -2
38505 -2
38506 -2
38507 -2
38508 -2
38509 -2
38510 -2
38511 -2
38512 -2
38513 -2
38514 -2
38515 -2
38516 -2
38517 -2
38518 -2
38519 -2
38520 -2
38521 -2
38522 -2
38523 -2
38524 -2
38525 -2
38526 -2
38527 -2
38528 -2
38529 -2
38530 -2
38531 -2
38532 -2
38533 -2
38534 -2
38535 -2
38536 -2
38537 -2
38538 -2
38539 -2
38540 -2
38541 -2
38542 -2
38543 -2
38544 -2
38545 -2
38546 -2
38547 -2
38548 -2
38549 -2
38550 -2
38551 -2
38552 -2
38553 -2
38554 -2
38555 -2
38556 -2
38557 -2
38558 -2
38559 -2
38560 -2
38561 -2
38562 -2
38563 -2
38564 -2
38565 -2
38566 -2
38567 -2
38568 -2
38569 -2
38570 -2
38571 -2
38572 -2
38573 -2
38574 -2
38575 -2
38576 -2
38577 -2
38578 -2
38579 -2
38580 -2
38581 -2
38582 -2
38583 -2
38584 -2
38585 -2
38586 -2
38587 -2
38588 -2
38589 -2
38590 -2
38591 -2
38592 -2
38593 -2
38594 -2
38595 -2
38596 -2
38597 -2
38598 -2
38599 -2
38600 -2
38601 -2
38602 -2
38603 -2
38604 -2
38605 -2
38606 -2
38607 -2
38608 -2
38609 -2
38610 -2
38611 -2
38612 -2
38613 -2
38614 -2
38615 -2
38616 -2
38617 -2
38618 -2
38619 -2
38620 -2
38621 -2
38622 -2
38623 -2
38624 -2
38625 -2
38626 -2
38627 -2
38628 -2
38629 -2
38630 -2
38631 -2
38632 -2
38633 -2
38634 -2
38635 -2
38636 -2
38637 -2
38638 -2
38639 -2
38640 -2
38641 -2
38642 -2
38643 -2
38644 -2
38645 -2
38646 -2
38647 -2
38648 -2
38649 -2
38650 -2
38651 -2
38652 -2
38653 -2
38654 -2
38655 -2
38656 -2
38657 -2
38658 -2
38659 -2
38660 -2
38661 -2
38662 -2
38663 -2
38664 -2
38665 -2
38666 -2
38667 -2
38668 -2
38669 -2
38670 -2
38671 -2
38672 -2
38673 -2
38674 -2
38675 -2
38676 -2
38677 -2
38678 -2
38679 -2
38680 -2
38681 -2
38682 -2
38683 -2
38684 -2
38685 -2
38686 -2
38687 -2
38688 -2
38689 -2
38690 -2
38691 -2
38692 -2
38693 -2
38694 -2
38695 -2
38696 -2
38697 -2
38698 -2
38699 -2
38700 -2
38701 -2
38702 -2
38703 -2
38704 -2
38705 -2
38706 -2
38707 -2
38708 -2
38709 -2
38710 -2
38711 -2
38712 -2
38713 -2
38714 -2
38715 -2
38716 -2
38717 -2
38718 -2
38719 -2
38720 -2
38721 -2
38722 -2
38723 -2
38724 -2
38725 -2
38726 -2
38727 -2
38728 -2
38729 -2
38730 -2
38731 -2
38732 -2
38733 -2
38734 -2
38735 -2
38736 -2
38737 -2
38738 -2
38739 -2
38740 -2
38741 -2
38742 -2
38743 -2
38744 -2
38745 -2
38746 -2
38747 -2
38748 -2
38749 -2
38750 -2
38751 -2
38752 -2
38753 -2
38754 -2
38755 -2
38756 -2
38757 -2
38758 -2
38759 -2
38760 -2
38761 -2
38762 -2
38763 -2
38764 -2
38765 -2
38766 -2
38767 -2
38768 -2
38769 -2
38770 -2
38771 -2
38772 -2
38773 -2
38774 -2
38775 -2
38776 -2
38777 -2
38778 -2
38779 -2
38780 -2
38781 -2
38782 -2
38783 -2
38784 -2
38785 -2
38786 -2
38787 -2
38788 -2
38789 -2
38790 -2
38791 -2
38792 -2
38793 -2
38794 -2
38795 -2
38796 -2
38797 -2
38798 -2
38799 -2
38800 -2
38801 -2
38802 -2
38803 -2
38804 -2
38805 -2
38806 -2
38807 -2
38808 -2
38809 -2
38810 -2
38811 -2
38812 -2
38813 -2
38814 -2
38815 -2
38816 -2
38817 -2
38818 -2
38819 -2
38820 -2
38821 -2
38822 -2
38823 -2
38824 -2
38825 -2
38826 -2
38827 -2
38828 -2
38829 -2
38830 -2
38831 -2
38832 -2
38833 -2
38834 -2
38835 -2
38836 -2
38837 -2
38838 -2
38839 -2
38840 -2
38841 -2
38842 -2
38843 -2
38844 -2
38845 -2
38846 -2
38847 -2
38848 -2
38849 -2
38850 -2
38851 -2
38852 -2
38853 -2
38854 -2
38855 -2
38856 -2
38857 -2
38858 -2
38859 -2
38860 -2
38861 -2
38862 -2
38863 -2
38864 -2
38865 -2
38866 -2
38867 -2
38868 -2
38869 -2
38870 -2
38871 -2
38872 -2
38873 -2
38874 -2
38875 -2
38876 -2
38877 -2
38878 -2
38879 -2
38880 -2
38881 -2
38882 -2
38883 -2
38884 -2
38885 -2
38886 -2
38887 -2
38888 -2
38889 -2
38890 -2
38891 -2
38892 -2
38893 -2
38894 -2
38895 -2
38896 -2
38897 -2
38898 -2
38899 -2
38900 -2
38901 -2
38902 -2
38903 -2
38904 -2
38905 -2
38906 -2
38907 -2
38908 -2
38909 -2
38910 -2
38911 -2
38912 -2
38913 -2
38914 -2
38915 -2
38916 -2
38917 -2
38918 -2
38919 -2
38920 -2
38921 -2
38922 -2
38923 -2
38924 -2
38925 -2
38926 -2
38927 -2
38928 -2
38929 -2
38930 -2
38931 -2
38932 -2
38933 -2
38934 -2
38935 -2
38936 -2
38937 -2
38938 -2
38939 -2
38940 -2
38941 -2
38942 -2
38943 -2
38944 -2
38945 -2
38946 -2
38947 -2
38948 -2
38949 -2
38950 -2
38951 -2
38952 -2
38953 -2
38954 -2
38955 -2
38956 -2
38957 -2
38958 -2
38959 -2
38960 -2
38961 -2
38962 -2
38963 -2
38964 -2
38965 -2
38966 -2
38967 -2
38968 -2
38969 -2
38970 -2
38971 -2
38972 -2
38973 -2
38974 -2
38975 -2
38976 -2
38977 -2
38978 -2
38979 -2
38980 -2
38981 -2
38982 -2
38983 -2
38984 -2
38985 -2
38986 -2
38987 -2
38988 -2
38989 -2
38990 -2
38991 -2
38992 -2
38993 -2
38994 -2
38995 -2
38996 -2
38997 -2
38998 -2
38999 -2
39000 -2
39001 -2
39002 -2
39003 -2
39004 -2
39005 -2
39006 -2
39007 -2
39008 -2
39009 -2
39010 -2
39011 -2
39012 -2
39013 -2
39014 -2
39015 -2
39016 -2
39017 -2
39018 -2
39019 -2
39020 -2
39021 -2
39022 -2
39023 -2
39024 -2
39025 -2
39026 -2
39027 -2
39028 -2
39029 -2
39030 -2
39031 -2
39032 -2
39033 -2
39034 -2
39035 -2
39036 -2
39037 -2
39038 -2
39039 -2
39040 -2
39041 -2
39042 -2
39043 -2
39044 -2
39045 -2
39046 -2
39047 -2
39048 -2
39049 -2
39050 -2
39051 -2
39052 -2
39053 -2
39054 -2
39055 -2
39056 -2
39057 -2
39058 -2
39059 -2
39060 -2
39061 -2
39062 -2
39063 -2
39064 -2
39065 -2
39066 -2
39067 -2
39068 -2
39069 -2
39070 -2
39071 -2
39072 -2
39073 -2
39074 -2
39075 -2
39076 -2
39077 -2
39078 -2
39079 -2
39080 -2
39081 -2
39082 -2
39083 -2
39084 -2
39085 -2
39086 -2
39087 -2
39088 -2
39089 -2
39090 -2
39091 -2
39092 -2
39093 -2
39094 -2
39095 -2
39096 -2
39097 -2
39098 -2
39099 -2
39100 -2
39101 -2
39102 -2
39103 -2
39104 -2
39105 -2
39106 -2
39107 -2
39108 -2
39109 -2
39110 -2
39111 -2
39112 -2
39113 -2
39114 -2
39115 -2
39116 -2
39117 -2
39118 -2
39119 -2
39120 -2
39121 -2
39122 -2
39123 -2
39124 -2
39125 -2
39126 -2
39127 -2
39128 -2
39129 -2
39130 -2
39131 -2
39132 -2
39133 -2
39134 -2
39135 -2
39136 -2
39137 -2
39138 -2
39139 -2
39140 -2
39141 -2
39142 -2
39143 -2
39144 -2
39145 -2
39146 -2
39147 -2
39148 -2
39149 -2
39150 -2
39151 -2
39152 -2
39153 -2
39154 -2
39155 -2
39156 -2
39157 -2
39158 -2
39159 -2
39160 -2
39161 -2
39162 -2
39163 -2
39164 -2
39165 -2
39166 -2
39167 -2
39168 -2
39169 -2
39170 -2
39171 -2
39172 -2
39173 -2
39174 -2
39175 -2
39176 -2
39177 -2
39178 -2
39179 -2
39180 -2
39181 -2
39182 -2
39183 -2
39184 -2
39185 -2
39186 -2
39187 -2
39188 -2
39189 -2
39190 -2
39191 -2
39192 -2
39193 -2
39194 -2
39195 -2
39196 -2
39197 -2
39198 -2
39199 -2
39200 -2
39201 -2
39202 -2
39203 -2
39204 -2
39205 -2
39206 -2
39207 -2
39208 -2
39209 -2
39210 -2
39211 -2
39212 -2
39213 -2
39214 -2
39215 -2
39216 -2
39217 -2
39218 -2
39219 -2
39220 -2
39221 -2
39222 -2
39223 -2
39224 -2
39225 -2
39226 -2
39227 -2
39228 -2
39229 -2
39230 -2
39231 -2
39232 -2
39233 -2
39234 -2
39235 -2
39236 -2
39237 -2
39238 -2
39239 -2
39240 -2
39241 -2
39242 -2
39243 -2
39244 -2
39245 -2
39246 -2
39247 -2
39248 -2
39249 -2
39250 -2
39251 -2
39252 -2
39253 -2
39254 -2
39255 -2
39256 -2
39257 -2
39258 -2
39259 -2
39260 -2
39261 -2
39262 -2
39263 -2
39264 -2
39265 -2
39266 -2
39267 -2
39268 -2
39269 -2
39270 -2
39271 -2
39272 -2
39273 -2
39274 -2
39275 -2
39276 -2
39277 -2
39278 -2
39279 -2
39280 -2
39281 -2
39282 -2
39283 -2
39284 -2
39285 -2
39286 -2
39287 -2
39288 -2
39289 -2
39290 -2
39291 -2
39292 -2
39293 -2
39294 -2
39295 -2
39296 -2
39297 -2
39298 -2
39299 -2
39300 -2
39301 -2
39302 -2
39303 -2
39304 -2
39305 -2
39306 -2
39307 -2
39308 -2
39309 -2
39310 -2
39311 -2
39312 -2
39313 -2
39314 -2
39315 -2
39316 -2
39317 -2
39318 -2
39319 -2
39320 -2
39321 -2
39322 -2
39323 -2
39324 -2
39325 -2
39326 -2
39327 -2
39328 -2
39329 -2
39330 -2
39331 -2
39332 -2
39333 -2
39334 -2
39335 -2
39336 -2
39337 -2
39338 -2
39339 -2
39340 -2
39341 -2
39342 -2
39343 -2
39344 -2
39345 -2
39346 -2
39347 -2
39348 -2
39349 -2
39350 -2
39351 -2
39352 -2
39353 -2
39354 -2
39355 -2
39356 -2
39357 -2
39358 -2
39359 -2
39360 -2
39361 -2
39362 -2
39363 -2
39364 -2
39365 -2
39366 -2
39367 -2
39368 -2
39369 -2
39370 -2
39371 -2
39372 -2
39373 -2
39374 -2
39375 -2
39376 -2
39377 -2
39378 -2
39379 -2
39380 -2
39381 -2
39382 -2
39383 -2
39384 -2
39385 -2
39386 -2
39387 -2
39388 -2
39389 -2
39390 -2
39391 -2
39392 -2
39393 -2
39394 -2
39395 -2
39396 -2
39397 -2
39398 -2
39399 -2
39400 -2
39401 -2
39402 -2
39403 -2
39404 -2
39405 -2
39406 -2
39407 -2
39408 -2
39409 -2
39410 -2
39411 -2
39412 -2
39413 -2
39414 -2
39415 -2
39416 -2
39417 -2
39418 -2
39419 -2
39420 -2
39421 -2
39422 -2
39423 -2
39424 -2
39425 -2
39426 -2
39427 -2
39428 -2
39429 -2
39430 -2
39431 -2
39432 -2
39433 -2
39434 -2
39435 -2
39436 -2
39437 -2
39438 -2
39439 -2
39440 -2
39441 -2
39442 -2
39443 -2
39444 -2
39445 -2
39446 -2
39447 -2
39448 -2
39449 -2
39450 -2
39451 -2
39452 -2
39453 -2
39454 -2
39455 -2
39456 -2
39457 -2
39458 -2
39459 -2
39460 -2
39461 -2
39462 -2
39463 -2
39464 -2
39465 -2
39466 -2
39467 -2
39468 -2
39469 -2
39470 -2
39471 -2
39472 -2
39473 -2
39474 -2
39475 -2
39476 -2
39477 -2
39478 -2
39479 -2
39480 -2
39481 -2
39482 -2
39483 -2
39484 -2
39485 -2
39486 -2
39487 -2
39488 -2
39489 -2
39490 -2
39491 -2
39492 -2
39493 -2
39494 -2
39495 -2
39496 -2
39497 -2
39498 -2
39499 -2
39500 -2
39501 -2
39502 -2
39503 -2
39504 -2
39505 -2
39506 -2
39507 -2
39508 -2
39509 -2
39510 -2
39511 -2
39512 -2
39513 -2
39514 -2
39515 -2
39516 -2
39517 -2
39518 -2
39519 -2
39520 -2
39521 -2
39522 -2
39523 -2
39524 -2
39525 -2
39526 -2
39527 -2
39528 -2
39529 -2
39530 -2
39531 -2
39532 -2
39533 -2
39534 -2
39535 -2
39536 -2
39537 -2
39538 -2
39539 -2
39540 -2
39541 -2
39542 -2
39543 -2
39544 -2
39545 -2
39546 -2
39547 -2
39548 -2
39549 -2
39550 -2
39551 -2
39552 1
39553 1
39554 1
39555 1
39556 1
39557 1
39558 1
39559 1
39560 1
39561 1
39562 1
39563 1
39564 1
39565 1
39566 1
39567 1
39568 1
39569 1
39570 1
39571 1
39572 1
39573 1
39574 1
39575 1
39576 1
39577 1
39578 1
39579 1
39580 1
39581 1
39582 1
39583 1
39584 1
39585 1
39586 1
39587 1
39588 1
39589 1
39590 1
39591 1
39592 1
39593 1
39594 1
39595 1
39596 1
39597 1
39598 1
39599 1
39600 1
39601 1
39602 1
39603 1
39604 1
39605 1
39606 1
39607 1
39608 1
39609 1
39610 1
39611 1
39612 1
39613 1
39614 1
39615 1
39616 1
39617 1
39618 1
39619 1
39620 1
39621 1
39622 1
39623 1
39624 1
39625 1
39626 1
39627 1
39628 1
39629 1
39630 1
39631 1
39632 1
39633 1
39634 1
39635 1
39636 1
39637 1
39638 1
39639 1
39640 1
39641 1
39642 1
39643 1
39644 1
39645 1
39646 1
39647 1
39648 1
39649 1
39650 1
39651 1
39652 1
39653 1
39654 1
39655 1
39656 1
39657 1
39658 1
39659 1
39660 1
39661 1
39662 1
39663 1
39664 1
39665 1
39666 1
39667 1
39668 1
39669 1
39670 1
39671 1
39672 1
39673 1
39674 1
39675 1
39676 1
39677 1
39678 1
39679 1
39680 1
39681 1
39682 1
39683 1
39684 1
39685 1
39686 1
39687 1
39688 1
39689 1
39690 1
39691 1
39692 1
39693 1
39694 1
39695 1
39696 1
39697 1
39698 1
39699 1
39700 1
39701 1
39702 1
39703 1
39704 1
39705 1
39706 1
39707 1
39708 1
39709 1
39710 1
39711 1
39712 1
39713 1
39714 1
39715 1
39716 1
39717 1
39718 1
39719 1
39720 1
39721 1
39722 1
39723 1
39724 1
39725 1
39726 1
39727 1
39728 1
39729 1
39730 1
39731 1
39732 1
39733 1
39734 1
39735 1
39736 1
39737 1
39738 1
39739 1
39740 1
39741 1
39742 1
39743 1
39744 1
39745 1
39746 1
39747 1
39748 1
39749 1
39750 1
39751 1
39752 1
39753 1
39754 1
39755 1
39756 1
39757 1
39758 1
39759 1
39760 1
39761 1
39762 1
39763 1
39764 1
39765 1
39766 1
39767 1
39768 1
39769 1
39770 1
39771 1
39772 1
39773 1
39774 1
39775 1
39776 1
39777 1
39778 1
39779 1
39780 1
39781 1
39782 1
39783 1
39784 1
39785 1
39786 1
39787 1
39788 1
39789 1
39790 1
39791 1
39792 1
39793 1
39794 1
39795 1
39796 1
39797 1
39798 1
39799 1
39800 1
39801 1
39802 1
39803 1
39804 1
39805 1
39806 1
39807 1
39808 1
39809 1
39810 1
39811 1
39812 1
39813 1
39814 1
39815 1
39816 1
39817 1
39818 1
39819 1
39820 1
39821 1
39822 1
39823 1
39824 1
39825 1
39826 1
39827 1
39828 1
39829 1
39830 1
39831 1
39832 1
39833 1
39834 1
39835 1
39836 1
39837 1
39838 1
39839 1
39840 1
39841 1
39842 1
39843 1
39844 1
39845 1
39846 1
39847 1
39848 1
39849 1
39850 1
39851 1
39852 1
39853 1
39854 1
39855 1
39856 1
39857 1
39858 1
39859 1
39860 1
39861 1
39862 1
39863 1
39864 1
39865 1
39866 1
39867 1
39868 1
39869 1
39870 1
39871 1
39872 1
39873 1
39874 1
39875 1
39876 1
39877 1
39878 1
39879 1
39880 1
39881 1
39882 1
39883 1
39884 1
39885 1
39886 1
39887 1
39888 1
39889 1
39890 1
39891 1
39892 1
39893 1
39894 1
39895 1
39896 1
39897 1
39898 1
39899 1
39900 1
39901 1
39902 1
39903 1
39904 1
39905 1
39906 1
39907 1
39908 1
39909 1
39910 1
39911 1
39912 1
39913 1
39914 1
39915 1
39916 1
39917 1
39918 1
39919 1
39920 1
39921 1
39922 1
39923 1
39924 1
39925 1
39926 1
39927 1
39928 1
39929 1
39930 1
39931 1
39932 1
39933 1
39934 1
39935 1
39936 -3
39937 -3
39938 -3
39939 -3
39940 -3
39941 -3
39942 -3
39943 -3
39944 -3
39945 -3
39946 -3
39947 -3
39948 -3
39949 -3
39950 -3
39951 -3
39952 -3
39953 -3
39954 -3
39955 -3
39956 -3
39957 -3
39958 -3
39959 -3
39960 -3
39961 -3
39962 -3
39963 -3
39964 -3
39965 -3
39966 -3
39967 -3
39968 -3
39969 -3
39970 -3
39971 -3
39972 -3
39973 -3
39974 -3
39975 -3
39976 -3
39977 -3
39978 -3
39979 -3
39980 -3
39981 -3
39982 -3
39983 -3
39984 -3
39985 -3
39986 -3
39987 -3
39988 -3
39989 -3
39990 -3
39991 -3
39992 -3
39993 -3
39994 -3
39995 -3
39996 -3
39997 -3
39998 -3
39999 -3
40000 -3
40001 -3
40002 -3
40003 -3
40004 -3
40005 -3
40006 -3
40007 -3
40008 -3
40009 -3
40010 -3
40011 -3
40012 -3
40013 -3
40014 -3
40015 -3
40016 -3
40017 -3
40018 -3
40019 -3
40020 -3
40021 -3
40022 -3
40023 -3
40024 -3
40025 -3
40026 -3
40027 -3
40028 -3
40029 -3
40030 -3
40031 -3
40032 -3
40033 -3
40034 -3
40035 -3
40036 -3
40037 -3
40038 -3
40039 -3
40040 -3
40041 -3
40042 -3
40043 -3
40044 -3
40045 -3
40046 -3
40047 -3
40048 -3
40049 -3
40050 -3
40051 -3
40052 -3
40053 -3
40054 -3
40055 -3
40056 -3
40057 -3
40058 -3
40059 -3
40060 -3
40061 -3
40062 -3
40063 -3
40064 -3
40065 -3
40066 -3
40067 -3
40068 -3
40069 -3
40070 -3
40071 -3
40072 -3
40073 -3
40074 -3
40075 -3
40076 -3
40077 -3
40078 -3
40079 -3
40080 -3
40081 -3
40082 -3
40083 -3
40084 -3
40085 -3
40086 -3
40087 -3
40088 -3
40089 -3
40090 -3
40091 -3
40092 -3
40093 -3
40094 -3
40095 -3
40096 -3
40097 -3
40098 -3
40099 -3
40100 -3
40101 -3
40102 -3
40103 -3
40104 -3
40105 -3
40106 -3
40107 -3
40108 -3
40109 -3
40110 -3
40111 -3
40112 -3
40113 -3
40114 -3
40115 -3
40116 -3
40117 -3
40118 -3
40119 -3
40120 -3
40121 -3
40122 -3
40123 -3
40124 -3
40125 -3
40126 -3
40127 -3
40128 -3
40129 -3
40130 -3
40131 -3
40132 -3
40133 -3
40134 -3
40135 -3
40136 -3
40137 -3
40138 -3
40139 -3
40140 -3
40141 -3
40142 -3
40143 -3
40144 -3
40145 -3
40146 -3
40147 -3
40148 -3
40149 -3
40150 -3
40151 -3
40152 -3
40153 -3
40154 -3
40155 -3
40156 -3
40157 -3
40158 -3
40159 -3
40160 -3
40161 -3
40162 -3
40163 -3
40164 -3
40165 -3
40166 -3
40167 -3
40168 -3
40169 -3
40170 -3
40171 -3
40172 -3
40173 -3
40174 -3
40175 -3
40176 -3
40177 -3
40178 -3
40179 -3
40180 -3
40181 -3
40182 -3
40183 -3
40184 -3
40185 -3
40186 -3
40187 -3
40188 -3
40189 -3
40190 -3
40191 -3
40192 -3
40193 -3
40194 -3
40195 -3
40196 -3
40197 -3
40198 -3
40199 -3
40200 -3
40201 -3
40202 -3
40203 -3
40204 -3
40205 -3
40206 -3
40207 -3
40208 -3
40209 -3
40210 -3
40211 -3
40212 -3
40213 -3
40214 -3
40215 -3
40216 -3
40217 -3
40218 -3
40219 -3
40220 -3
40221 -3
40222 -3
40223 -3
40224 -3
40225 -3
40226 -3
40227 -3
40228 -3
40229 -3
40230 -3
40231 -3
40232 -3
40233 -3
40234 -3
40235 -3
40236 -3
40237 -3
40238 -3
40239 -3
40240 -3
40241 -3
40242 -3
40243 -3
40244 -3
40245 -3
40246 -3
40247 -3
40248 -3
40249 -3
40250 -3
40251 -3
40252 -3
40253 -3
40254 -3
40255 -3
40256 -3
40257 -3
40258 -3
40259 -3
40260 -3
40261 -3
40262 -3
40263 -3
40264 -3
40265 -3
40266 -3
40267 -3
40268 -3
40269 -3
40270 -3
40271 -3
40272 -3
40273 -3
40274 -3
40275 -3
40276 -3
40277 -3
40278 -3
40279 -3
40280 -3
40281 -3
40282 -3
40283 -3
40284 -3
40285 -3
40286 -3
40287 -3
40288 -3
40289 -3
40290 -3
40291 -3
40292 -3
40293 -3
40294 -3
40295 -3
40296 -3
40297 -3
40298 -3
40299 -3
40300 -3
40301 -3
40302 -3
40303 -3
40304 -3
40305 -3
40306 -3
40307 -3
40308 -3
40309 -3
40310 -3
40311 -3
40312 -3
40313 -3
40314 -3
40315 -3
40316 -3
40317 -3
40318 -3
40319 -3
40320 -4
40321 -4
40322 -4
40323 -4
40324 -4
40325 -4
40326 -4
40327 -4
40328 -4
40329 -4
40330 -4
40331 -4
40332 -4
40333 -4
40334 -4
40335 -4
40336 -4
40337 -4
40338 -4
40339 -4
40340 -4
40341 -4
40342 -4
40343 -4
40344 -4
40345 -4
40346 -4
40347 -4
40348 -4
40349 -4
40350 -4
40351 -4
40352 -4
40353 -4
40354 -4
40355 -4
40356 -4
40357 -4
40358 -4
40359 -4
40360 -4
40361 -4
40362 -4
40363 -4
40364 -4
40365 -4
40366 -4
40367 -4
40368 -4
40369 -4
40370 -4
40371 -4
40372 -4
40373 -4
40374 -4
40375 -4
40376 -4
40377 -4
40378 -4
40379 -4
40380 -4
40381 -4
40382 -4
40383 -4
40384 -4
40385 -4
40386 -4
40387 -4
40388 -4
40389 -4
40390 -4
40391 -4
40392 -4
40393 -4
40394 -4
40395 -4
40396 -4
40397 -4
40398 -4
40399 -4
40400 -4
40401 -4
40402 -4
40403 -4
40404 -4
40405 -4
40406 -4
40407 -4
40408 -4
40409 -4
40410 -4
40411 -4
40412 -4
40413 -4
40414 -4
40415 -4
40416 -4
40417 -4
40418 -4
40419 -4
40420 -4
40421 -4
40422 -4
40423 -4
40424 -4
40425 -4
40426 -4
40427 -4
40428 -4
40429 -4
40430 -4
40431 -4
40432 -4
40433 -4
40434 -4
40435 -4
40436 -4
40437 -4
40438 -4
40439 -4
40440 -4
40441 -4
40442 -4
40443 -4
40444 -4
40445 -4
40446 -4
40447 -4
40448 -4
40449 -4
40450 -4
40451 -4
40452 -4
40453 -4
40454 -4
40455 -4
40456 -4
40457 -4
40458 -4
40459 -4
40460 -4
40461 -4
40462 -4
40463 -4
40464 -4
40465 -4
40466 -4
40467 -4
40468 -4
40469 -4
40470 -4
40471 -4
40472 -4
40473 -4
40474 -4
40475 -4
40476 -4
40477 -4
40478 -4
40479 -4
40480 -4
40481 -4
40482 -4
40483 -4
40484 -4
40485 -4
40486 -4
40487 -4
40488 -4
40489 -4
40490 -4
40491 -4
40492 -4
40493 -4
40494 -4
40495 -4
40496 -4
40497 -4
40498 -4
40499 -4
40500 -4
40501 -4
40502 -4
40503 -4
40504 -4
40505 -4
40506 -4
40507 -4
40508 -4
40509 -4
40510 -4
40511 -4
40512 -3
40513 -3
40514 -3
40515 -3
40516 -3
40517 -3
40518 -3
40519 -3
40520 -3
40521 -3
40522 -3
40523 -3
40524 -3
40525 -3
40526 -3
40527 -3
40528 -3
40529 -3
40530 -3
40531 -3
40532 -3
40533 -3
40534 -3
40535 -3
40536 -3
40537 -3
40538 -3
40539 -3
40540 -3
40541 -3
40542 -3
40543 -3
40544 -3
40545 -3
40546 -3
40547 -3
40548 -3
40549 -3
40550 -3
40551 -3
40552 -3
40553 -3
40554 -3
40555 -3
40556 -3
40557 -3
40558 -3
40559 -3
40560 -3
40561 -3
40562 -3
40563 -3
40564 -3
40565 -3
40566 -3
40567 -3
40568 -3
40569 -3
40570 -3
40571 -3
40572 -3
40573 -3
40574 -3
40575 -3
40576 -3
40577 -3
40578 -3
40579 -3
40580 -3
40581 -3
40582 -3
40583 -3
40584 -3
40585 -3
40586 -3
40587 -3
40588 -3
40589 -3
40590 -3
40591 -3
40592 -3
40593 -3
40594 -3
40595 -3
40596 -3
40597 -3
40598 -3
40599 -3
40600 -3
40601 -3
40602 -3
40603 -3
40604 -3
40605 -3
40606 -3
40607 -3
40608 -3
40609 -3
40610 -3
40611 -3
40612 -3
40613 -3
40614 -3
40615 -3
40616 -3
40617 -3
40618 -3
40619 -3
40620 -3
40621 -3
40622 -3
40623 -3
40624 -3
40625 -3
40626 -3
40627 -3
40628 -3
40629 -3
40630 -3
40631 -3
40632 -3
40633 -3
40634 -3
40635 -3
40636 -3
40637 -3
40638 -3
40639 -3
40640 -3
40641 -3
40642 -3
40643 -3
40644 -3
40645 -3
40646 -3
40647 -3
40648 -3
40649 -3
40650 -3
40651 -3
40652 -3
40653 -3
40654 -3
40655 -3
40656 -3
40657 -3
40658 -3
40659 -3
40660 -3
40661 -3
40662 -3
40663 -3
40664 -3
40665 -3
40666 -3
40667 -3
40668 -3
40669 -3
40670 -3
40671 -3
40672 -3
40673 -3
40674 -3
40675 -3
40676 -3
40677 -3
40678 -3
40679 -3
40680 -3
40681 -3
40682 -3
40683 -3
40684 -3
40685 -3
40686 -3
40687 -3
40688 -3
40689 -3
40690 -3
40691 -3
40692 -3
40693 -3
40694 -3
40695 -3
40696 -3
40697 -3
40698 -3
40699 -3
40700 -3
40701 -3
40702 -3
40703 -3
40704 -4
40705 -4
40706 -4
40707 -4
40708 -4
40709 -4
40710 -4
40711 -4
40712 -4
40713 -4
40714 -4
40715 -4
40716 -4
40717 -4
40718 -4
40719 -4
40720 -4
40721 -4
40722 -4
40723 -4
40724 -4
40725 -4
40726 -4
40727 -4
40728 -4
40729 -4
40730 -4
40731 -4
40732 -4
40733 -4
40734 -4
40735 -4
40736 -4
40737 -4
40738 -4
40739 -4
40740 -4
40741 -4
40742 -4
40743 -4
40744 -4
40745 -4
40746 -4
40747 -4
40748 -4
40749 -4
40750 -4
40751 -4
40752 -4
40753 -4
40754 -4
40755 -4
40756 -4
40757 -4
40758 -4
40759 -4
40760 -4
40761 -4
40762 -4
40763 -4
40764 -4
40765 -4
40766 -4
40767 -4
40768 -4
40769 -4
40770 -4
40771 -4
40772 -4
40773 -4
40774 -4
40775 -4
40776 -4
40777 -4
40778 -4
40779 -4
40780 -4
40781 -4
40782 -4
40783 -4
40784 -4
40785 -4
40786 -4
40787 -4
40788 -4
40789 -4
40790 -4
40791 -4
40792 -4
40793 -4
40794 -4
40795 -4
40796 -4
40797 -4
40798 -4
40799 -4
40800 -4
40801 -4
40802 -4
40803 -4
40804 -4
40805 -4
40806 -4
40807 -4
40808 -4
40809 -4
40810 -4
40811 -4
40812 -4
40813 -4
40814 -4
40815 -4
40816 -4
40817 -4
40818 -4
40819 -4
40820 -4
40821 -4
40822 -4
40823 -4
40824 -4
40825 -4
40826 -4
40827 -4
40828 -4
40829 -4
40830 -4
40831 -4
40832 -4
40833 -4
40834 -4
40835 -4
40836 -4
40837 -4
40838 -4
40839 -4
40840 -4
40841 -4
40842 -4
40843 -4
40844 -4
40845 -4
40846 -4
40847 -4
40848 -4
40849 -4
40850 -4
40851 -4
40852 -4
40853 -4
40854 -4
40855 -4
40856 -4
40857 -4
40858 -4
40859 -4
40860 -4
40861 -4
40862 -4
40863 -4
40864 -4
40865 -4
40866 -4
40867 -4
40868 -4
40869 -4
40870 -4
40871 -4
40872 -4
40873 -4
40874 -4
40875 -4
40876 -4
40877 -4
40878 -4
40879 -4
40880 -4
40881 -4
40882 -4
40883 -4
40884 -4
40885 -4
40886 -4
40887 -4
40888 -4
40889 -4
40890 -4
40891 -4
40892 -4
40893 -4
40894 -4
40895 -4
40896 -4
40897 -4
40898 -4
40899 -4
40900 -4
40901 -4
40902 -4
40903 -4
40904 -4
40905 -4
40906 -4
40907 -4
40908 -4
40909 -4
40910 -4
40911 -4
40912 -4
40913 -4
40914 -4
40915 -4
40916 -4
40917 -4
40918 -4
40919 -4
40920 -4
40921 -4
40922 -4
40923 -4
40924 -4
40925 -4
40926 -4
40927 -4
40928 -4
40929 -4
40930 -4
40931 -4
40932 -4
40933 -4
40934 -4
40935 -4
40936 -4
40937 -4
40938 -4
40939 -4
40940 -4
40941 -4
40942 -4
40943 -4
40944 -4
40945 -4
40946 -4
40947 -4
40948 -4
40949 -4
40950 -4
40951 -4
40952 -4
40953 -4
40954 -4
40955 -4
40956 -4
40957 -4
40958 -4
40959 -4
40960 -4
40961 -4
40962 -4
40963 -4
40964 -4
40965 -4
40966 -4
40967 -4
40968 -4
40969 -4
40970 -4
40971 -4
40972 -4
40973 -4
40974 -4
40975 -4
40976 -4
40977 -4
40978 -4
40979 -4
40980 -4
40981 -4
40982 -4
40983 -4
40984 -4
40985 -4
40986 -4
40987 -4
40988 -4
40989 -4
40990 -4
40991 -4
40992 -4
40993 -4
40994 -4
40995 -4
40996 -4
40997 -4
40998 -4
40999 -4
41000 -4
41001 -4
41002 -4
41003 -4
41004 -4
41005 -4
41006 -4
41007 -4
41008 -4
41009 -4
41010 -4
41011 -4
41012 -4
41013 -4
41014 -4
41015 -4
41016 -4
41017 -4
41018 -4
41019 -4
41020 -4
41021 -4
41022 -4
41023 -4
41024 -4
41025 -4
41026 -4
41027 -4
41028 -4
41029 -4
41030 -4
41031 -4
41032 -4
41033 -4
41034 -4
41035 -4
41036 -4
41037 -4
41038 -4
41039 -4
41040 -4
41041 -4
41042 -4
41043 -4
41044 -4
41045 -4
41046 -4
41047 -4
41048 -4
41049 -4
41050 -4
41051 -4
41052 -4
41053 -4
41054 -4
41055 -4
41056 -4
41057 -4
41058 -4
41059 -4
41060 -4
41061 -4
41062 -4
41063 -4
41064 -4
41065 -4
41066 -4
41067 -4
41068 -4
41069 -4
41070 -4
41071 -4
41072 -4
41073 -4
41074 -4
41075 -4
41076 -4
41077 -4
41078 -4
41079 -4
41080 -4
41081 -4
41082 -4
41083 -4
41084 -4
41085 -4
41086 -4
41087 -4
41088 -4
41089 -4
41090 -4
41091 -4
41092 -4
41093 -4
41094 -4
41095 -4
41096 -4
41097 -4
41098 -4
41099 -4
41100 -4
41101 -4
41102 -4
41103 -4
41104 -4
41105 -4
41106 -4
41107 -4
41108 -4
41109 -4
41110 -4
41111 -4
41112 -4
41113 -4
41114 -4
41115 -4
41116 -4
41117 -4
41118 -4
41119 -4
41120 -4
41121 -4
41122 -4
41123 -4
41124 -4
41125 -4
41126 -4
41127 -4
41128 -4
41129 -4
41130 -4
41131 -4
41132 -4
41133 -4
41134 -4
41135 -4
41136 -4
41137 -4
41138 -4
41139 -4
41140 -4
41141 -4
41142 -4
41143 -4
41144 -4
41145 -4
41146 -4
41147 -4
41148 -4
41149 -4
41150 -4
41151 -4
41152 -4
41153 -4
41154 -4
41155 -4
41156 -4
41157 -4
41158 -4
41159 -4
41160 -4
41161 -4
41162 -4
41163 -4
41164 -4
41165 -4
41166 -4
41167 -4
41168 -4
41169 -4
41170 -4
41171 -4
41172 -4
41173 -4
41174 -4
41175 -4
41176 -4
41177 -4
41178 -4
41179 -4
41180 -4
41181 -4
41182 -4
41183 -4
41184 -4
41185 -4
41186 -4
41187 -4
41188 -4
41189 -4
41190 -4
41191 -4
41192 -4
41193 -4
41194 -4
41195 -4
41196 -4
41197 -4
41198 -4
41199 -4
41200 -4
41201 -4
41202 -4
41203 -4
41204 -4
41205 -4
41206 -4
41207 -4
41208 -4
41209 -4
41210 -4
41211 -4
41212 -4
41213 -4
41214 -4
41215 -4
41216 -4
41217 -4
41218 -4
41219 -4
41220 -4
41221 -4
41222 -4
41223 -4
41224 -4
41225 -4
41226 -4
41227 -4
41228 -4
41229 -4
41230 -4
41231 -4
41232 -4
41233 -4
41234 -4
41235 -4
41236 -4
41237 -4
41238 -4
41239 -4
41240 -4
41241 -4
41242 -4
41243 -4
41244 -4
41245 -4
41246 -4
41247 -4
41248 -4
41249 -4
41250 -4
41251 -4
41252 -4
41253 -4
41254 -4
41255 -4
41256 -4
41257 -4
41258 -4
41259 -4
41260 -4
41261 -4
41262 -4
41263 -4
41264 -4
41265 -4
41266 -4
41267 -4
41268 -4
41269 -4
41270 -4
41271 -4
41272 -4
41273 -4
41274 -4
41275 -4
41276 -4
41277 -4
41278 -4
41279 -4
41280 -4
41281 -4
41282 -4
41283 -4
41284 -4
41285 -4
41286 -4
41287 -4
41288 -4
41289 -4
41290 -4
41291 -4
41292 -4
41293 -4
41294 -4
41295 -4
41296 -4
41297 -4
41298 -4
41299 -4
41300 -4
41301 -4
41302 -4
41303 -4
41304 -4
41305 -4
41306 -4
41307 -4
41308 -4
41309 -4
41310 -4
41311 -4
41312 -4
41313 -4
41314 -4
41315 -4
41316 -4
41317 -4
41318 -4
41319 -4
41320 -4
41321 -4
41322 -4
41323 -4
41324 -4
41325 -4
41326 -4
41327 -4
41328 -4
41329 -4
41330 -4
41331 -4
41332 -4
41333 -4
41334 -4
41335 -4
41336 -4
41337 -4
41338 -4
41339 -4
41340 -4
41341 -4
41342 -4
41343 -4
41344 -4
41345 -4
41346 -4
41347 -4
41348 -4
41349 -4
41350 -4
41351 -4
41352 -4
41353 -4
41354 -4
41355 -4
41356 -4
41357 -4
41358 -4
41359 -4
41360 -4
41361 -4
41362 -4
41363 -4
41364 -4
41365 -4
41366 -4
41367 -4
41368 -4
41369 -4
41370 -4
41371 -4
41372 -4
41373 -4
41374 -4
41375 -4
41376 -4
41377 -4
41378 -4
41379 -4
41380 -4
41381 -4
41382 -4
41383 -4
41384 -4
41385 -4
41386 -4
41387 -4
41388 -4
41389 -4
41390 -4
41391 -4
41392 -4
41393 -4
41394 -4
41395 -4
41396 -4
41397 -4
41398 -4
41399 -4
41400 -4
41401 -4
41402 -4
41403 -4
41404 -4
41405 -4
41406 -4
41407 -4
41408 -4
41409 -4
41410 -4
41411 -4
41412 -4
41413 -4
41414 -4
41415 -4
41416 -4
41417 -4
41418 -4
41419 -4
41420 -4
41421 -4
41422 -4
41423 -4
41424 -4
41425 -4
41426 -4
41427 -4
41428 -4
41429 -4
41430 -4
41431 -4
41432 -4
41433 -4
41434 -4
41435 -4
41436 -4
41437 -4
41438 -4
41439 -4
41440 -4
41441 -4
41442 -4
41443 -4
41444 -4
41445 -4
41446 -4
41447 -4
41448 -4
41449 -4
41450 -4
41451 -4
41452 -4
41453 -4
41454 -4
41455 -4
41456 -4
41457 -4
41458 -4
41459 -4
41460 -4
41461 -4
41462 -4
41463 -4
41464 -4
41465 -4
41466 -4
41467 -4
41468 -4
41469 -4
41470 -4
41471 -4
41472 -4
41473 -4
41474 -4
41475 -4
41476 -4
41477 -4
41478 -4
41479 -4
41480 -4
41481 -4
41482 -4
41483 -4
41484 -4
41485 -4
41486 -4
41487 -4
41488 -4
41489 -4
41490 -4
41491 -4
41492 -4
41493 -4
41494 -4
41495 -4
41496 -4
41497 -4
41498 -4
41499 -4
41500 -4
41501 -4
41502 -4
41503 -4
41504 -4
41505 -4
41506 -4
41507 -4
41508 -4
41509 -4
41510 -4
41511 -4
41512 -4
41513 -4
41514 -4
41515 -4
41516 -4
41517 -4
41518 -4
41519 -4
41520 -4
41521 -4
41522 -4
41523 -4
41524 -4
41525 -4
41526 -4
41527 -4
41528 -4
41529 -4
41530 -4
41531 -4
41532 -4
41533 -4
41534 -4
41535 -4
41536 -4
41537 -4
41538 -4
41539 -4
41540 -4
41541 -4
41542 -4
41543 -4
41544 -4
41545 -4
41546 -4
41547 -4
41548 -4
41549 -4
41550 -4
41551 -4
41552 -4
41553 -4
41554 -4
41555 -4
41556 -4
41557 -4
41558 -4
41559 -4
41560 -4
41561 -4
41562 -4
41563 -4
41564 -4
41565 -4
41566 -4
41567 -4
41568 -4
41569 -4
41570 -4
41571 -4
41572 -4
41573 -4
41574 -4
41575 -4
41576 -4
41577 -4
41578 -4
41579 -4
41580 -4
41581 -4
41582 -4
41583 -4
41584 -4
41585 -4
41586 -4
41587 -4
41588 -4
41589 -4
41590 -4
41591 -4
41592 -4
41593 -4
41594 -4
41595 -4
41596 -4
41597 -4
41598 -4
41599 -4
41600 -4
41601 -4
41602 -4
41603 -4
41604 -4
41605 -4
41606 -4
41607 -4
41608 -4
41609 -4
41610 -4
41611 -4
41612 -4
41613 -4
41614 -4
41615 -4
41616 -4
41617 -4
41618 -4
41619 -4
41620 -4
41621 -4
41622 -4
41623 -4
41624 -4
41625 -4
41626 -4
41627 -4
41628 -4
41629 -4
41630 -4
41631 -4
41632 -4
41633 -4
41634 -4
41635 -4
41636 -4
41637 -4
41638 -4
41639 -4
41640 -4
41641 -4
41642 -4
41643 -4
41644 -4
41645 -4
41646 -4
41647 -4
41648 -4
41649 -4
41650 -4
41651 -4
41652 -4
41653 -4
41654 -4
41655 -4
41656 -4
41657 -4
41658 -4
41659 -4
41660 -4
41661 -4
41662 -4
41663 -4
41664 -4
41665 -4
41666 -4
41667 -4
41668 -4
41669 -4
41670 -4
41671 -4
41672 -4
41673 -4
41674 -4
41675 -4
41676 -4
41677 -4
41678 -4
41679 -4
41680 -4
41681 -4
41682 -4
41683 -4
41684 -4
41685 -4
41686 -4
41687 -4
41688 -4
41689 -4
41690 -4
41691 -4
41692 -4
41693 -4
41694 -4
41695 -4
41696 -4
41697 -4
41698 -4
41699 -4
41700 -4
41701 -4
41702 -4
41703 -4
41704 -4
41705 -4
41706 -4
41707 -4
41708 -4
41709 -4
41710 -4
41711 -4
41712 -4
41713 -4
41714 -4
41715 -4
41716 -4
41717 -4
41718 -4
41719 -4
41720 -4
41721 -4
41722 -4
41723 -4
41724 -4
41725 -4
41726 -4
41727 -4
41728 -4
41729 -4
41730 -4
41731 -4
41732 -4
41733 -4
41734 -4
41735 -4
41736 -4
41737 -4
41738 -4
41739 -4
41740 -4
41741 -4
41742 -4
41743 -4
41744 -4
41745 -4
41746 -4
41747 -4
41748 -4
41749 -4
41750 -4
41751 -4
41752 -4
41753 -4
41754 -4
41755 -4
41756 -4
41757 -4
41758 -4
41759 -4
41760 -4
41761 -4
41762 -4
41763 -4
41764 -4
41765 -4
41766 -4
41767 -4
41768 -4
41769 -4
41770 -4
41771 -4
41772 -4
41773 -4
41774 -4
41775 -4
41776 -4
41777 -4
41778 -4
41779 -4
41780 -4
41781 -4
41782 -4
41783 -4
41784 -4
41785 -4
41786 -4
41787 -4
41788 -4
41789 -4
41790 -4
41791 -4
41792 -4
41793 -4
41794 -4
41795 -4
41796 -4
41797 -4
41798 -4
41799 -4
41800 -4
41801 -4
41802 -4
41803 -4
41804 -4
41805 -4
41806 -4
41807 -4
41808 -4
41809 -4
41810 -4
41811 -4
41812 -4
41813 -4
41814 -4
41815 -4
41816 -4
41817 -4
41818 -4
41819 -4
41820 -4
41821 -4
41822 -4
41823 -4
41824 -4
41825 -4
41826 -4
41827 -4
41828 -4
41829 -4
41830 -4
41831 -4
41832 -4
41833 -4
41834 -4
41835 -4
41836 -4
41837 -4
41838 -4
41839 -4
41840 -4
41841 -4
41842 -4
41843 -4
41844 -4
41845 -4
41846 -4
41847 -4
41848 -4
41849 -4
41850 -4
41851 -4
41852 -4
41853 -4
41854 -4
41855 -4
41856 -4
41857 -4
41858 -4
41859 -4
41860 -4
41861 -4
41862 -4
41863 -4
41864 -4
41865 -4
41866 -4
41867 -4
41868 -4
41869 -4
41870 -4
41871 -4
41872 -4
41873 -4
41874 -4
41875 -4
41876 -4
41877 -4
41878 -4
41879 -4
41880 -4
41881 -4
41882 -4
41883 -4
41884 -4
41885 -4
41886 -4
41887 -4
41888 -4
41889 -4
41890 -4
41891 -4
41892 -4
41893 -4
41894 -4
41895 -4
41896 -4
41897 -4
41898 -4
41899 -4
41900 -4
41901 -4
41902 -4
41903 -4
41904 -4
41905 -4
41906 -4
41907 -4
41908 -4
41909 -4
41910 -4
41911 -4
41912 -4
41913 -4
41914 -4
41915 -4
41916 -4
41917 -4
41918 -4
41919 -4
41920 -4
41921 -4
41922 -4
41923 -4
41924 -4
41925 -4
41926 -4
41927 -4
41928 -4
41929 -4
41930 -4
41931 -4
41932 -4
41933 -4
41934 -4
41935 -4
41936 -4
41937 -4
41938 -4
41939 -4
41940 -4
41941 -4
41942 -4
41943 -4
41944 -4
41945 -4
41946 -4
41947 -4
41948 -4
41949 -4
41950 -4
41951 -4
41952 -4
41953 -4
41954 -4
41955 -4
41956 -4
41957 -4
41958 -4
41959 -4
41960 -4
41961 -4
41962 -4
41963 -4
41964 -4
41965 -4
41966 -4
41967 -4
41968 -4
41969 -4
41970 -4
41971 -4
41972 -4
41973 -4
41974 -4
41975 -4
41976 -4
41977 -4
41978 -4
41979 -4
41980 -4
41981 -4
41982 -4
41983 -4
41984 -4
41985 -4
41986 -4
41987 -4
41988 -4
41989 -4
41990 -4
41991 -4
41992 -4
41993 -4
41994 -4
41995 -4
41996 -4
41997 -4
41998 -4
41999 -4
42000 -4
42001 -4
42002 -4
42003 -4
42004 -4
42005 -4
42006 -4
42007 -4
42008 -4
42009 -4
42010 -4
42011 -4
42012 -4
42013 -4
42014 -4
42015 -4
42016 -4
42017 -4
42018 -4
42019 -4
42020 -4
42021 -4
42022 -4
42023 -4
42024 -4
42025 -4
42026 -4
42027 -4
42028 -4
42029 -4
42030 -4
42031 -4
42032 -4
42033 -4
42034 -4
42035 -4
42036 -4
42037 -4
42038 -4
42039 -4
42040 -4
42041 -4
42042 -4
42043 -4
42044 -4
42045 -4
42046 -4
42047 -4
42048 -4
42049 -4
42050 -4
42051 -4
42052 -4
42053 -4
42054 -4
42055 -4
42056 -4
42057 -4
42058 -4
42059 -4
42060 -4
42061 -4
42062 -4
42063 -4
42064 -4
42065 -4
42066 -4
42067 -4
42068 -4
42069 -4
42070 -4
42071 -4
42072 -4
42073 -4
42074 -4
42075 -4
42076 -4
42077 -4
42078 -4
42079 -4
42080 -4
42081 -4
42082 -4
42083 -4
42084 -4
42085 -4
42086 -4
42087 -4
42088 -4
42089 -4
42090 -4
42091 -4
42092 -4
42093 -4
42094 -4
42095 -4
42096 -4
42097 -4
42098 -4
42099 -4
42100 -4
42101 -4
42102 -4
42103 -4
42104 -4
42105 -4
42106 -4
42107 -4
42108 -4
42109 -4
42110 -4
42111 -4
42112 -4
42113 -4
42114 -4
42115 -4
42116 -4
42117 -4
42118 -4
42119 -4
42120 -4
42121 -4
42122 -4
42123 -4
42124 -4
42125 -4
42126 -4
42127 -4
42128 -4
42129 -4
42130 -4
42131 -4
42132 -4
42133 -4
42134 -4
42135 -4
42136 -4
42137 -4
42138 -4
42139 -4
42140 -4
42141 -4
42142 -4
42143 -4
42144 -4
42145 -4
42146 -4
42147 -4
42148 -4
42149 -4
42150 -4
42151 -4
42152 -4
42153 -4
42154 -4
42155 -4
42156 -4
42157 -4
42158 -4
42159 -4
42160 -4
42161 -4
42162 -4
42163 -4
42164 -4
42165 -4
42166 -4
42167 -4
42168 -4
42169 -4
42170 -4
42171 -4
42172 -4
42173 -4
42174 -4
42175 -4
42176 -4
42177 -4
42178 -4
42179 -4
42180 -4
42181 -4
42182 -4
42183 -4
42184 -4
42185 -4
42186 -4
42187 -4
42188 -4
42189 -4
42190 -4
42191 -4
42192 -4
42193 -4
42194 -4
42195 -4
42196 -4
42197 -4
42198 -4
42199 -4
42200 -4
42201 -4
42202 -4
42203 -4
42204 -4
42205 -4
42206 -4
42207 -4
42208 -4
42209 -4
42210 -4
42211 -4
42212 -4
42213 -4
42214 -4
42215 -4
42216 -4
42217 -4
42218 -4
42219 -4
42220 -4
42221 -4
42222 -4
42223 -4
42224 -4
42225 -4
42226 -4
42227 -4
42228 -4
42229 -4
42230 -4
42231 -4
42232 -4
42233 -4
42234 -4
42235 -4
42236 -4
42237 -4
42238 -4
42239 -4
42240 -5
42241 -5
42242 -5
42243 -5
42244 -5
42245 -5
42246 -5
42247 -5
42248 -5
42249 -5
42250 -5
42251 -5
42252 -5
42253 -5
42254 -5
42255 -5
42256 -5
42257 -5
42258 -5
42259 -5
42260 -5
42261 -5
42262 -5
42263 -5
42264 -5
42265 -5
42266 -5
42267 -5
42268 -5
42269 -5
42270 -5
42271 -5
42272 -5
42273 -5
42274 -5
42275 -5
42276 -5
42277 -5
42278 -5
42279 -5
42280 -5
42281 -5
42282 -5
42283 -5
42284 -5
42285 -5
42286 -5
42287 -5
42288 -5
42289 -5
42290 -5
42291 -5
42292 -5
42293 -5
42294 -5
42295 -5
42296 -5
42297 -5
42298 -5
42299 -5
42300 -5
42301 -5
42302 -5
42303 -5
42304 -5
42305 -5
42306 -5
42307 -5
42308 -5
42309 -5
42310 -5
42311 -5
42312 -5
42313 -5
42314 -5
42315 -5
42316 -5
42317 -5
42318 -5
42319 -5
42320 -5
42321 -5
42322 -5
42323 -5
42324 -5
42325 -5
42326 -5
42327 -5
42328 -5
42329 -5
42330 -5
42331 -5
42332 -5
42333 -5
42334 -5
42335 -5
42336 -5
42337 -5
42338 -5
42339 -5
42340 -5
42341 -5
42342 -5
42343 -5
42344 -5
42345 -5
42346 -5
42347 -5
42348 -5
42349 -5
42350 -5
42351 -5
42352 -5
42353 -5
42354 -5
42355 -5
42356 -5
42357 -5
42358 -5
42359 -5
42360 -5
42361 -5
42362 -5
42363 -5
42364 -5
42365 -5
42366 -5
42367 -5
42368 -5
42369 -5
42370 -5
42371 -5
42372 -5
42373 -5
42374 -5
42375 -5
42376 -5
42377 -5
42378 -5
42379 -5
42380 -5
42381 -5
42382 -5
42383 -5
42384 -5
42385 -5
42386 -5
42387 -5
42388 -5
42389 -5
42390 -5
42391 -5
42392 -5
42393 -5
42394 -5
42395 -5
42396 -5
42397 -5
42398 -5
42399 -5
42400 -5
42401 -5
42402 -5
42403 -5
42404 -5
42405 -5
42406 -5
42407 -5
42408 -5
42409 -5
42410 -5
42411 -5
42412 -5
42413 -5
42414 -5
42415 -5
42416 -5
42417 -5
42418 -5
42419 -5
42420 -5
42421 -5
42422 -5
42423 -5
42424 -5
42425 -5
42426 -5
42427 -5
42428 -5
42429 -5
42430 -5
42431 -5
42432 -4
42433 -4
42434 -4
42435 -4
42436 -4
42437 -4
42438 -4
42439 -4
42440 -4
42441 -4
42442 -4
42443 -4
42444 -4
42445 -4
42446 -4
42447 -4
42448 -4
42449 -4
42450 -4
42451 -4
42452 -4
42453 -4
42454 -4
42455 -4
42456 -4
42457 -4
42458 -4
42459 -4
42460 -4
42461 -4
42462 -4
42463 -4
42464 -4
42465 -4
42466 -4
42467 -4
42468 -4
42469 -4
42470 -4
42471 -4
42472 -4
42473 -4
42474 -4
42475 -4
42476 -4
42477 -4
42478 -4
42479 -4
42480 -4
42481 -4
42482 -4
42483 -4
42484 -4
42485 -4
42486 -4
42487 -4
42488 -4
42489 -4
42490 -4
42491 -4
42492 -4
42493 -4
42494 -4
42495 -4
42496 -4
42497 -4
42498 -4
42499 -4
42500 -4
42501 -4
42502 -4
42503 -4
42504 -4
42505 -4
42506 -4
42507 -4
42508 -4
42509 -4
42510 -4
42511 -4
42512 -4
42513 -4
42514 -4
42515 -4
42516 -4
42517 -4
42518 -4
42519 -4
42520 -4
42521 -4
42522 -4
42523 -4
42524 -4
42525 -4
42526 -4
42527 -4
42528 -4
42529 -4
42530 -4
42531 -4
42532 -4
42533 -4
42534 -4
42535 -4
42536 -4
42537 -4
42538 -4
42539 -4
42540 -4
42541 -4
42542 -4
42543 -4
42544 -4
42545 -4
42546 -4
42547 -4
42548 -4
42549 -4
42550 -4
42551 -4
42552 -4
42553 -4
42554 -4
42555 -4
42556 -4
42557 -4
42558 -4
42559 -4
42560 -4
42561 -4
42562 -4
42563 -4
42564 -4
42565 -4
42566 -4
42567 -4
42568 -4
42569 -4
42570 -4
42571 -4
42572 -4
42573 -4
42574 -4
42575 -4
42576 -4
42577 -4
42578 -4
42579 -4
42580 -4
42581 -4
42582 -4
42583 -4
42584 -4
42585 -4
42586 -4
42587 -4
42588 -4
42589 -4
42590 -4
42591 -4
42592 -4
42593 -4
42594 -4
42595 -4
42596 -4
42597 -4
42598 -4
42599 -4
42600 -4
42601 -4
42602 -4
42603 -4
42604 -4
42605 -4
42606 -4
42607 -4
42608 -4
42609 -4
42610 -4
42611 -4
42612 -4
42613 -4
42614 -4
42615 -4
42616 -4
42617 -4
42618 -4
42619 -4
42620 -4
42621 -4
42622 -4
42623 -4
42624 -4
42625 -4
42626 -4
42627 -4
42628 -4
42629 -4
42630 -4
42631 -4
42632 -4
42633 -4
42634 -4
42635 -4
42636 -4
42637 -4
42638 -4
42639 -4
42640 -4
42641 -4
42642 -4
42643 -4
42644 -4
42645 -4
42646 -4
42647 -4
42648 -4
42649 -4
42650 -4
42651 -4
42652 -4
42653 -4
42654 -4
42655 -4
42656 -4
42657 -4
42658 -4
42659 -4
42660 -4
42661 -4
42662 -4
42663 -4
42664 -4
42665 -4
42666 -4
42667 -4
42668 -4
42669 -4
42670 -4
42671 -4
42672 -4
42673 -4
42674 -4
42675 -4
42676 -4
42677 -4
42678 -4
42679 -4
42680 -4
42681 -4
42682 -4
42683 -4
42684 -4
42685 -4
42686 -4
42687 -4
42688 -4
42689 -4
42690 -4
42691 -4
42692 -4
42693 -4
42694 -4
42695 -4
42696 -4
42697 -4
42698 -4
42699 -4
42700 -4
42701 -4
42702 -4
42703 -4
42704 -4
42705 -4
42706 -4
42707 -4
42708 -4
42709 -4
42710 -4
42711 -4
42712 -4
42713 -4
42714 -4
42715 -4
42716 -4
42717 -4
42718 -4
42719 -4
42720 -4
42721 -4
42722 -4
42723 -4
42724 -4
42725 -4
42726 -4
42727 -4
42728 -4
42729 -4
42730 -4
42731 -4
42732 -4
42733 -4
42734 -4
42735 -4
42736 -4
42737 -4
42738 -4
42739 -4
42740 -4
42741 -4
42742 -4
42743 -4
42744 -4
42745 -4
42746 -4
42747 -4
42748 -4
42749 -4
42750 -4
42751 -4
42752 -4
42753 -4
42754 -4
42755 -4
42756 -4
42757 -4
42758 -4
42759 -4
42760 -4
42761 -4
42762 -4
42763 -4
42764 -4
42765 -4
42766 -4
42767 -4
42768 -4
42769 -4
42770 -4
42771 -4
42772 -4
42773 -4
42774 -4
42775 -4
42776 -4
42777 -4
42778 -4
42779 -4
42780 -4
42781 -4
42782 -4
42783 -4
42784 -4
42785 -4
42786 -4
42787 -4
42788 -4
42789 -4
42790 -4
42791 -4
42792 -4
42793 -4
42794 -4
42795 -4
42796 -4
42797 -4
42798 -4
42799 -4
42800 -4
42801 -4
42802 -4
42803 -4
42804 -4
42805 -4
42806 -4
42807 -4
42808 -4
42809 -4
42810 -4
42811 -4
42812 -4
42813 -4
42814 -4
42815 -4
42816 -4
42817 -4
42818 -4
42819 -4
42820 -4
42821 -4
42822 -4
42823 -4
42824 -4
42825 -4
42826 -4
42827 -4
42828 -4
42829 -4
42830 -4
42831 -4
42832 -4
42833 -4
42834 -4
42835 -4
42836 -4
42837 -4
42838 -4
42839 -4
42840 -4
42841 -4
42842 -4
42843 -4
42844 -4
42845 -4
42846 -4
42847 -4
42848 -4
42849 -4
42850 -4
42851 -4
42852 -4
42853 -4
42854 -4
42855 -4
42856 -4
42857 -4
42858 -4
42859 -4
42860 -4
42861 -4
42862 -4
42863 -4
42864 -4
42865 -4
42866 -4
42867 -4
42868 -4
42869 -4
42870 -4
42871 -4
42872 -4
42873 -4
42874 -4
42875 -4
42876 -4
42877 -4
42878 -4
42879 -4
42880 -4
42881 -4
42882 -4
42883 -4
42884 -4
42885 -4
42886 -4
42887 -4
42888 -4
42889 -4
42890 -4
42891 -4
42892 -4
42893 -4
42894 -4
42895 -4
42896 -4
42897 -4
42898 -4
42899 -4
42900 -4
42901 -4
42902 -4
42903 -4
42904 -4
42905 -4
42906 -4
42907 -4
42908 -4
42909 -4
42910 -4
42911 -4
42912 -4
42913 -4
42914 -4
42915 -4
42916 -4
42917 -4
42918 -4
42919 -4
42920 -4
42921 -4
42922 -4
42923 -4
42924 -4
42925 -4
42926 -4
42927 -4
42928 -4
42929 -4
42930 -4
42931 -4
42932 -4
42933 -4
42934 -4
42935 -4
42936 -4
42937 -4
42938 -4
42939 -4
42940 -4
42941 -4
42942 -4
42943 -4
42944 -4
42945 -4
42946 -4
42947 -4
42948 -4
42949 -4
42950 -4
42951 -4
42952 -4
42953 -4
42954 -4
42955 -4
42956 -4
42957 -4
42958 -4
42959 -4
42960 -4
42961 -4
42962 -4
42963 -4
42964 -4
42965 -4
42966 -4
42967 -4
42968 -4
42969 -4
42970 -4
42971 -4
42972 -4
42973 -4
42974 -4
42975 -4
42976 -4
42977 -4
42978 -4
42979 -4
42980 -4
42981 -4
42982 -4
42983 -4
42984 -4
42985 -4
42986 -4
42987 -4
42988 -4
42989 -4
42990 -4
42991 -4
42992 -4
42993 -4
42994 -4
42995 -4
42996 -4
42997 -4
42998 -4
42999 -4
43000 -4
43001 -4
43002 -4
43003 -4
43004 -4
43005 -4
43006 -4
43007 -4
43008 -4
43009 -4
43010 -4
43011 -4
43012 -4
43013 -4
43014 -4
43015 -4
43016 -4
43017 -4
43018 -4
43019 -4
43020 -4
43021 -4
43022 -4
43023 -4
43024 -4
43025 -4
43026 -4
43027 -4
43028 -4
43029 -4
43030 -4
43031 -4
43032 -4
43033 -4
43034 -4
43035 -4
43036 -4
43037 -4
43038 -4
43039 -4
43040 -4
43041 -4
43042 -4
43043 -4
43044 -4
43045 -4
43046 -4
43047 -4
43048 -4
43049 -4
43050 -4
43051 -4
43052 -4
43053 -4
43054 -4
43055 -4
43056 -4
43057 -4
43058 -4
43059 -4
43060 -4
43061 -4
43062 -4
43063 -4
43064 -4
43065 -4
43066 -4
43067 -4
43068 -4
43069 -4
43070 -4
43071 -4
43072 -4
43073 -4
43074 -4
43075 -4
43076 -4
43077 -4
43078 -4
43079 -4
43080 -4
43081 -4
43082 -4
43083 -4
43084 -4
43085 -4
43086 -4
43087 -4
43088 -4
43089 -4
43090 -4
43091 -4
43092 -4
43093 -4
43094 -4
43095 -4
43096 -4
43097 -4
43098 -4
43099 -4
43100 -4
43101 -4
43102 -4
43103 -4
43104 -4
43105 -4
43106 -4
43107 -4
43108 -4
43109 -4
43110 -4
43111 -4
43112 -4
43113 -4
43114 -4
43115 -4
43116 -4
43117 -4
43118 -4
43119 -4
43120 -4
43121 -4
43122 -4
43123 -4
43124 -4
43125 -4
43126 -4
43127 -4
43128 -4
43129 -4
43130 -4
43131 -4
43132 -4
43133 -4
43134 -4
43135 -4
43136 -4
43137 -4
43138 -4
43139 -4
43140 -4
43141 -4
43142 -4
43143 -4
43144 -4
43145 -4
43146 -4
43147 -4
43148 -4
43149 -4
43150 -4
43151 -4
43152 -4
43153 -4
43154 -4
43155 -4
43156 -4
43157 -4
43158 -4
43159 -4
43160 -4
43161 -4
43162 -4
43163 -4
43164 -4
43165 -4
43166 -4
43167 -4
43168 -4
43169 -4
43170 -4
43171 -4
43172 -4
43173 -4
43174 -4
43175 -4
43176 -4
43177 -4
43178 -4
43179 -4
43180 -4
43181 -4
43182 -4
43183 -4
43184 -4
43185 -4
43186 -4
43187 -4
43188 -4
43189 -4
43190 -4
43191 -4
43192 -4
43193 -4
43194 -4
43195 -4
43196 -4
43197 -4
43198 -4
43199 -4
43200 -4
43201 -4
43202 -4
43203 -4
43204 -4
43205 -4
43206 -4
43207 -4
43208 -4
43209 -4
43210 -4
43211 -4
43212 -4
43213 -4
43214 -4
43215 -4
43216 -4
43217 -4
43218 -4
43219 -4
43220 -4
43221 -4
43222 -4
43223 -4
43224 -4
43225 -4
43226 -4
43227 -4
43228 -4
43229 -4
43230 -4
43231 -4
43232 -4
43233 -4
43234 -4
43235 -4
43236 -4
43237 -4
43238 -4
43239 -4
43240 -4
43241 -4
43242 -4
43243 -4
43244 -4
43245 -4
43246 -4
43247 -4
43248 -4
43249 -4
43250 -4
43251 -4
43252 -4
43253 -4
43254 -4
43255 -4
43256 -4
43257 -4
43258 -4
43259 -4
43260 -4
43261 -4
43262 -4
43263 -4
43264 -4
43265 -4
43266 -4
43267 -4
43268 -4
43269 -4
43270 -4
43271 -4
43272 -4
43273 -4
43274 -4
43275 -4
43276 -4
43277 -4
43278 -4
43279 -4
43280 -4
43281 -4
43282 -4
43283 -4
43284 -4
43285 -4
43286 -4
43287 -4
43288 -4
43289 -4
43290 -4
43291 -4
43292 -4
43293 -4
43294 -4
43295 -4
43296 -4
43297 -4
43298 -4
43299 -4
43300 -4
43301 -4
43302 -4
43303 -4
43304 -4
43305 -4
43306 -4
43307 -4
43308 -4
43309 -4
43310 -4
43311 -4
43312 -4
43313 -4
43314 -4
43315 -4
43316 -4
43317 -4
43318 -4
43319 -4
43320 -4
43321 -4
43322 -4
43323 -4
43324 -4
43325 -4
43326 -4
43327 -4
43328 -4
43329 -4
43330 -4
43331 -4
43332 -4
43333 -4
43334 -4
43335 -4
43336 -4
43337 -4
43338 -4
43339 -4
43340 -4
43341 -4
43342 -4
43343 -4
43344 -4
43345 -4
43346 -4
43347 -4
43348 -4
43349 -4
43350 -4
43351 -4
43352 -4
43353 -4
43354 -4
43355 -4
43356 -4
43357 -4
43358 -4
43359 -4
43360 -4
43361 -4
43362 -4
43363 -4
43364 -4
43365 -4
43366 -4
43367 -4
43368 -4
43369 -4
43370 -4
43371 -4
43372 -4
43373 -4
43374 -4
43375 -4
43376 -4
43377 -4
43378 -4
43379 -4
43380 -4
43381 -4
43382 -4
43383 -4
43384 -4
43385 -4
43386 -4
43387 -4
43388 -4
43389 -4
43390 -4
43391 -4
43392 -4
43393 -4
43394 -4
43395 -4
43396 -4
43397 -4
43398 -4
43399 -4
43400 -4
43401 -4
43402 -4
43403 -4
43404 -4
43405 -4
43406 -4
43407 -4
43408 -4
43409 -4
43410 -4
43411 -4
43412 -4
43413 -4
43414 -4
43415 -4
43416 -4
43417 -4
43418 -4
43419 -4
43420 -4
43421 -4
43422 -4
43423 -4
43424 -4
43425 -4
43426 -4
43427 -4
43428 -4
43429 -4
43430 -4
43431 -4
43432 -4
43433 -4
43434 -4
43435 -4
43436 -4
43437 -4
43438 -4
43439 -4
43440 -4
43441 -4
43442 -4
43443 -4
43444 -4
43445 -4
43446 -4
43447 -4
43448 -4
43449 -4
43450 -4
43451 -4
43452 -4
43453 -4
43454 -4
43455 -4
43456 -4
43457 -4
43458 -4
43459 -4
43460 -4
43461 -4
43462 -4
43463 -4
43464 -4
43465 -4
43466 -4
43467 -4
43468 -4
43469 -4
43470 -4
43471 -4
43472 -4
43473 -4
43474 -4
43475 -4
43476 -4
43477 -4
43478 -4
43479 -4
43480 -4
43481 -4
43482 -4
43483 -4
43484 -4
43485 -4
43486 -4
43487 -4
43488 -4
43489 -4
43490 -4
43491 -4
43492 -4
43493 -4
43494 -4
43495 -4
43496 -4
43497 -4
43498 -4
43499 -4
43500 -4
43501 -4
43502 -4
43503 -4
43504 -4
43505 -4
43506 -4
43507 -4
43508 -4
43509 -4
43510 -4
43511 -4
43512 -4
43513 -4
43514 -4
43515 -4
43516 -4
43517 -4
43518 -4
43519 -4
43520 -4
43521 -4
43522 -4
43523 -4
43524 -4
43525 -4
43526 -4
43527 -4
43528 -4
43529 -4
43530 -4
43531 -4
43532 -4
43533 -4
43534 -4
43535 -4
43536 -4
43537 -4
43538 -4
43539 -4
43540 -4
43541 -4
43542 -4
43543 -4
43544 -4
43545 -4
43546 -4
43547 -4
43548 -4
43549 -4
43550 -4
43551 -4
43552 -4
43553 -4
43554 -4
43555 -4
43556 -4
43557 -4
43558 -4
43559 -4
43560 -4
43561 -4
43562 -4
43563 -4
43564 -4
43565 -4
43566 -4
43567 -4
43568 -4
43569 -4
43570 -4
43571 -4
43572 -4
43573 -4
43574 -4
43575 -4
43576 -4
43577 -4
43578 -4
43579 -4
43580 -4
43581 -4
43582 -4
43583 -4
43584 -4
43585 -4
43586 -4
43587 -4
43588 -4
43589 -4
43590 -4
43591 -4
43592 -4
43593 -4
43594 -4
43595 -4
43596 -4
43597 -4
43598 -4
43599 -4
43600 -4
43601 -4
43602 -4
43603 -4
43604 -4
43605 -4
43606 -4
43607 -4
43608 -4
43609 -4
43610 -4
43611 -4
43612 -4
43613 -4
43614 -4
43615 -4
43616 -4
43617 -4
43618 -4
43619 -4
43620 -4
43621 -4
43622 -4
43623 -4
43624 -4
43625 -4
43626 -4
43627 -4
43628 -4
43629 -4
43630 -4
43631 -4
43632 -4
43633 -4
43634 -4
43635 -4
43636 -4
43637 -4
43638 -4
43639 -4
43640 -4
43641 -4
43642 -4
43643 -4
43644 -4
43645 -4
43646 -4
43647 -4
43648 -4
43649 -4
43650 -4
43651 -4
43652 -4
43653 -4
43654 -4
43655 -4
43656 -4
43657 -4
43658 -4
43659 -4
43660 -4
43661 -4
43662 -4
43663 -4
43664 -4
43665 -4
43666 -4
43667 -4
43668 -4
43669 -4
43670 -4
43671 -4
43672 -4
43673 -4
43674 -4
43675 -4
43676 -4
43677 -4
43678 -4
43679 -4
43680 -4
43681 -4
43682 -4
43683 -4
43684 -4
43685 -4
43686 -4
43687 -4
43688 -4
43689 -4
43690 -4
43691 -4
43692 -4
43693 -4
43694 -4
43695 -4
43696 -4
43697 -4
43698 -4
43699 -4
43700 -4
43701 -4
43702 -4
43703 -4
43704 -4
43705 -4
43706 -4
43707 -4
43708 -4
43709 -4
43710 -4
43711 -4
43712 -4
43713 -4
43714 -4
43715 -4
43716 -4
43717 -4
43718 -4
43719 -4
43720 -4
43721 -4
43722 -4
43723 -4
43724 -4
43725 -4
43726 -4
43727 -4
43728 -4
43729 -4
43730 -4
43731 -4
43732 -4
43733 -4
43734 -4
43735 -4
43736 -4
43737 -4
43738 -4
43739 -4
43740 -4
43741 -4
43742 -4
43743 -4
43744 -4
43745 -4
43746 -4
43747 -4
43748 -4
43749 -4
43750 -4
43751 -4
43752 -4
43753 -4
43754 -4
43755 -4
43756 -4
43757 -4
43758 -4
43759 -4
43760 -4
43761 -4
43762 -4
43763 -4
43764 -4
43765 -4
43766 -4
43767 -4
43768 -4
43769 -4
43770 -4
43771 -4
43772 -4
43773 -4
43774 -4
43775 -4
43776 -4
43777 -4
43778 -4
43779 -4
43780 -4
43781 -4
43782 -4
43783 -4
43784 -4
43785 -4
43786 -4
43787 -4
43788 -4
43789 -4
43790 -4
43791 -4
43792 -4
43793 -4
43794 -4
43795 -4
43796 -4
43797 -4
43798 -4
43799 -4
43800 -4
43801 -4
43802 -4
43803 -4
43804 -4
43805 -4
43806 -4
43807 -4
43808 -4
43809 -4
43810 -4
43811 -4
43812 -4
43813 -4
43814 -4
43815 -4
43816 -4
43817 -4
43818 -4
43819 -4
43820 -4
43821 -4
43822 -4
43823 -4
43824 -4
43825 -4
43826 -4
43827 -4
43828 -4
43829 -4
43830 -4
43831 -4
43832 -4
43833 -4
43834 -4
43835 -4
43836 -4
43837 -4
43838 -4
43839 -4
43840 -4
43841 -4
43842 -4
43843 -4
43844 -4
43845 -4
43846 -4
43847 -4
43848 -4
43849 -4
43850 -4
43851 -4
43852 -4
43853 -4
43854 -4
43855 -4
43856 -4
43857 -4
43858 -4
43859 -4
43860 -4
43861 -4
43862 -4
43863 -4
43864 -4
43865 -4
43866 -4
43867 -4
43868 -4
43869 -4
43870 -4
43871 -4
43872 -4
43873 -4
43874 -4
43875 -4
43876 -4
43877 -4
43878 -4
43879 -4
43880 -4
43881 -4
43882 -4
43883 -4
43884 -4
43885 -4
43886 -4
43887 -4
43888 -4
43889 -4
43890 -4
43891 -4
43892 -4
43893 -4
43894 -4
43895 -4
43896 -4
43897 -4
43898 -4
43899 -4
43900 -4
43901 -4
43902 -4
43903 -4
43904 -4
43905 -4
43906 -4
43907 -4
43908 -4
43909 -4
43910 -4
43911 -4
43912 -4
43913 -4
43914 -4
43915 -4
43916 -4
43917 -4
43918 -4
43919 -4
43920 -4
43921 -4
43922 -4
43923 -4
43924 -4
43925 -4
43926 -4
43927 -4
43928 -4
43929 -4
43930 -4
43931 -4
43932 -4
43933 -4
43934 -4
43935 -4
43936 -4
43937 -4
43938 -4
43939 -4
43940 -4
43941 -4
43942 -4
43943 -4
43944 -4
43945 -4
43946 -4
43947 -4
43948 -4
43949 -4
43950 -4
43951 -4
43952 -4
43953 -4
43954 -4
43955 -4
43956 -4
43957 -4
43958 -4
43959 -4
43960 -4
43961 -4
43962 -4
43963 -4
43964 -4
43965 -4
43966 -4
43967 -4
43968 -4
43969 -4
43970 -4
43971 -4
43972 -4
43973 -4
43974 -4
43975 -4
43976 -4
43977 -4
43978 -4
43979 -4
43980 -4
43981 -4
43982 -4
43983 -4
43984 -4
43985 -4
43986 -4
43987 -4
43988 -4
43989 -4
43990 -4
43991 -4
43992 -4
43993 -4
43994 -4
43995 -4
43996 -4
43997 -4
43998 -4
43999 -4
44000 -4
44001 -4
44002 -4
44003 -4
44004 -4
44005 -4
44006 -4
44007 -4
44008 -4
44009 -4
44010 -4
44011 -4
44012 -4
44013 -4
44014 -4
44015 -4
44016 -4
44017 -4
44018 -4
44019 -4
44020 -4
44021 -4
44022 -4
44023 -4
44024 -4
44025 -4
44026 -4
44027 -4
44028 -4
44029 -4
44030 -4
44031 -4
44032 -4
44033 -4
44034 -4
44035 -4
44036 -4
44037 -4
44038 -4
44039 -4
44040 -4
44041 -4
44042 -4
44043 -4
44044 -4
44045 -4
44046 -4
44047 -4
44048 -4
44049 -4
44050 -4
44051 -4
44052 -4
44053 -4
44054 -4
44055 -4
44056 -4
44057 -4
44058 -4
44059 -4
44060 -4
44061 -4
44062 -4
44063 -4
44064 -4
44065 -4
44066 -4
44067 -4
44068 -4
44069 -4
44070 -4
44071 -4
44072 -4
44073 -4
44074 -4
44075 -4
44076 -4
44077 -4
44078 -4
44079 -4
44080 -4
44081 -4
44082 -4
44083 -4
44084 -4
44085 -4
44086 -4
44087 -4
44088 -4
44089 -4
44090 -4
44091 -4
44092 -4
44093 -4
44094 -4
44095 -4
44096 -4
44097 -4
44098 -4
44099 -4
44100 -4
44101 -4
44102 -4
44103 -4
44104 -4
44105 -4
44106 -4
44107 -4
44108 -4
44109 -4
44110 -4
44111 -4
44112 -4
44113 -4
44114 -4
44115 -4
44116 -4
44117 -4
44118 -4
44119 -4
44120 -4
44121 -4
44122 -4
44123 -4
44124 -4
44125 -4
44126 -4
44127 -4
44128 -4
44129 -4
44130 -4
44131 -4
44132 -4
44133 -4
44134 -4
44135 -4
44136 -4
44137 -4
44138 -4
44139 -4
44140 -4
44141 -4
44142 -4
44143 -4
44144 -4
44145 -4
44146 -4
44147 -4
44148 -4
44149 -4
44150 -4
44151 -4
44152 -4
44153 -4
44154 -4
44155 -4
44156 -4
44157 -4
44158 -4
44159 -4
44160 -4
44161 -4
44162 -4
44163 -4
44164 -4
44165 -4
44166 -4
44167 -4
44168 -4
44169 -4
44170 -4
44171 -4
44172 -4
44173 -4
44174 -4
44175 -4
44176 -4
44177 -4
44178 -4
44179 -4
44180 -4
44181 -4
44182 -4
44183 -4
44184 -4
44185 -4
44186 -4
44187 -4
44188 -4
44189 -4
44190 -4
44191 -4
44192 -4
44193 -4
44194 -4
44195 -4
44196 -4
44197 -4
44198 -4
44199 -4
44200 -4
44201 -4
44202 -4
44203 -4
44204 -4
44205 -4
44206 -4
44207 -4
44208 -4
44209 -4
44210 -4
44211 -4
44212 -4
44213 -4
44214 -4
44215 -4
44216 -4
44217 -4
44218 -4
44219 -4
44220 -4
44221 -4
44222 -4
44223 -4
44224 -4
44225 -4
44226 -4
44227 -4
44228 -4
44229 -4
44230 -4
44231 -4
44232 -4
44233 -4
44234 -4
44235 -4
44236 -4
44237 -4
44238 -4
44239 -4
44240 -4
44241 -4
44242 -4
44243 -4
44244 -4
44245 -4
44246 -4
44247 -4
44248 -4
44249 -4
44250 -4
44251 -4
44252 -4
44253 -4
44254 -4
44255 -4
44256 -4
44257 -4
44258 -4
44259 -4
44260 -4
44261 -4
44262 -4
44263 -4
44264 -4
44265 -4
44266 -4
44267 -4
44268 -4
44269 -4
44270 -4
44271 -4
44272 -4
44273 -4
44274 -4
44275 -4
44276 -4
44277 -4
44278 -4
44279 -4
44280 -4
44281 -4
44282 -4
44283 -4
44284 -4
44285 -4
44286 -4
44287 -4
44288 -4
44289 -4
44290 -4
44291 -4
44292 -4
44293 -4
44294 -4
44295 -4
44296 -4
44297 -4
44298 -4
44299 -4
44300 -4
44301 -4
44302 -4
44303 -4
44304 -4
44305 -4
44306 -4
44307 -4
44308 -4
44309 -4
44310 -4
44311 -4
44312 -4
44313 -4
44314 -4
44315 -4
44316 -4
44317 -4
44318 -4
44319 -4
44320 -4
44321 -4
44322 -4
44323 -4
44324 -4
44325 -4
44326 -4
44327 -4
44328 -4
44329 -4
44330 -4
44331 -4
44332 -4
44333 -4
44334 -4
44335 -4
44336 -4
44337 -4
44338 -4
44339 -4
44340 -4
44341 -4
44342 -4
44343 -4
44344 -4
44345 -4
44346 -4
44347 -4
44348 -4
44349 -4
44350 -4
44351 -4
44352 -4
44353 -4
44354 -4
44355 -4
44356 -4
44357 -4
44358 -4
44359 -4
44360 -4
44361 -4
44362 -4
44363 -4
44364 -4
44365 -4
44366 -4
44367 -4
44368 -4
44369 -4
44370 -4
44371 -4
44372 -4
44373 -4
44374 -4
44375 -4
44376 -4
44377 -4
44378 -4
44379 -4
44380 -4
44381 -4
44382 -4
44383 -4
44384 -4
44385 -4
44386 -4
44387 -4
44388 -4
44389 -4
44390 -4
44391 -4
44392 -4
44393 -4
44394 -4
44395 -4
44396 -4
44397 -4
44398 -4
44399 -4
44400 -4
44401 -4
44402 -4
44403 -4
44404 -4
44405 -4
44406 -4
44407 -4
44408 -4
44409 -4
44410 -4
44411 -4
44412 -4
44413 -4
44414 -4
44415 -4
44416 -4
44417 -4
44418 -4
44419 -4
44420 -4
44421 -4
44422 -4
44423 -4
44424 -4
44425 -4
44426 -4
44427 -4
44428 -4
44429 -4
44430 -4
44431 -4
44432 -4
44433 -4
44434 -4
44435 -4
44436 -4
44437 -4
44438 -4
44439 -4
44440 -4
44441 -4
44442 -4
44443 -4
44444 -4
44445 -4
44446 -4
44447 -4
44448 -4
44449 -4
44450 -4
44451 -4
44452 -4
44453 -4
44454 -4
44455 -4
44456 -4
44457 -4
44458 -4
44459 -4
44460 -4
44461 -4
44462 -4
44463 -4
44464 -4
44465 -4
44466 -4
44467 -4
44468 -4
44469 -4
44470 -4
44471 -4
44472 -4
44473 -4
44474 -4
44475 -4
44476 -4
44477 -4
44478 -4
44479 -4
44480 -4
44481 -4
44482 -4
44483 -4
44484 -4
44485 -4
44486 -4
44487 -4
44488 -4
44489 -4
44490 -4
44491 -4
44492 -4
44493 -4
44494 -4
44495 -4
44496 -4
44497 -4
44498 -4
44499 -4
44500 -4
44501 -4
44502 -4
44503 -4
44504 -4
44505 -4
44506 -4
44507 -4
44508 -4
44509 -4
44510 -4
44511 -4
44512 -4
44513 -4
44514 -4
44515 -4
44516 -4
44517 -4
44518 -4
44519 -4
44520 -4
44521 -4
44522 -4
44523 -4
44524 -4
44525 -4
44526 -4
44527 -4
44528 -4
44529 -4
44530 -4
44531 -4
44532 -4
44533 -4
44534 -4
44535 -4
44536 -4
44537 -4
44538 -4
44539 -4
44540 -4
44541 -4
44542 -4
44543 -4
44544 -6
44545 -6
44546 -6
44547 -6
44548 -6
44549 -6
44550 -6
44551 -6
44552 -6
44553 -6
44554 -6
44555 -6
44556 -6
44557 -6
44558 -6
44559 -6
44560 -6
44561 -6
44562 -6
44563 -6
44564 -6
44565 -6
44566 -6
44567 -6
44568 -6
44569 -6
44570 -6
44571 -6
44572 -6
44573 -6
44574 -6
44575 -6
44576 -6
44577 -6
44578 -6
44579 -6
44580 -6
44581 -6
44582 -6
44583 -6
44584 -6
44585 -6
44586 -6
44587 -6
44588 -6
44589 -6
44590 -6
44591 -6
44592 -6
44593 -6
44594 -6
44595 -6
44596 -6
44597 -6
44598 -6
44599 -6
44600 -6
44601 -6
44602 -6
44603 -6
44604 -6
44605 -6
44606 -6
44607 -6
44608 -6
44609 -6
44610 -6
44611 -6
44612 -6
44613 -6
44614 -6
44615 -6
44616 -6
44617 -6
44618 -6
44619 -6
44620 -6
44621 -6
44622 -6
44623 -6
44624 -6
44625 -6
44626 -6
44627 -6
44628 -6
44629 -6
44630 -6
44631 -6
44632 -6
44633 -6
44634 -6
44635 -6
44636 -6
44637 -6
44638 -6
44639 -6
44640 -6
44641 -6
44642 -6
44643 -6
44644 -6
44645 -6
44646 -6
44647 -6
44648 -6
44649 -6
44650 -6
44651 -6
44652 -6
44653 -6
44654 -6
44655 -6
44656 -6
44657 -6
44658 -6
44659 -6
44660 -6
44661 -6
44662 -6
44663 -6
44664 -6
44665 -6
44666 -6
44667 -6
44668 -6
44669 -6
44670 -6
44671 -6
44672 -6
44673 -6
44674 -6
44675 -6
44676 -6
44677 -6
44678 -6
44679 -6
44680 -6
44681 -6
44682 -6
44683 -6
44684 -6
44685 -6
44686 -6
44687 -6
44688 -6
44689 -6
44690 -6
44691 -6
44692 -6
44693 -6
44694 -6
44695 -6
44696 -6
44697 -6
44698 -6
44699 -6
44700 -6
44701 -6
44702 -6
44703 -6
44704 -6
44705 -6
44706 -6
44707 -6
44708 -6
44709 -6
44710 -6
44711 -6
44712 -6
44713 -6
44714 -6
44715 -6
44716 -6
44717 -6
44718 -6
44719 -6
44720 -6
44721 -6
44722 -6
44723 -6
44724 -6
44725 -6
44726 -6
44727 -6
44728 -6
44729 -6
44730 -6
44731 -6
44732 -6
44733 -6
44734 -6
44735 -6
44736 -5
44737 -5
44738 -5
44739 -5
44740 -5
44741 -5
44742 -5
44743 -5
44744 -5
44745 -5
44746 -5
44747 -5
44748 -5
44749 -5
44750 -5
44751 -5
44752 -5
44753 -5
44754 -5
44755 -5
44756 -5
44757 -5
44758 -5
44759 -5
44760 -5
44761 -5
44762 -5
44763 -5
44764 -5
44765 -5
44766 -5
44767 -5
44768 -5
44769 -5
44770 -5
44771 -5
44772 -5
44773 -5
44774 -5
44775 -5
44776 -5
44777 -5
44778 -5
44779 -5
44780 -5
44781 -5
44782 -5
44783 -5
44784 -5
44785 -5
44786 -5
44787 -5
44788 -5
44789 -5
44790 -5
44791 -5
44792 -5
44793 -5
44794 -5
44795 -5
44796 -5
44797 -5
44798 -5
44799 -5
44800 -5
44801 -5
44802 -5
44803 -5
44804 -5
44805 -5
44806 -5
44807 -5
44808 -5
44809 -5
44810 -5
44811 -5
44812 -5
44813 -5
44814 -5
44815 -5
44816 -5
44817 -5
44818 -5
44819 -5
44820 -5
44821 -5
44822 -5
44823 -5
44824 -5
44825 -5
44826 -5
44827 -5
44828 -5
44829 -5
44830 -5
44831 -5
44832 -5
44833 -5
44834 -5
44835 -5
44836 -5
44837 -5
44838 -5
44839 -5
44840 -5
44841 -5
44842 -5
44843 -5
44844 -5
44845 -5
44846 -5
44847 -5
44848 -5
44849 -5
44850 -5
44851 -5
44852 -5
44853 -5
44854 -5
44855 -5
44856 -5
44857 -5
44858 -5
44859 -5
44860 -5
44861 -5
44862 -5
44863 -5
44864 -5
44865 -5
44866 -5
44867 -5
44868 -5
44869 -5
44870 -5
44871 -5
44872 -5
44873 -5
44874 -5
44875 -5
44876 -5
44877 -5
44878 -5
44879 -5
44880 -5
44881 -5
44882 -5
44883 -5
44884 -5
44885 -5
44886 -5
44887 -5
44888 -5
44889 -5
44890 -5
44891 -5
44892 -5
44893 -5
44894 -5
44895 -5
44896 -5
44897 -5
44898 -5
44899 -5
44900 -5
44901 -5
44902 -5
44903 -5
44904 -5
44905 -5
44906 -5
44907 -5
44908 -5
44909 -5
44910 -5
44911 -5
44912 -5
44913 -5
44914 -5
44915 -5
44916 -5
44917 -5
44918 -5
44919 -5
44920 -5
44921 -5
44922 -5
44923 -5
44924 -5
44925 -5
44926 -5
44927 -5
44928 -5
44929 -5
44930 -5
44931 -5
44932 -5
44933 -5
44934 -5
44935 -5
44936 -5
44937 -5
44938 -5
44939 -5
44940 -5
44941 -5
44942 -5
44943 -5
44944 -5
44945 -5
44946 -5
44947 -5
44948 -5
44949 -5
44950 -5
44951 -5
44952 -5
44953 -5
44954 -5
44955 -5
44956 -5
44957 -5
44958 -5
44959 -5
44960 -5
44961 -5
44962 -5
44963 -5
44964 -5
44965 -5
44966 -5
44967 -5
44968 -5
44969 -5
44970 -5
44971 -5
44972 -5
44973 -5
44974 -5
44975 -5
44976 -5
44977 -5
44978 -5
44979 -5
44980 -5
44981 -5
44982 -5
44983 -5
44984 -5
44985 -5
44986 -5
44987 -5
44988 -5
44989 -5
44990 -5
44991 -5
44992 -5
44993 -5
44994 -5
44995 -5
44996 -5
44997 -5
44998 -5
44999 -5
45000 -5
45001 -5
45002 -5
45003 -5
45004 -5
45005 -5
45006 -5
45007 -5
45008 -5
45009 -5
45010 -5
45011 -5
45012 -5
45013 -5
45014 -5
45015 -5
45016 -5
45017 -5
45018 -5
45019 -5
45020 -5
45021 -5
45022 -5
45023 -5
45024 -5
45025 -5
45026 -5
45027 -5
45028 -5
45029 -5
45030 -5
45031 -5
45032 -5
45033 -5
45034 -5
45035 -5
45036 -5
45037 -5
45038 -5
45039 -5
45040 -5
45041 -5
45042 -5
45043 -5
45044 -5
45045 -5
45046 -5
45047 -5
45048 -5
45049 -5
45050 -5
45051 -5
45052 -5
45053 -5
45054 -5
45055 -5
45056 -5
45057 -5
45058 -5
45059 -5
45060 -5
45061 -5
45062 -5
45063 -5
45064 -5
45065 -5
45066 -5
45067 -5
45068 -5
45069 -5
45070 -5
45071 -5
45072 -5
45073 -5
45074 -5
45075 -5
45076 -5
45077 -5
45078 -5
45079 -5
45080 -5
45081 -5
45082 -5
45083 -5
45084 -5
45085 -5
45086 -5
45087 -5
45088 -5
45089 -5
45090 -5
45091 -5
45092 -5
45093 -5
45094 -5
45095 -5
45096 -5
45097 -5
45098 -5
45099 -5
45100 -5
45101 -5
45102 -5
45103 -5
45104 -5
45105 -5
45106 -5
45107 -5
45108 -5
45109 -5
45110 -5
45111 -5
45112 -5
45113 -5
45114 -5
45115 -5
45116 -5
45117 -5
45118 -5
45119 -5
45120 -5
45121 -5
45122 -5
45123 -5
45124 -5
45125 -5
45126 -5
45127 -5
45128 -5
45129 -5
45130 -5
45131 -5
45132 -5
45133 -5
45134 -5
45135 -5
45136 -5
45137 -5
45138 -5
45139 -5
45140 -5
45141 -5
45142 -5
45143 -5
45144 -5
45145 -5
45146 -5
45147 -5
45148 -5
45149 -5
45150 -5
45151 -5
45152 -5
45153 -5
45154 -5
45155 -5
45156 -5
45157 -5
45158 -5
45159 -5
45160 -5
45161 -5
45162 -5
45163 -5
45164 -5
45165 -5
45166 -5
45167 -5
45168 -5
45169 -5
45170 -5
45171 -5
45172 -5
45173 -5
45174 -5
45175 -5
45176 -5
45177 -5
45178 -5
45179 -5
45180 -5
45181 -5
45182 -5
45183 -5
45184 -5
45185 -5
45186 -5
45187 -5
45188 -5
45189 -5
45190 -5
45191 -5
45192 -5
45193 -5
45194 -5
45195 -5
45196 -5
45197 -5
45198 -5
45199 -5
45200 -5
45201 -5
45202 -5
45203 -5
45204 -5
45205 -5
45206 -5
45207 -5
45208 -5
45209 -5
45210 -5
45211 -5
45212 -5
45213 -5
45214 -5
45215 -5
45216 -5
45217 -5
45218 -5
45219 -5
45220 -5
45221 -5
45222 -5
45223 -5
45224 -5
45225 -5
45226 -5
45227 -5
45228 -5
45229 -5
45230 -5
45231 -5
45232 -5
45233 -5
45234 -5
45235 -5
45236 -5
45237 -5
45238 -5
45239 -5
45240 -5
45241 -5
45242 -5
45243 -5
45244 -5
45245 -5
45246 -5
45247 -5
45248 -5
45249 -5
45250 -5
45251 -5
45252 -5
45253 -5
45254 -5
45255 -5
45256 -5
45257 -5
45258 -5
45259 -5
45260 -5
45261 -5
45262 -5
45263 -5
45264 -5
45265 -5
45266 -5
45267 -5
45268 -5
45269 -5
45270 -5
45271 -5
45272 -5
45273 -5
45274 -5
45275 -5
45276 -5
45277 -5
45278 -5
45279 -5
45280 -5
45281 -5
45282 -5
45283 -5
45284 -5
45285 -5
45286 -5
45287 -5
45288 -5
45289 -5
45290 -5
45291 -5
45292 -5
45293 -5
45294 -5
45295 -5
45296 -5
45297 -5
45298 -5
45299 -5
45300 -5
45301 -5
45302 -5
45303 -5
45304 -5
45305 -5
45306 -5
45307 -5
45308 -5
45309 -5
45310 -5
45311 -5
45312 -5
45313 -5
45314 -5
45315 -5
45316 -5
45317 -5
45318 -5
45319 -5
45320 -5
45321 -5
45322 -5
45323 -5
45324 -5
45325 -5
45326 -5
45327 -5
45328 -5
45329 -5
45330 -5
45331 -5
45332 -5
45333 -5
45334 -5
45335 -5
45336 -5
45337 -5
45338 -5
45339 -5
45340 -5
45341 -5
45342 -5
45343 -5
45344 -5
45345 -5
45346 -5
45347 -5
45348 -5
45349 -5
45350 -5
45351 -5
45352 -5
45353 -5
45354 -5
45355 -5
45356 -5
45357 -5
45358 -5
45359 -5
45360 -5
45361 -5
45362 -5
45363 -5
45364 -5
45365 -5
45366 -5
45367 -5
45368 -5
45369 -5
45370 -5
45371 -5
45372 -5
45373 -5
45374 -5
45375 -5
45376 -5
45377 -5
45378 -5
45379 -5
45380 -5
45381 -5
45382 -5
45383 -5
45384 -5
45385 -5
45386 -5
45387 -5
45388 -5
45389 -5
45390 -5
45391 -5
45392 -5
45393 -5
45394 -5
45395 -5
45396 -5
45397 -5
45398 -5
45399 -5
45400 -5
45401 -5
45402 -5
45403 -5
45404 -5
45405 -5
45406 -5
45407 -5
45408 -5
45409 -5
45410 -5
45411 -5
45412 -5
45413 -5
45414 -5
45415 -5
45416 -5
45417 -5
45418 -5
45419 -5
45420 -5
45421 -5
45422 -5
45423 -5
45424 -5
45425 -5
45426 -5
45427 -5
45428 -5
45429 -5
45430 -5
45431 -5
45432 -5
45433 -5
45434 -5
45435 -5
45436 -5
45437 -5
45438 -5
45439 -5
45440 -5
45441 -5
45442 -5
45443 -5
45444 -5
45445 -5
45446 -5
45447 -5
45448 -5
45449 -5
45450 -5
45451 -5
45452 -5
45453 -5
45454 -5
45455 -5
45456 -5
45457 -5
45458 -5
45459 -5
45460 -5
45461 -5
45462 -5
45463 -5
45464 -5
45465 -5
45466 -5
45467 -5
45468 -5
45469 -5
45470 -5
45471 -5
45472 -5
45473 -5
45474 -5
45475 -5
45476 -5
45477 -5
45478 -5
45479 -5
45480 -5
45481 -5
45482 -5
45483 -5
45484 -5
45485 -5
45486 -5
45487 -5
45488 -5
45489 -5
45490 -5
45491 -5
45492 -5
45493 -5
45494 -5
45495 -5
45496 -5
45497 -5
45498 -5
45499 -5
45500 -5
45501 -5
45502 -5
45503 -5
45504 -5
45505 -5
45506 -5
45507 -5
45508 -5
45509 -5
45510 -5
45511 -5
45512 -5
45513 -5
45514 -5
45515 -5
45516 -5
45517 -5
45518 -5
45519 -5
45520 -5
45521 -5
45522 -5
45523 -5
45524 -5
45525 -5
45526 -5
45527 -5
45528 -5
45529 -5
45530 -5
45531 -5
45532 -5
45533 -5
45534 -5
45535 -5
45536 -5
45537 -5
45538 -5
45539 -5
45540 -5
45541 -5
45542 -5
45543 -5
45544 -5
45545 -5
45546 -5
45547 -5
45548 -5
45549 -5
45550 -5
45551 -5
45552 -5
45553 -5
45554 -5
45555 -5
45556 -5
45557 -5
45558 -5
45559 -5
45560 -5
45561 -5
45562 -5
45563 -5
45564 -5
45565 -5
45566 -5
45567 -5
45568 -5
45569 -5
45570 -5
45571 -5
45572 -5
45573 -5
45574 -5
45575 -5
45576 -5
45577 -5
45578 -5
45579 -5
45580 -5
45581 -5
45582 -5
45583 -5
45584 -5
45585 -5
45586 -5
45587 -5
45588 -5
45589 -5
45590 -5
45591 -5
45592 -5
45593 -5
45594 -5
45595 -5
45596 -5
45597 -5
45598 -5
45599 -5
45600 -5
45601 -5
45602 -5
45603 -5
45604 -5
45605 -5
45606 -5
45607 -5
45608 -5
45609 -5
45610 -5
45611 -5
45612 -5
45613 -5
45614 -5
45615 -5
45616 -5
45617 -5
45618 -5
45619 -5
45620 -5
45621 -5
45622 -5
45623 -5
45624 -5
45625 -5
45626 -5
45627 -5
45628 -5
45629 -5
45630 -5
45631 -5
45632 -5
45633 -5
45634 -5
45635 -5
45636 -5
45637 -5
45638 -5
45639 -5
45640 -5
45641 -5
45642 -5
45643 -5
45644 -5
45645 -5
45646 -5
45647 -5
45648 -5
45649 -5
45650 -5
45651 -5
45652 -5
45653 -5
45654 -5
45655 -5
45656 -5
45657 -5
45658 -5
45659 -5
45660 -5
45661 -5
45662 -5
45663 -5
45664 -5
45665 -5
45666 -5
45667 -5
45668 -5
45669 -5
45670 -5
45671 -5
45672 -5
45673 -5
45674 -5
45675 -5
45676 -5
45677 -5
45678 -5
45679 -5
45680 -5
45681 -5
45682 -5
45683 -5
45684 -5
45685 -5
45686 -5
45687 -5
45688 -5
45689 -5
45690 -5
45691 -5
45692 -5
45693 -5
45694 -5
45695 -5
45696 -4
45697 -4
45698 -4
45699 -4
45700 -4
45701 -4
45702 -4
45703 -4
45704 -4
45705 -4
45706 -4
45707 -4
45708 -4
45709 -4
45710 -4
45711 -4
45712 -4
45713 -4
45714 -4
45715 -4
45716 -4
45717 -4
45718 -4
45719 -4
45720 -4
45721 -4
45722 -4
45723 -4
45724 -4
45725 -4
45726 -4
45727 -4
45728 -4
45729 -4
45730 -4
45731 -4
45732 -4
45733 -4
45734 -4
45735 -4
45736 -4
45737 -4
45738 -4
45739 -4
45740 -4
45741 -4
45742 -4
45743 -4
45744 -4
45745 -4
45746 -4
45747 -4
45748 -4
45749 -4
45750 -4
45751 -4
45752 -4
45753 -4
45754 -4
45755 -4
45756 -4
45757 -4
45758 -4
45759 -4
45760 -4
45761 -4
45762 -4
45763 -4
45764 -4
45765 -4
45766 -4
45767 -4
45768 -4
45769 -4
45770 -4
45771 -4
45772 -4
45773 -4
45774 -4
45775 -4
45776 -4
45777 -4
45778 -4
45779 -4
45780 -4
45781 -4
45782 -4
45783 -4
45784 -4
45785 -4
45786 -4
45787 -4
45788 -4
45789 -4
45790 -4
45791 -4
45792 -4
45793 -4
45794 -4
45795 -4
45796 -4
45797 -4
45798 -4
45799 -4
45800 -4
45801 -4
45802 -4
45803 -4
45804 -4
45805 -4
45806 -4
45807 -4
45808 -4
45809 -4
45810 -4
45811 -4
45812 -4
45813 -4
45814 -4
45815 -4
45816 -4
45817 -4
45818 -4
45819 -4
45820 -4
45821 -4
45822 -4
45823 -4
45824 -4
45825 -4
45826 -4
45827 -4
45828 -4
45829 -4
45830 -4
45831 -4
45832 -4
45833 -4
45834 -4
45835 -4
45836 -4
45837 -4
45838 -4
45839 -4
45840 -4
45841 -4
45842 -4
45843 -4
45844 -4
45845 -4
45846 -4
45847 -4
45848 -4
45849 -4
45850 -4
45851 -4
45852 -4
45853 -4
45854 -4
45855 -4
45856 -4
45857 -4
45858 -4
45859 -4
45860 -4
45861 -4
45862 -4
45863 -4
45864 -4
45865 -4
45866 -4
45867 -4
45868 -4
45869 -4
45870 -4
45871 -4
45872 -4
45873 -4
45874 -4
45875 -4
45876 -4
45877 -4
45878 -4
45879 -4
45880 -4
45881 -4
45882 -4
45883 -4
45884 -4
45885 -4
45886 -4
45887 -4
45888 -4
45889 -4
45890 -4
45891 -4
45892 -4
45893 -4
45894 -4
45895 -4
45896 -4
45897 -4
45898 -4
45899 -4
45900 -4
45901 -4
45902 -4
45903 -4
45904 -4
45905 -4
45906 -4
45907 -4
45908 -4
45909 -4
45910 -4
45911 -4
45912 -4
45913 -4
45914 -4
45915 -4
45916 -4
45917 -4
45918 -4
45919 -4
45920 -4
45921 -4
45922 -4
45923 -4
45924 -4
45925 -4
45926 -4
45927 -4
45928 -4
45929 -4
45930 -4
45931 -4
45932 -4
45933 -4
45934 -4
45935 -4
45936 -4
45937 -4
45938 -4
45939 -4
45940 -4
45941 -4
45942 -4
45943 -4
45944 -4
45945 -4
45946 -4
45947 -4
45948 -4
45949 -4
45950 -4
45951 -4
45952 -4
45953 -4
45954 -4
45955 -4
45956 -4
45957 -4
45958 -4
45959 -4
45960 -4
45961 -4
45962 -4
45963 -4
45964 -4
45965 -4
45966 -4
45967 -4
45968 -4
45969 -4
45970 -4
45971 -4
45972 -4
45973 -4
45974 -4
45975 -4
45976 -4
45977 -4
45978 -4
45979 -4
45980 -4
45981 -4
45982 -4
45983 -4
45984 -4
45985 -4
45986 -4
45987 -4
45988 -4
45989 -4
45990 -4
45991 -4
45992 -4
45993 -4
45994 -4
45995 -4
45996 -4
45997 -4
45998 -4
45999 -4
46000 -4
46001 -4
46002 -4
46003 -4
46004 -4
46005 -4
46006 -4
46007 -4
46008 -4
46009 -4
46010 -4
46011 -4
46012 -4
46013 -4
46014 -4
46015 -4
46016 -4
46017 -4
46018 -4
46019 -4
46020 -4
46021 -4
46022 -4
46023 -4
46024 -4
46025 -4
46026 -4
46027 -4
46028 -4
46029 -4
46030 -4
46031 -4
46032 -4
46033 -4
46034 -4
46035 -4
46036 -4
46037 -4
46038 -4
46039 -4
46040 -4
46041 -4
46042 -4
46043 -4
46044 -4
46045 -4
46046 -4
46047 -4
46048 -4
46049 -4
46050 -4
46051 -4
46052 -4
46053 -4
46054 -4
46055 -4
46056 -4
46057 -4
46058 -4
46059 -4
46060 -4
46061 -4
46062 -4
46063 -4
46064 -4
46065 -4
46066 -4
46067 -4
46068 -4
46069 -4
46070 -4
46071 -4
46072 -4
46073 -4
46074 -4
46075 -4
46076 -4
46077 -4
46078 -4
46079 -4
46080 -5
46081 -5
46082 -5
46083 -5
46084 -5
46085 -5
46086 -5
46087 -5
46088 -5
46089 -5
46090 -5
46091 -5
46092 -5
46093 -5
46094 -5
46095 -5
46096 -5
46097 -5
46098 -5
46099 -5
46100 -5
46101 -5
46102 -5
46103 -5
46104 -5
46105 -5
46106 -5
46107 -5
46108 -5
46109 -5
46110 -5
46111 -5
46112 -5
46113 -5
46114 -5
46115 -5
46116 -5
46117 -5
46118 -5
46119 -5
46120 -5
46121 -5
46122 -5
46123 -5
46124 -5
46125 -5
46126 -5
46127 -5
46128 -5
46129 -5
46130 -5
46131 -5
46132 -5
46133 -5
46134 -5
46135 -5
46136 -5
46137 -5
46138 -5
46139 -5
46140 -5
46141 -5
46142 -5
46143 -5
46144 -5
46145 -5
46146 -5
46147 -5
46148 -5
46149 -5
46150 -5
46151 -5
46152 -5
46153 -5
46154 -5
46155 -5
46156 -5
46157 -5
46158 -5
46159 -5
46160 -5
46161 -5
46162 -5
46163 -5
46164 -5
46165 -5
46166 -5
46167 -5
46168 -5
46169 -5
46170 -5
46171 -5
46172 -5
46173 -5
46174 -5
46175 -5
46176 -5
46177 -5
46178 -5
46179 -5
46180 -5
46181 -5
46182 -5
46183 -5
46184 -5
46185 -5
46186 -5
46187 -5
46188 -5
46189 -5
46190 -5
46191 -5
46192 -5
46193 -5
46194 -5
46195 -5
46196 -5
46197 -5
46198 -5
46199 -5
46200 -5
46201 -5
46202 -5
46203 -5
46204 -5
46205 -5
46206 -5
46207 -5
46208 -5
46209 -5
46210 -5
46211 -5
46212 -5
46213 -5
46214 -5
46215 -5
46216 -5
46217 -5
46218 -5
46219 -5
46220 -5
46221 -5
46222 -5
46223 -5
46224 -5
46225 -5
46226 -5
46227 -5
46228 -5
46229 -5
46230 -5
46231 -5
46232 -5
46233 -5
46234 -5
46235 -5
46236 -5
46237 -5
46238 -5
46239 -5
46240 -5
46241 -5
46242 -5
46243 -5
46244 -5
46245 -5
46246 -5
46247 -5
46248 -5
46249 -5
46250 -5
46251 -5
46252 -5
46253 -5
46254 -5
46255 -5
46256 -5
46257 -5
46258 -5
46259 -5
46260 -5
46261 -5
46262 -5
46263 -5
46264 -5
46265 -5
46266 -5
46267 -5
46268 -5
46269 -5
46270 -5
46271 -5
46272 -5
46273 -5
46274 -5
46275 -5
46276 -5
46277 -5
46278 -5
46279 -5
46280 -5
46281 -5
46282 -5
46283 -5
46284 -5
46285 -5
46286 -5
46287 -5
46288 -5
46289 -5
46290 -5
46291 -5
46292 -5
46293 -5
46294 -5
46295 -5
46296 -5
46297 -5
46298 -5
46299 -5
46300 -5
46301 -5
46302 -5
46303 -5
46304 -5
46305 -5
46306 -5
46307 -5
46308 -5
46309 -5
46310 -5
46311 -5
46312 -5
46313 -5
46314 -5
46315 -5
46316 -5
46317 -5
46318 -5
46319 -5
46320 -5
46321 -5
46322 -5
46323 -5
46324 -5
46325 -5
46326 -5
46327 -5
46328 -5
46329 -5
46330 -5
46331 -5
46332 -5
46333 -5
46334 -5
46335 -5
46336 -5
46337 -5
46338 -5
46339 -5
46340 -5
46341 -5
46342 -5
46343 -5
46344 -5
46345 -5
46346 -5
46347 -5
46348 -5
46349 -5
46350 -5
46351 -5
46352 -5
46353 -5
46354 -5
46355 -5
46356 -5
46357 -5
46358 -5
46359 -5
46360 -5
46361 -5
46362 -5
46363 -5
46364 -5
46365 -5
46366 -5
46367 -5
46368 -5
46369 -5
46370 -5
46371 -5
46372 -5
46373 -5
46374 -5
46375 -5
46376 -5
46377 -5
46378 -5
46379 -5
46380 -5
46381 -5
46382 -5
46383 -5
46384 -5
46385 -5
46386 -5
46387 -5
46388 -5
46389 -5
46390 -5
46391 -5
46392 -5
46393 -5
46394 -5
46395 -5
46396 -5
46397 -5
46398 -5
46399 -5
46400 -5
46401 -5
46402 -5
46403 -5
46404 -5
46405 -5
46406 -5
46407 -5
46408 -5
46409 -5
46410 -5
46411 -5
46412 -5
46413 -5
46414 -5
46415 -5
46416 -5
46417 -5
46418 -5
46419 -5
46420 -5
46421 -5
46422 -5
46423 -5
46424 -5
46425 -5
46426 -5
46427 -5
46428 -5
46429 -5
46430 -5
46431 -5
46432 -5
46433 -5
46434 -5
46435 -5
46436 -5
46437 -5
46438 -5
46439 -5
46440 -5
46441 -5
46442 -5
46443 -5
46444 -5
46445 -5
46446 -5
46447 -5
46448 -5
46449 -5
46450 -5
46451 -5
46452 -5
46453 -5
46454 -5
46455 -5
46456 -5
46457 -5
46458 -5
46459 -5
46460 -5
46461 -5
46462 -5
46463 -5
46464 -5
46465 -5
46466 -5
46467 -5
46468 -5
46469 -5
46470 -5
46471 -5
46472 -5
46473 -5
46474 -5
46475 -5
46476 -5
46477 -5
46478 -5
46479 -5
46480 -5
46481 -5
46482 -5
46483 -5
46484 -5
46485 -5
46486 -5
46487 -5
46488 -5
46489 -5
46490 -5
46491 -5
46492 -5
46493 -5
46494 -5
46495 -5
46496 -5
46497 -5
46498 -5
46499 -5
46500 -5
46501 -5
46502 -5
46503 -5
46504 -5
46505 -5
46506 -5
46507 -5
46508 -5
46509 -5
46510 -5
46511 -5
46512 -5
46513 -5
46514 -5
46515 -5
46516 -5
46517 -5
46518 -5
46519 -5
46520 -5
46521 -5
46522 -5
46523 -5
46524 -5
46525 -5
46526 -5
46527 -5
46528 -5
46529 -5
46530 -5
46531 -5
46532 -5
46533 -5
46534 -5
46535 -5
46536 -5
46537 -5
46538 -5
46539 -5
46540 -5
46541 -5
46542 -5
46543 -5
46544 -5
46545 -5
46546 -5
46547 -5
46548 -5
46549 -5
46550 -5
46551 -5
46552 -5
46553 -5
46554 -5
46555 -5
46556 -5
46557 -5
46558 -5
46559 -5
46560 -5
46561 -5
46562 -5
46563 -5
46564 -5
46565 -5
46566 -5
46567 -5
46568 -5
46569 -5
46570 -5
46571 -5
46572 -5
46573 -5
46574 -5
46575 -5
46576 -5
46577 -5
46578 -5
46579 -5
46580 -5
46581 -5
46582 -5
46583 -5
46584 -5
46585 -5
46586 -5
46587 -5
46588 -5
46589 -5
46590 -5
46591 -5
46592 -5
46593 -5
46594 -5
46595 -5
46596 -5
46597 -5
46598 -5
46599 -5
46600 -5
46601 -5
46602 -5
46603 -5
46604 -5
46605 -5
46606 -5
46607 -5
46608 -5
46609 -5
46610 -5
46611 -5
46612 -5
46613 -5
46614 -5
46615 -5
46616 -5
46617 -5
46618 -5
46619 -5
46620 -5
46621 -5
46622 -5
46623 -5
46624 -5
46625 -5
46626 -5
46627 -5
46628 -5
46629 -5
46630 -5
46631 -5
46632 -5
46633 -5
46634 -5
46635 -5
46636 -5
46637 -5
46638 -5
46639 -5
46640 -5
46641 -5
46642 -5
46643 -5
46644 -5
46645 -5
46646 -5
46647 -5
46648 -5
46649 -5
46650 -5
46651 -5
46652 -5
46653 -5
46654 -5
46655 -5
46656 -5
46657 -5
46658 -5
46659 -5
46660 -5
46661 -5
46662 -5
46663 -5
46664 -5
46665 -5
46666 -5
46667 -5
46668 -5
46669 -5
46670 -5
46671 -5
46672 -5
46673 -5
46674 -5
46675 -5
46676 -5
46677 -5
46678 -5
46679 -5
46680 -5
46681 -5
46682 -5
46683 -5
46684 -5
46685 -5
46686 -5
46687 -5
46688 -5
46689 -5
46690 -5
46691 -5
46692 -5
46693 -5
46694 -5
46695 -5
46696 -5
46697 -5
46698 -5
46699 -5
46700 -5
46701 -5
46702 -5
46703 -5
46704 -5
46705 -5
46706 -5
46707 -5
46708 -5
46709 -5
46710 -5
46711 -5
46712 -5
46713 -5
46714 -5
46715 -5
46716 -5
46717 -5
46718 -5
46719 -5
46720 -5
46721 -5
46722 -5
46723 -5
46724 -5
46725 -5
46726 -5
46727 -5
46728 -5
46729 -5
46730 -5
46731 -5
46732 -5
46733 -5
46734 -5
46735 -5
46736 -5
46737 -5
46738 -5
46739 -5
46740 -5
46741 -5
46742 -5
46743 -5
46744 -5
46745 -5
46746 -5
46747 -5
46748 -5
46749 -5
46750 -5
46751 -5
46752 -5
46753 -5
46754 -5
46755 -5
46756 -5
46757 -5
46758 -5
46759 -5
46760 -5
46761 -5
46762 -5
46763 -5
46764 -5
46765 -5
46766 -5
46767 -5
46768 -5
46769 -5
46770 -5
46771 -5
46772 -5
46773 -5
46774 -5
46775 -5
46776 -5
46777 -5
46778 -5
46779 -5
46780 -5
46781 -5
46782 -5
46783 -5
46784 -5
46785 -5
46786 -5
46787 -5
46788 -5
46789 -5
46790 -5
46791 -5
46792 -5
46793 -5
46794 -5
46795 -5
46796 -5
46797 -5
46798 -5
46799 -5
46800 -5
46801 -5
46802 -5
46803 -5
46804 -5
46805 -5
46806 -5
46807 -5
46808 -5
46809 -5
46810 -5
46811 -5
46812 -5
46813 -5
46814 -5
46815 -5
46816 -5
46817 -5
46818 -5
46819 -5
46820 -5
46821 -5
46822 -5
46823 -5
46824 -5
46825 -5
46826 -5
46827 -5
46828 -5
46829 -5
46830 -5
46831 -5
46832 -5
46833 -5
46834 -5
46835 -5
46836 -5
46837 -5
46838 -5
46839 -5
46840 -5
46841 -5
46842 -5
46843 -5
46844 -5
46845 -5
46846 -5
46847 -5
46848 -5
46849 -5
46850 -5
46851 -5
46852 -5
46853 -5
46854 -5
46855 -5
46856 -5
46857 -5
46858 -5
46859 -5
46860 -5
46861 -5
46862 -5
46863 -5
46864 -5
46865 -5
46866 -5
46867 -5
46868 -5
46869 -5
46870 -5
46871 -5
46872 -5
46873 -5
46874 -5
46875 -5
46876 -5
46877 -5
46878 -5
46879 -5
46880 -5
46881 -5
46882 -5
46883 -5
46884 -5
46885 -5
46886 -5
46887 -5
46888 -5
46889 -5
46890 -5
46891 -5
46892 -5
46893 -5
46894 -5
46895 -5
46896 -5
46897 -5
46898 -5
46899 -5
46900 -5
46901 -5
46902 -5
46903 -5
46904 -5
46905 -5
46906 -5
46907 -5
46908 -5
46909 -5
46910 -5
46911 -5
46912 -5
46913 -5
46914 -5
46915 -5
46916 -5
46917 -5
46918 -5
46919 -5
46920 -5
46921 -5
46922 -5
46923 -5
46924 -5
46925 -5
46926 -5
46927 -5
46928 -5
46929 -5
46930 -5
46931 -5
46932 -5
46933 -5
46934 -5
46935 -5
46936 -5
46937 -5
46938 -5
46939 -5
46940 -5
46941 -5
46942 -5
46943 -5
46944 -5
46945 -5
46946 -5
46947 -5
46948 -5
46949 -5
46950 -5
46951 -5
46952 -5
46953 -5
46954 -5
46955 -5
46956 -5
46957 -5
46958 -5
46959 -5
46960 -5
46961 -5
46962 -5
46963 -5
46964 -5
46965 -5
46966 -5
46967 -5
46968 -5
46969 -5
46970 -5
46971 -5
46972 -5
46973 -5
46974 -5
46975 -5
46976 -5
46977 -5
46978 -5
46979 -5
46980 -5
46981 -5
46982 -5
46983 -5
46984 -5
46985 -5
46986 -5
46987 -5
46988 -5
46989 -5
46990 -5
46991 -5
46992 -5
46993 -5
46994 -5
46995 -5
46996 -5
46997 -5
46998 -5
46999 -5
47000 -5
47001 -5
47002 -5
47003 -5
47004 -5
47005 -5
47006 -5
47007 -5
47008 -5
47009 -5
47010 -5
47011 -5
47012 -5
47013 -5
47014 -5
47015 -5
47016 -5
47017 -5
47018 -5
47019 -5
47020 -5
47021 -5
47022 -5
47023 -5
47024 -5
47025 -5
47026 -5
47027 -5
47028 -5
47029 -5
47030 -5
47031 -5
47032 -5
47033 -5
47034 -5
47035 -5
47036 -5
47037 -5
47038 -5
47039 -5
47040 -5
47041 -5
47042 -5
47043 -5
47044 -5
47045 -5
47046 -5
47047 -5
47048 -5
47049 -5
47050 -5
47051 -5
47052 -5
47053 -5
47054 -5
47055 -5
47056 -5
47057 -5
47058 -5
47059 -5
47060 -5
47061 -5
47062 -5
47063 -5
47064 -5
47065 -5
47066 -5
47067 -5
47068 -5
47069 -5
47070 -5
47071 -5
47072 -5
47073 -5
47074 -5
47075 -5
47076 -5
47077 -5
47078 -5
47079 -5
47080 -5
47081 -5
47082 -5
47083 -5
47084 -5
47085 -5
47086 -5
47087 -5
47088 -5
47089 -5
47090 -5
47091 -5
47092 -5
47093 -5
47094 -5
47095 -5
47096 -5
47097 -5
47098 -5
47099 -5
47100 -5
47101 -5
47102 -5
47103 -5
47104 -5
47105 -5
47106 -5
47107 -5
47108 -5
47109 -5
47110 -5
47111 -5
47112 -5
47113 -5
47114 -5
47115 -5
47116 -5
47117 -5
47118 -5
47119 -5
47120 -5
47121 -5
47122 -5
47123 -5
47124 -5
47125 -5
47126 -5
47127 -5
47128 -5
47129 -5
47130 -5
47131 -5
47132 -5
47133 -5
47134 -5
47135 -5
47136 -5
47137 -5
47138 -5
47139 -5
47140 -5
47141 -5
47142 -5
47143 -5
47144 -5
47145 -5
47146 -5
47147 -5
47148 -5
47149 -5
47150 -5
47151 -5
47152 -5
47153 -5
47154 -5
47155 -5
47156 -5
47157 -5
47158 -5
47159 -5
47160 -5
47161 -5
47162 -5
47163 -5
47164 -5
47165 -5
47166 -5
47167 -5
47168 -5
47169 -5
47170 -5
47171 -5
47172 -5
47173 -5
47174 -5
47175 -5
47176 -5
47177 -5
47178 -5
47179 -5
47180 -5
47181 -5
47182 -5
47183 -5
47184 -5
47185 -5
47186 -5
47187 -5
47188 -5
47189 -5
47190 -5
47191 -5
47192 -5
47193 -5
47194 -5
47195 -5
47196 -5
47197 -5
47198 -5
47199 -5
47200 -5
47201 -5
47202 -5
47203 -5
47204 -5
47205 -5
47206 -5
47207 -5
47208 -5
47209 -5
47210 -5
47211 -5
47212 -5
47213 -5
47214 -5
47215 -5
47216 -5
47217 -5
47218 -5
47219 -5
47220 -5
47221 -5
47222 -5
47223 -5
47224 -5
47225 -5
47226 -5
47227 -5
47228 -5
47229 -5
47230 -5
47231 -5
47232 -5
47233 -5
47234 -5
47235 -5
47236 -5
47237 -5
47238 -5
47239 -5
47240 -5
47241 -5
47242 -5
47243 -5
47244 -5
47245 -5
47246 -5
47247 -5
47248 -5
47249 -5
47250 -5
47251 -5
47252 -5
47253 -5
47254 -5
47255 -5
47256 -5
47257 -5
47258 -5
47259 -5
47260 -5
47261 -5
47262 -5
47263 -5
47264 -5
47265 -5
47266 -5
47267 -5
47268 -5
47269 -5
47270 -5
47271 -5
47272 -5
47273 -5
47274 -5
47275 -5
47276 -5
47277 -5
47278 -5
47279 -5
47280 -5
47281 -5
47282 -5
47283 -5
47284 -5
47285 -5
47286 -5
47287 -5
47288 -5
47289 -5
47290 -5
47291 -5
47292 -5
47293 -5
47294 -5
47295 -5
47296 -5
47297 -5
47298 -5
47299 -5
47300 -5
47301 -5
47302 -5
47303 -5
47304 -5
47305 -5
47306 -5
47307 -5
47308 -5
47309 -5
47310 -5
47311 -5
47312 -5
47313 -5
47314 -5
47315 -5
47316 -5
47317 -5
47318 -5
47319 -5
47320 -5
47321 -5
47322 -5
47323 -5
47324 -5
47325 -5
47326 -5
47327 -5
47328 -5
47329 -5
47330 -5
47331 -5
47332 -5
47333 -5
47334 -5
47335 -5
47336 -5
47337 -5
47338 -5
47339 -5
47340 -5
47341 -5
47342 -5
47343 -5
47344 -5
47345 -5
47346 -5
47347 -5
47348 -5
47349 -5
47350 -5
47351 -5
47352 -5
47353 -5
47354 -5
47355 -5
47356 -5
47357 -5
47358 -5
47359 -5
47360 -5
47361 -5
47362 -5
47363 -5
47364 -5
47365 -5
47366 -5
47367 -5
47368 -5
47369 -5
47370 -5
47371 -5
47372 -5
47373 -5
47374 -5
47375 -5
47376 -5
47377 -5
47378 -5
47379 -5
47380 -5
47381 -5
47382 -5
47383 -5
47384 -5
47385 -5
47386 -5
47387 -5
47388 -5
47389 -5
47390 -5
47391 -5
47392 -5
47393 -5
47394 -5
47395 -5
47396 -5
47397 -5
47398 -5
47399 -5
47400 -5
47401 -5
47402 -5
47403 -5
47404 -5
47405 -5
47406 -5
47407 -5
47408 -5
47409 -5
47410 -5
47411 -5
47412 -5
47413 -5
47414 -5
47415 -5
47416 -5
47417 -5
47418 -5
47419 -5
47420 -5
47421 -5
47422 -5
47423 -5
47424 -5
47425 -5
47426 -5
47427 -5
47428 -5
47429 -5
47430 -5
47431 -5
47432 -5
47433 -5
47434 -5
47435 -5
47436 -5
47437 -5
47438 -5
47439 -5
47440 -5
47441 -5
47442 -5
47443 -5
47444 -5
47445 -5
47446 -5
47447 -5
47448 -5
47449 -5
47450 -5
47451 -5
47452 -5
47453 -5
47454 -5
47455 -5
47456 -5
47457 -5
47458 -5
47459 -5
47460 -5
47461 -5
47462 -5
47463 -5
47464 -5
47465 -5
47466 -5
47467 -5
47468 -5
47469 -5
47470 -5
47471 -5
47472 -5
47473 -5
47474 -5
47475 -5
47476 -5
47477 -5
47478 -5
47479 -5
47480 -5
47481 -5
47482 -5
47483 -5
47484 -5
47485 -5
47486 -5
47487 -5
47488 -5
47489 -5
47490 -5
47491 -5
47492 -5
47493 -5
47494 -5
47495 -5
47496 -5
47497 -5
47498 -5
47499 -5
47500 -5
47501 -5
47502 -5
47503 -5
47504 -5
47505 -5
47506 -5
47507 -5
47508 -5
47509 -5
47510 -5
47511 -5
47512 -5
47513 -5
47514 -5
47515 -5
47516 -5
47517 -5
47518 -5
47519 -5
47520 -5
47521 -5
47522 -5
47523 -5
47524 -5
47525 -5
47526 -5
47527 -5
47528 -5
47529 -5
47530 -5
47531 -5
47532 -5
47533 -5
47534 -5
47535 -5
47536 -5
47537 -5
47538 -5
47539 -5
47540 -5
47541 -5
47542 -5
47543 -5
47544 -5
47545 -5
47546 -5
47547 -5
47548 -5
47549 -5
47550 -5
47551 -5
47552 -5
47553 -5
47554 -5
47555 -5
47556 -5
47557 -5
47558 -5
47559 -5
47560 -5
47561 -5
47562 -5
47563 -5
47564 -5
47565 -5
47566 -5
47567 -5
47568 -5
47569 -5
47570 -5
47571 -5
47572 -5
47573 -5
47574 -5
47575 -5
47576 -5
47577 -5
47578 -5
47579 -5
47580 -5
47581 -5
47582 -5
47583 -5
47584 -5
47585 -5
47586 -5
47587 -5
47588 -5
47589 -5
47590 -5
47591 -5
47592 -5
47593 -5
47594 -5
47595 -5
47596 -5
47597 -5
47598 -5
47599 -5
47600 -5
47601 -5
47602 -5
47603 -5
47604 -5
47605 -5
47606 -5
47607 -5
47608 -5
47609 -5
47610 -5
47611 -5
47612 -5
47613 -5
47614 -5
47615 -5
47616 -5
47617 -5
47618 -5
47619 -5
47620 -5
47621 -5
47622 -5
47623 -5
47624 -5
47625 -5
47626 -5
47627 -5
47628 -5
47629 -5
47630 -5
47631 -5
47632 -5
47633 -5
47634 -5
47635 -5
47636 -5
47637 -5
47638 -5
47639 -5
47640 -5
47641 -5
47642 -5
47643 -5
47644 -5
47645 -5
47646 -5
47647 -5
47648 -5
47649 -5
47650 -5
47651 -5
47652 -5
47653 -5
47654 -5
47655 -5
47656 -5
47657 -5
47658 -5
47659 -5
47660 -5
47661 -5
47662 -5
47663 -5
47664 -5
47665 -5
47666 -5
47667 -5
47668 -5
47669 -5
47670 -5
47671 -5
47672 -5
47673 -5
47674 -5
47675 -5
47676 -5
47677 -5
47678 -5
47679 -5
47680 -5
47681 -5
47682 -5
47683 -5
47684 -5
47685 -5
47686 -5
47687 -5
47688 -5
47689 -5
47690 -5
47691 -5
47692 -5
47693 -5
47694 -5
47695 -5
47696 -5
47697 -5
47698 -5
47699 -5
47700 -5
47701 -5
47702 -5
47703 -5
47704 -5
47705 -5
47706 -5
47707 -5
47708 -5
47709 -5
47710 -5
47711 -5
47712 -5
47713 -5
47714 -5
47715 -5
47716 -5
47717 -5
47718 -5
47719 -5
47720 -5
47721 -5
47722 -5
47723 -5
47724 -5
47725 -5
47726 -5
47727 -5
47728 -5
47729 -5
47730 -5
47731 -5
47732 -5
47733 -5
47734 -5
47735 -5
47736 -5
47737 -5
47738 -5
47739 -5
47740 -5
47741 -5
47742 -5
47743 -5
47744 -5
47745 -5
47746 -5
47747 -5
47748 -5
47749 -5
47750 -5
47751 -5
47752 -5
47753 -5
47754 -5
47755 -5
47756 -5
47757 -5
47758 -5
47759 -5
47760 -5
47761 -5
47762 -5
47763 -5
47764 -5
47765 -5
47766 -5
47767 -5
47768 -5
47769 -5
47770 -5
47771 -5
47772 -5
47773 -5
47774 -5
47775 -5
47776 -5
47777 -5
47778 -5
47779 -5
47780 -5
47781 -5
47782 -5
47783 -5
47784 -5
47785 -5
47786 -5
47787 -5
47788 -5
47789 -5
47790 -5
47791 -5
47792 -5
47793 -5
47794 -5
47795 -5
47796 -5
47797 -5
47798 -5
47799 -5
47800 -5
47801 -5
47802 -5
47803 -5
47804 -5
47805 -5
47806 -5
47807 -5
47808 -5
47809 -5
47810 -5
47811 -5
47812 -5
47813 -5
47814 -5
47815 -5
47816 -5
47817 -5
47818 -5
47819 -5
47820 -5
47821 -5
47822 -5
47823 -5
47824 -5
47825 -5
47826 -5
47827 -5
47828 -5
47829 -5
47830 -5
47831 -5
47832 -5
47833 -5
47834 -5
47835 -5
47836 -5
47837 -5
47838 -5
47839 -5
47840 -5
47841 -5
47842 -5
47843 -5
47844 -5
47845 -5
47846 -5
47847 -5
47848 -5
47849 -5
47850 -5
47851 -5
47852 -5
47853 -5
47854 -5
47855 -5
47856 -5
47857 -5
47858 -5
47859 -5
47860 -5
47861 -5
47862 -5
47863 -5
47864 -5
47865 -5
47866 -5
47867 -5
47868 -5
47869 -5
47870 -5
47871 -5
47872 -5
47873 -5
47874 -5
47875 -5
47876 -5
47877 -5
47878 -5
47879 -5
47880 -5
47881 -5
47882 -5
47883 -5
47884 -5
47885 -5
47886 -5
47887 -5
47888 -5
47889 -5
47890 -5
47891 -5
47892 -5
47893 -5
47894 -5
47895 -5
47896 -5
47897 -5
47898 -5
47899 -5
47900 -5
47901 -5
47902 -5
47903 -5
47904 -5
47905 -5
47906 -5
47907 -5
47908 -5
47909 -5
47910 -5
47911 -5
47912 -5
47913 -5
47914 -5
47915 -5
47916 -5
47917 -5
47918 -5
47919 -5
47920 -5
47921 -5
47922 -5
47923 -5
47924 -5
47925 -5
47926 -5
47927 -5
47928 -5
47929 -5
47930 -5
47931 -5
47932 -5
47933 -5
47934 -5
47935 -5
47936 -5
47937 -5
47938 -5
47939 -5
47940 -5
47941 -5
47942 -5
47943 -5
47944 -5
47945 -5
47946 -5
47947 -5
47948 -5
47949 -5
47950 -5
47951 -5
47952 -5
47953 -5
47954 -5
47955 -5
47956 -5
47957 -5
47958 -5
47959 -5
47960 -5
47961 -5
47962 -5
47963 -5
47964 -5
47965 -5
47966 -5
47967 -5
47968 -5
47969 -5
47970 -5
47971 -5
47972 -5
47973 -5
47974 -5
47975 -5
47976 -5
47977 -5
47978 -5
47979 -5
47980 -5
47981 -5
47982 -5
47983 -5
47984 -5
47985 -5
47986 -5
47987 -5
47988 -5
47989 -5
47990 -5
47991 -5
47992 -5
47993 -5
47994 -5
47995 -5
47996 -5
47997 -5
47998 -5
47999 -5
48000 -5
48001 -5
48002 -5
48003 -5
48004 -5
48005 -5
48006 -5
48007 -5
48008 -5
48009 -5
48010 -5
48011 -5
48012 -5
48013 -5
48014 -5
48015 -5
48016 -5
48017 -5
48018 -5
48019 -5
48020 -5
48021 -5
48022 -5
48023 -5
48024 -5
48025 -5
48026 -5
48027 -5
48028 -5
48029 -5
48030 -5
48031 -5
48032 -5
48033 -5
48034 -5
48035 -5
48036 -5
48037 -5
48038 -5
48039 -5
48040 -5
48041 -5
48042 -5
48043 -5
48044 -5
48045 -5
48046 -5
48047 -5
48048 -5
48049 -5
48050 -5
48051 -5
48052 -5
48053 -5
48054 -5
48055 -5
48056 -5
48057 -5
48058 -5
48059 -5
48060 -5
48061 -5
48062 -5
48063 -5
48064 -5
48065 -5
48066 -5
48067 -5
48068 -5
48069 -5
48070 -5
48071 -5
48072 -5
48073 -5
48074 -5
48075 -5
48076 -5
48077 -5
48078 -5
48079 -5
48080 -5
48081 -5
48082 -5
48083 -5
48084 -5
48085 -5
48086 -5
48087 -5
48088 -5
48089 -5
48090 -5
48091 -5
48092 -5
48093 -5
48094 -5
48095 -5
48096 -5
48097 -5
48098 -5
48099 -5
48100 -5
48101 -5
48102 -5
48103 -5
48104 -5
48105 -5
48106 -5
48107 -5
48108 -5
48109 -5
48110 -5
48111 -5
48112 -5
48113 -5
48114 -5
48115 -5
48116 -5
48117 -5
48118 -5
48119 -5
48120 -5
48121 -5
48122 -5
48123 -5
48124 -5
48125 -5
48126 -5
48127 -5
48128 -5
48129 -5
48130 -5
48131 -5
48132 -5
48133 -5
48134 -5
48135 -5
48136 -5
48137 -5
48138 -5
48139 -5
48140 -5
48141 -5
48142 -5
48143 -5
48144 -5
48145 -5
48146 -5
48147 -5
48148 -5
48149 -5
48150 -5
48151 -5
48152 -5
48153 -5
48154 -5
48155 -5
48156 -5
48157 -5
48158 -5
48159 -5
48160 -5
48161 -5
48162 -5
48163 -5
48164 -5
48165 -5
48166 -5
48167 -5
48168 -5
48169 -5
48170 -5
48171 -5
48172 -5
48173 -5
48174 -5
48175 -5
48176 -5
48177 -5
48178 -5
48179 -5
48180 -5
48181 -5
48182 -5
48183 -5
48184 -5
48185 -5
48186 -5
48187 -5
48188 -5
48189 -5
48190 -5
48191 -5
48192 -5
48193 -5
48194 -5
48195 -5
48196 -5
48197 -5
48198 -5
48199 -5
48200 -5
48201 -5
48202 -5
48203 -5
48204 -5
48205 -5
48206 -5
48207 -5
48208 -5
48209 -5
48210 -5
48211 -5
48212 -5
48213 -5
48214 -5
48215 -5
48216 -5
48217 -5
48218 -5
48219 -5
48220 -5
48221 -5
48222 -5
48223 -5
48224 -5
48225 -5
48226 -5
48227 -5
48228 -5
48229 -5
48230 -5
48231 -5
48232 -5
48233 -5
48234 -5
48235 -5
48236 -5
48237 -5
48238 -5
48239 -5
48240 -5
48241 -5
48242 -5
48243 -5
48244 -5
48245 -5
48246 -5
48247 -5
48248 -5
48249 -5
48250 -5
48251 -5
48252 -5
48253 -5
48254 -5
48255 -5
48256 -5
48257 -5
48258 -5
48259 -5
48260 -5
48261 -5
48262 -5
48263 -5
48264 -5
48265 -5
48266 -5
48267 -5
48268 -5
48269 -5
48270 -5
48271 -5
48272 -5
48273 -5
48274 -5
48275 -5
48276 -5
48277 -5
48278 -5
48279 -5
48280 -5
48281 -5
48282 -5
48283 -5
48284 -5
48285 -5
48286 -5
48287 -5
48288 -5
48289 -5
48290 -5
48291 -5
48292 -5
48293 -5
48294 -5
48295 -5
48296 -5
48297 -5
48298 -5
48299 -5
48300 -5
48301 -5
48302 -5
48303 -5
48304 -5
48305 -5
48306 -5
48307 -5
48308 -5
48309 -5
48310 -5
48311 -5
48312 -5
48313 -5
48314 -5
48315 -5
48316 -5
48317 -5
48318 -5
48319 -5
48320 -5
48321 -5
48322 -5
48323 -5
48324 -5
48325 -5
48326 -5
48327 -5
48328 -5
48329 -5
48330 -5
48331 -5
48332 -5
48333 -5
48334 -5
48335 -5
48336 -5
48337 -5
48338 -5
48339 -5
48340 -5
48341 -5
48342 -5
48343 -5
48344 -5
48345 -5
48346 -5
48347 -5
48348 -5
48349 -5
48350 -5
48351 -5
48352 -5
48353 -5
48354 -5
48355 -5
48356 -5
48357 -5
48358 -5
48359 -5
48360 -5
48361 -5
48362 -5
48363 -5
48364 -5
48365 -5
48366 -5
48367 -5
48368 -5
48369 -5
48370 -5
48371 -5
48372 -5
48373 -5
48374 -5
48375 -5
48376 -5
48377 -5
48378 -5
48379 -5
48380 -5
48381 -5
48382 -5
48383 -5
48384 -6
48385 -6
48386 -6
48387 -6
48388 -6
48389 -6
48390 -6
48391 -6
48392 -6
48393 -6
48394 -6
48395 -6
48396 -6
48397 -6
48398 -6
48399 -6
48400 -6
48401 -6
48402 -6
48403 -6
48404 -6
48405 -6
48406 -6
48407 -6
48408 -6
48409 -6
48410 -6
48411 -6
48412 -6
48413 -6
48414 -6
48415 -6
48416 -6
48417 -6
48418 -6
48419 -6
48420 -6
48421 -6
48422 -6
48423 -6
48424 -6
48425 -6
48426 -6
48427 -6
48428 -6
48429 -6
48430 -6
48431 -6
48432 -6
48433 -6
48434 -6
48435 -6
48436 -6
48437 -6
48438 -6
48439 -6
48440 -6
48441 -6
48442 -6
48443 -6
48444 -6
48445 -6
48446 -6
48447 -6
48448 -6
48449 -6
48450 -6
48451 -6
48452 -6
48453 -6
48454 -6
48455 -6
48456 -6
48457 -6
48458 -6
48459 -6
48460 -6
48461 -6
48462 -6
48463 -6
48464 -6
48465 -6
48466 -6
48467 -6
48468 -6
48469 -6
48470 -6
48471 -6
48472 -6
48473 -6
48474 -6
48475 -6
48476 -6
48477 -6
48478 -6
48479 -6
48480 -6
48481 -6
48482 -6
48483 -6
48484 -6
48485 -6
48486 -6
48487 -6
48488 -6
48489 -6
48490 -6
48491 -6
48492 -6
48493 -6
48494 -6
48495 -6
48496 -6
48497 -6
48498 -6
48499 -6
48500 -6
48501 -6
48502 -6
48503 -6
48504 -6
48505 -6
48506 -6
48507 -6
48508 -6
48509 -6
48510 -6
48511 -6
48512 -6
48513 -6
48514 -6
48515 -6
48516 -6
48517 -6
48518 -6
48519 -6
48520 -6
48521 -6
48522 -6
48523 -6
48524 -6
48525 -6
48526 -6
48527 -6
48528 -6
48529 -6
48530 -6
48531 -6
48532 -6
48533 -6
48534 -6
48535 -6
48536 -6
48537 -6
48538 -6
48539 -6
48540 -6
48541 -6
48542 -6
48543 -6
48544 -6
48545 -6
48546 -6
48547 -6
48548 -6
48549 -6
48550 -6
48551 -6
48552 -6
48553 -6
48554 -6
48555 -6
48556 -6
48557 -6
48558 -6
48559 -6
48560 -6
48561 -6
48562 -6
48563 -6
48564 -6
48565 -6
48566 -6
48567 -6
48568 -6
48569 -6
48570 -6
48571 -6
48572 -6
48573 -6
48574 -6
48575 -6
48576 -5
48577 -5
48578 -5
48579 -5
48580 -5
48581 -5
48582 -5
48583 -5
48584 -5
48585 -5
48586 -5
48587 -5
48588 -5
48589 -5
48590 -5
48591 -5
48592 -5
48593 -5
48594 -5
48595 -5
48596 -5
48597 -5
48598 -5
48599 -5
48600 -5
48601 -5
48602 -5
48603 -5
48604 -5
48605 -5
48606 -5
48607 -5
48608 -5
48609 -5
48610 -5
48611 -5
48612 -5
48613 -5
48614 -5
48615 -5
48616 -5
48617 -5
48618 -5
48619 -5
48620 -5
48621 -5
48622 -5
48623 -5
48624 -5
48625 -5
48626 -5
48627 -5
48628 -5
48629 -5
48630 -5
48631 -5
48632 -5
48633 -5
48634 -5
48635 -5
48636 -5
48637 -5
48638 -5
48639 -5
48640 -5
48641 -5
48642 -5
48643 -5
48644 -5
48645 -5
48646 -5
48647 -5
48648 -5
48649 -5
48650 -5
48651 -5
48652 -5
48653 -5
48654 -5
48655 -5
48656 -5
48657 -5
48658 -5
48659 -5
48660 -5
48661 -5
48662 -5
48663 -5
48664 -5
48665 -5
48666 -5
48667 -5
48668 -5
48669 -5
48670 -5
48671 -5
48672 -5
48673 -5
48674 -5
48675 -5
48676 -5
48677 -5
48678 -5
48679 -5
48680 -5
48681 -5
48682 -5
48683 -5
48684 -5
48685 -5
48686 -5
48687 -5
48688 -5
48689 -5
48690 -5
48691 -5
48692 -5
48693 -5
48694 -5
48695 -5
48696 -5
48697 -5
48698 -5
48699 -5
48700 -5
48701 -5
48702 -5
48703 -5
48704 -5
48705 -5
48706 -5
48707 -5
48708 -5
48709 -5
48710 -5
48711 -5
48712 -5
48713 -5
48714 -5
48715 -5
48716 -5
48717 -5
48718 -5
48719 -5
48720 -5
48721 -5
48722 -5
48723 -5
48724 -5
48725 -5
48726 -5
48727 -5
48728 -5
48729 -5
48730 -5
48731 -5
48732 -5
48733 -5
48734 -5
48735 -5
48736 -5
48737 -5
48738 -5
48739 -5
48740 -5
48741 -5
48742 -5
48743 -5
48744 -5
48745 -5
48746 -5
48747 -5
48748 -5
48749 -5
48750 -5
48751 -5
48752 -5
48753 -5
48754 -5
48755 -5
48756 -5
48757 -5
48758 -5
48759 -5
48760 -5
48761 -5
48762 -5
48763 -5
48764 -5
48765 -5
48766 -5
48767 -5
48768 -5
48769 -5
48770 -5
48771 -5
48772 -5
48773 -5
48774 -5
48775 -5
48776 -5
48777 -5
48778 -5
48779 -5
48780 -5
48781 -5
48782 -5
48783 -5
48784 -5
48785 -5
48786 -5
48787 -5
48788 -5
48789 -5
48790 -5
48791 -5
48792 -5
48793 -5
48794 -5
48795 -5
48796 -5
48797 -5
48798 -5
48799 -5
48800 -5
48801 -5
48802 -5
48803 -5
48804 -5
48805 -5
48806 -5
48807 -5
48808 -5
48809 -5
48810 -5
48811 -5
48812 -5
48813 -5
48814 -5
48815 -5
48816 -5
48817 -5
48818 -5
48819 -5
48820 -5
48821 -5
48822 -5
48823 -5
48824 -5
48825 -5
48826 -5
48827 -5
48828 -5
48829 -5
48830 -5
48831 -5
48832 -5
48833 -5
48834 -5
48835 -5
48836 -5
48837 -5
48838 -5
48839 -5
48840 -5
48841 -5
48842 -5
48843 -5
48844 -5
48845 -5
48846 -5
48847 -5
48848 -5
48849 -5
48850 -5
48851 -5
48852 -5
48853 -5
48854 -5
48855 -5
48856 -5
48857 -5
48858 -5
48859 -5
48860 -5
48861 -5
48862 -5
48863 -5
48864 -5
48865 -5
48866 -5
48867 -5
48868 -5
48869 -5
48870 -5
48871 -5
48872 -5
48873 -5
48874 -5
48875 -5
48876 -5
48877 -5
48878 -5
48879 -5
48880 -5
48881 -5
48882 -5
48883 -5
48884 -5
48885 -5
48886 -5
48887 -5
48888 -5
48889 -5
48890 -5
48891 -5
48892 -5
48893 -5
48894 -5
48895 -5
48896 -5
48897 -5
48898 -5
48899 -5
48900 -5
48901 -5
48902 -5
48903 -5
48904 -5
48905 -5
48906 -5
48907 -5
48908 -5
48909 -5
48910 -5
48911 -5
48912 -5
48913 -5
48914 -5
48915 -5
48916 -5
48917 -5
48918 -5
48919 -5
48920 -5
48921 -5
48922 -5
48923 -5
48924 -5
48925 -5
48926 -5
48927 -5
48928 -5
48929 -5
48930 -5
48931 -5
48932 -5
48933 -5
48934 -5
48935 -5
48936 -5
48937 -5
48938 -5
48939 -5
48940 -5
48941 -5
48942 -5
48943 -5
48944 -5
48945 -5
48946 -5
48947 -5
48948 -5
48949 -5
48950 -5
48951 -5
48952 -5
48953 -5
48954 -5
48955 -5
48956 -5
48957 -5
48958 -5
48959 -5
48960 -5
48961 -5
48962 -5
48963 -5
48964 -5
48965 -5
48966 -5
48967 -5
48968 -5
48969 -5
48970 -5
48971 -5
48972 -5
48973 -5
48974 -5
48975 -5
48976 -5
48977 -5
48978 -5
48979 -5
48980 -5
48981 -5
48982 -5
48983 -5
48984 -5
48985 -5
48986 -5
48987 -5
48988 -5
48989 -5
48990 -5
48991 -5
48992 -5
48993 -5
48994 -5
48995 -5
48996 -5
48997 -5
48998 -5
48999 -5
49000 -5
49001 -5
49002 -5
49003 -5
49004 -5
49005 -5
49006 -5
49007 -5
49008 -5
49009 -5
49010 -5
49011 -5
49012 -5
49013 -5
49014 -5
49015 -5
49016 -5
49017 -5
49018 -5
49019 -5
49020 -5
49021 -5
49022 -5
49023 -5
49024 -5
49025 -5
49026 -5
49027 -5
49028 -5
49029 -5
49030 -5
49031 -5
49032 -5
49033 -5
49034 -5
49035 -5
49036 -5
49037 -5
49038 -5
49039 -5
49040 -5
49041 -5
49042 -5
49043 -5
49044 -5
49045 -5
49046 -5
49047 -5
49048 -5
49049 -5
49050 -5
49051 -5
49052 -5
49053 -5
49054 -5
49055 -5
49056 -5
49057 -5
49058 -5
49059 -5
49060 -5
49061 -5
49062 -5
49063 -5
49064 -5
49065 -5
49066 -5
49067 -5
49068 -5
49069 -5
49070 -5
49071 -5
49072 -5
49073 -5
49074 -5
49075 -5
49076 -5
49077 -5
49078 -5
49079 -5
49080 -5
49081 -5
49082 -5
49083 -5
49084 -5
49085 -5
49086 -5
49087 -5
49088 -5
49089 -5
49090 -5
49091 -5
49092 -5
49093 -5
49094 -5
49095 -5
49096 -5
49097 -5
49098 -5
49099 -5
49100 -5
49101 -5
49102 -5
49103 -5
49104 -5
49105 -5
49106 -5
49107 -5
49108 -5
49109 -5
49110 -5
49111 -5
49112 -5
49113 -5
49114 -5
49115 -5
49116 -5
49117 -5
49118 -5
49119 -5
49120 -5
49121 -5
49122 -5
49123 -5
49124 -5
49125 -5
49126 -5
49127 -5
49128 -5
49129 -5
49130 -5
49131 -5
49132 -5
49133 -5
49134 -5
49135 -5
49136 -5
49137 -5
49138 -5
49139 -5
49140 -5
49141 -5
49142 -5
49143 -5
49144 -5
49145 -5
49146 -5
49147 -5
49148 -5
49149 -5
49150 -5
49151 -5
49152 -4
49153 -4
49154 -4
49155 -4
49156 -4
49157 -4
49158 -4
49159 -4
49160 -4
49161 -4
49162 -4
49163 -4
49164 -4
49165 -4
49166 -4
49167 -4
49168 -4
49169 -4
49170 -4
49171 -4
49172 -4
49173 -4
49174 -4
49175 -4
49176 -4
49177 -4
49178 -4
49179 -4
49180 -4
49181 -4
49182 -4
49183 -4
49184 -4
49185 -4
49186 -4
49187 -4
49188 -4
49189 -4
49190 -4
49191 -4
49192 -4
49193 -4
49194 -4
49195 -4
49196 -4
49197 -4
49198 -4
49199 -4
49200 -4
49201 -4
49202 -4
49203 -4
49204 -4
49205 -4
49206 -4
49207 -4
49208 -4
49209 -4
49210 -4
49211 -4
49212 -4
49213 -4
49214 -4
49215 -4
49216 -4
49217 -4
49218 -4
49219 -4
49220 -4
49221 -4
49222 -4
49223 -4
49224 -4
49225 -4
49226 -4
49227 -4
49228 -4
49229 -4
49230 -4
49231 -4
49232 -4
49233 -4
49234 -4
49235 -4
49236 -4
49237 -4
49238 -4
49239 -4
49240 -4
49241 -4
49242 -4
49243 -4
49244 -4
49245 -4
49246 -4
49247 -4
49248 -4
49249 -4
49250 -4
49251 -4
49252 -4
49253 -4
49254 -4
49255 -4
49256 -4
49257 -4
49258 -4
49259 -4
49260 -4
49261 -4
49262 -4
49263 -4
49264 -4
49265 -4
49266 -4
49267 -4
49268 -4
49269 -4
49270 -4
49271 -4
49272 -4
49273 -4
49274 -4
49275 -4
49276 -4
49277 -4
49278 -4
49279 -4
49280 -4
49281 -4
49282 -4
49283 -4
49284 -4
49285 -4
49286 -4
49287 -4
49288 -4
49289 -4
49290 -4
49291 -4
49292 -4
49293 -4
49294 -4
49295 -4
49296 -4
49297 -4
49298 -4
49299 -4
49300 -4
49301 -4
49302 -4
49303 -4
49304 -4
49305 -4
49306 -4
49307 -4
49308 -4
49309 -4
49310 -4
49311 -4
49312 -4
49313 -4
49314 -4
49315 -4
49316 -4
49317 -4
49318 -4
49319 -4
49320 -4
49321 -4
49322 -4
49323 -4
49324 -4
49325 -4
49326 -4
49327 -4
49328 -4
49329 -4
49330 -4
49331 -4
49332 -4
49333 -4
49334 -4
49335 -4
49336 -4
49337 -4
49338 -4
49339 -4
49340 -4
49341 -4
49342 -4
49343 -4
49344 -4
49345 -4
49346 -4
49347 -4
49348 -4
49349 -4
49350 -4
49351 -4
49352 -4
49353 -4
49354 -4
49355 -4
49356 -4
49357 -4
49358 -4
49359 -4
49360 -4
49361 -4
49362 -4
49363 -4
49364 -4
49365 -4
49366 -4
49367 -4
49368 -4
49369 -4
49370 -4
49371 -4
49372 -4
49373 -4
49374 -4
49375 -4
49376 -4
49377 -4
49378 -4
49379 -4
49380 -4
49381 -4
49382 -4
49383 -4
49384 -4
49385 -4
49386 -4
49387 -4
49388 -4
49389 -4
49390 -4
49391 -4
49392 -4
49393 -4
49394 -4
49395 -4
49396 -4
49397 -4
49398 -4
49399 -4
49400 -4
49401 -4
49402 -4
49403 -4
49404 -4
49405 -4
49406 -4
49407 -4
49408 -4
49409 -4
49410 -4
49411 -4
49412 -4
49413 -4
49414 -4
49415 -4
49416 -4
49417 -4
49418 -4
49419 -4
49420 -4
49421 -4
49422 -4
49423 -4
49424 -4
49425 -4
49426 -4
49427 -4
49428 -4
49429 -4
49430 -4
49431 -4
49432 -4
49433 -4
49434 -4
49435 -4
49436 -4
49437 -4
49438 -4
49439 -4
49440 -4
49441 -4
49442 -4
49443 -4
49444 -4
49445 -4
49446 -4
49447 -4
49448 -4
49449 -4
49450 -4
49451 -4
49452 -4
49453 -4
49454 -4
49455 -4
49456 -4
49457 -4
49458 -4
49459 -4
49460 -4
49461 -4
49462 -4
49463 -4
49464 -4
49465 -4
49466 -4
49467 -4
49468 -4
49469 -4
49470 -4
49471 -4
49472 -4
49473 -4
49474 -4
49475 -4
49476 -4
49477 -4
49478 -4
49479 -4
49480 -4
49481 -4
49482 -4
49483 -4
49484 -4
49485 -4
49486 -4
49487 -4
49488 -4
49489 -4
49490 -4
49491 -4
49492 -4
49493 -4
49494 -4
49495 -4
49496 -4
49497 -4
49498 -4
49499 -4
49500 -4
49501 -4
49502 -4
49503 -4
49504 -4
49505 -4
49506 -4
49507 -4
49508 -4
49509 -4
49510 -4
49511 -4
49512 -4
49513 -4
49514 -4
49515 -4
49516 -4
49517 -4
49518 -4
49519 -4
49520 -4
49521 -4
49522 -4
49523 -4
49524 -4
49525 -4
49526 -4
49527 -4
49528 -4
49529 -4
49530 -4
49531 -4
49532 -4
49533 -4
49534 -4
49535 -4
49536 -4
49537 -4
49538 -4
49539 -4
49540 -4
49541 -4
49542 -4
49543 -4
49544 -4
49545 -4
49546 -4
49547 -4
49548 -4
49549 -4
49550 -4
49551 -4
49552 -4
49553 -4
49554 -4
49555 -4
49556 -4
49557 -4
49558 -4
49559 -4
49560 -4
49561 -4
49562 -4
49563 -4
49564 -4
49565 -4
49566 -4
49567 -4
49568 -4
49569 -4
49570 -4
49571 -4
49572 -4
49573 -4
49574 -4
49575 -4
49576 -4
49577 -4
49578 -4
49579 -4
49580 -4
49581 -4
49582 -4
49583 -4
49584 -4
49585 -4
49586 -4
49587 -4
49588 -4
49589 -4
49590 -4
49591 -4
49592 -4
49593 -4
49594 -4
49595 -4
49596 -4
49597 -4
49598 -4
49599 -4
49600 -4
49601 -4
49602 -4
49603 -4
49604 -4
49605 -4
49606 -4
49607 -4
49608 -4
49609 -4
49610 -4
49611 -4
49612 -4
49613 -4
49614 -4
49615 -4
49616 -4
49617 -4
49618 -4
49619 -4
49620 -4
49621 -4
49622 -4
49623 -4
49624 -4
49625 -4
49626 -4
49627 -4
49628 -4
49629 -4
49630 -4
49631 -4
49632 -4
49633 -4
49634 -4
49635 -4
49636 -4
49637 -4
49638 -4
49639 -4
49640 -4
49641 -4
49642 -4
49643 -4
49644 -4
49645 -4
49646 -4
49647 -4
49648 -4
49649 -4
49650 -4
49651 -4
49652 -4
49653 -4
49654 -4
49655 -4
49656 -4
49657 -4
49658 -4
49659 -4
49660 -4
49661 -4
49662 -4
49663 -4
49664 -4
49665 -4
49666 -4
49667 -4
49668 -4
49669 -4
49670 -4
49671 -4
49672 -4
49673 -4
49674 -4
49675 -4
49676 -4
49677 -4
49678 -4
49679 -4
49680 -4
49681 -4
49682 -4
49683 -4
49684 -4
49685 -4
49686 -4
49687 -4
49688 -4
49689 -4
49690 -4
49691 -4
49692 -4
49693 -4
49694 -4
49695 -4
49696 -4
49697 -4
49698 -4
49699 -4
49700 -4
49701 -4
49702 -4
49703 -4
49704 -4
49705 -4
49706 -4
49707 -4
49708 -4
49709 -4
49710 -4
49711 -4
49712 -4
49713 -4
49714 -4
49715 -4
49716 -4
49717 -4
49718 -4
49719 -4
49720 -4
49721 -4
49722 -4
49723 -4
49724 -4
49725 -4
49726 -4
49727 -4
49728 -4
49729 -4
49730 -4
49731 -4
49732 -4
49733 -4
49734 -4
49735 -4
49736 -4
49737 -4
49738 -4
49739 -4
49740 -4
49741 -4
49742 -4
49743 -4
49744 -4
49745 -4
49746 -4
49747 -4
49748 -4
49749 -4
49750 -4
49751 -4
49752 -4
49753 -4
49754 -4
49755 -4
49756 -4
49757 -4
49758 -4
49759 -4
49760 -4
49761 -4
49762 -4
49763 -4
49764 -4
49765 -4
49766 -4
49767 -4
49768 -4
49769 -4
49770 -4
49771 -4
49772 -4
49773 -4
49774 -4
49775 -4
49776 -4
49777 -4
49778 -4
49779 -4
49780 -4
49781 -4
49782 -4
49783 -4
49784 -4
49785 -4
49786 -4
49787 -4
49788 -4
49789 -4
49790 -4
49791 -4
49792 -4
49793 -4
49794 -4
49795 -4
49796 -4
49797 -4
49798 -4
49799 -4
49800 -4
49801 -4
49802 -4
49803 -4
49804 -4
49805 -4
49806 -4
49807 -4
49808 -4
49809 -4
49810 -4
49811 -4
49812 -4
49813 -4
49814 -4
49815 -4
49816 -4
49817 -4
49818 -4
49819 -4
49820 -4
49821 -4
49822 -4
49823 -4
49824 -4
49825 -4
49826 -4
49827 -4
49828 -4
49829 -4
49830 -4
49831 -4
49832 -4
49833 -4
49834 -4
49835 -4
49836 -4
49837 -4
49838 -4
49839 -4
49840 -4
49841 -4
49842 -4
49843 -4
49844 -4
49845 -4
49846 -4
49847 -4
49848 -4
49849 -4
49850 -4
49851 -4
49852 -4
49853 -4
49854 -4
49855 -4
49856 -4
49857 -4
49858 -4
49859 -4
49860 -4
49861 -4
49862 -4
49863 -4
49864 -4
49865 -4
49866 -4
49867 -4
49868 -4
49869 -4
49870 -4
49871 -4
49872 -4
49873 -4
49874 -4
49875 -4
49876 -4
49877 -4
49878 -4
49879 -4
49880 -4
49881 -4
49882 -4
49883 -4
49884 -4
49885 -4
49886 -4
49887 -4
49888 -4
49889 -4
49890 -4
49891 -4
49892 -4
49893 -4
49894 -4
49895 -4
49896 -4
49897 -4
49898 -4
49899 -4
49900 -4
49901 -4
49902 -4
49903 -4
49904 -4
49905 -4
49906 -4
49907 -4
49908 -4
49909 -4
49910 -4
49911 -4
49912 -4
49913 -4
49914 -4
49915 -4
49916 -4
49917 -4
49918 -4
49919 -4
49920 -5
49921 -5
49922 -5
49923 -5
49924 -5
49925 -5
49926 -5
49927 -5
49928 -5
49929 -5
49930 -5
49931 -5
49932 -5
49933 -5
49934 -5
49935 -5
49936 -5
49937 -5
49938 -5
49939 -5
49940 -5
49941 -5
49942 -5
49943 -5
49944 -5
49945 -5
49946 -5
49947 -5
49948 -5
49949 -5
49950 -5
49951 -5
49952 -5
49953 -5
49954 -5
49955 -5
49956 -5
49957 -5
49958 -5
49959 -5
49960 -5
49961 -5
49962 -5
49963 -5
49964 -5
49965 -5
49966 -5
49967 -5
49968 -5
49969 -5
49970 -5
49971 -5
49972 -5
49973 -5
49974 -5
49975 -5
49976 -5
49977 -5
49978 -5
49979 -5
49980 -5
49981 -5
49982 -5
49983 -5
49984 -5
49985 -5
49986 -5
49987 -5
49988 -5
49989 -5
49990 -5
49991 -5
49992 -5
49993 -5
49994 -5
49995 -5
49996 -5
49997 -5
49998 -5
49999 -5
50000 -5
50001 -5
50002 -5
50003 -5
50004 -5
50005 -5
50006 -5
50007 -5
50008 -5
50009 -5
50010 -5
50011 -5
50012 -5
50013 -5
50014 -5
50015 -5
50016 -5
50017 -5
50018 -5
50019 -5
50020 -5
50021 -5
50022 -5
50023 -5
50024 -5
50025 -5
50026 -5
50027 -5
50028 -5
50029 -5
50030 -5
50031 -5
50032 -5
50033 -5
50034 -5
50035 -5
50036 -5
50037 -5
50038 -5
50039 -5
50040 -5
50041 -5
50042 -5
50043 -5
50044 -5
50045 -5
50046 -5
50047 -5
50048 -5
50049 -5
50050 -5
50051 -5
50052 -5
50053 -5
50054 -5
50055 -5
50056 -5
50057 -5
50058 -5
50059 -5
50060 -5
50061 -5
50062 -5
50063 -5
50064 -5
50065 -5
50066 -5
50067 -5
50068 -5
50069 -5
50070 -5
50071 -5
50072 -5
50073 -5
50074 -5
50075 -5
50076 -5
50077 -5
50078 -5
50079 -5
50080 -5
50081 -5
50082 -5
50083 -5
50084 -5
50085 -5
50086 -5
50087 -5
50088 -5
50089 -5
50090 -5
50091 -5
50092 -5
50093 -5
50094 -5
50095 -5
50096 -5
50097 -5
50098 -5
50099 -5
50100 -5
50101 -5
50102 -5
50103 -5
50104 -5
50105 -5
50106 -5
50107 -5
50108 -5
50109 -5
50110 -5
50111 -5
50112 -5
50113 -5
50114 -5
50115 -5
50116 -5
50117 -5
50118 -5
50119 -5
50120 -5
50121 -5
50122 -5
50123 -5
50124 -5
50125 -5
50126 -5
50127 -5
50128 -5
50129 -5
50130 -5
50131 -5
50132 -5
50133 -5
50134 -5
50135 -5
50136 -5
50137 -5
50138 -5
50139 -5
50140 -5
50141 -5
50142 -5
50143 -5
50144 -5
50145 -5
50146 -5
50147 -5
50148 -5
50149 -5
50150 -5
50151 -5
50152 -5
50153 -5
50154 -5
50155 -5
50156 -5
50157 -5
50158 -5
50159 -5
50160 -5
50161 -5
50162 -5
50163 -5
50164 -5
50165 -5
50166 -5
50167 -5
50168 -5
50169 -5
50170 -5
50171 -5
50172 -5
50173 -5
50174 -5
50175 -5
50176 -5
50177 -5
50178 -5
50179 -5
50180 -5
50181 -5
50182 -5
50183 -5
50184 -5
50185 -5
50186 -5
50187 -5
50188 -5
50189 -5
50190 -5
50191 -5
50192 -5
50193 -5
50194 -5
50195 -5
50196 -5
50197 -5
50198 -5
50199 -5
50200 -5
50201 -5
50202 -5
50203 -5
50204 -5
50205 -5
50206 -5
50207 -5
50208 -5
50209 -5
50210 -5
50211 -5
50212 -5
50213 -5
50214 -5
50215 -5
50216 -5
50217 -5
50218 -5
50219 -5
50220 -5
50221 -5
50222 -5
50223 -5
50224 -5
50225 -5
50226 -5
50227 -5
50228 -5
50229 -5
50230 -5
50231 -5
50232 -5
50233 -5
50234 -5
50235 -5
50236 -5
50237 -5
50238 -5
50239 -5
50240 -5
50241 -5
50242 -5
50243 -5
50244 -5
50245 -5
50246 -5
50247 -5
50248 -5
50249 -5
50250 -5
50251 -5
50252 -5
50253 -5
50254 -5
50255 -5
50256 -5
50257 -5
50258 -5
50259 -5
50260 -5
50261 -5
50262 -5
50263 -5
50264 -5
50265 -5
50266 -5
50267 -5
50268 -5
50269 -5
50270 -5
50271 -5
50272 -5
50273 -5
50274 -5
50275 -5
50276 -5
50277 -5
50278 -5
50279 -5
50280 -5
50281 -5
50282 -5
50283 -5
50284 -5
50285 -5
50286 -5
50287 -5
50288 -5
50289 -5
50290 -5
50291 -5
50292 -5
50293 -5
50294 -5
50295 -5
50296 -5
50297 -5
50298 -5
50299 -5
50300 -5
50301 -5
50302 -5
50303 -5
50304 -5
50305 -5
50306 -5
50307 -5
50308 -5
50309 -5
50310 -5
50311 -5
50312 -5
50313 -5
50314 -5
50315 -5
50316 -5
50317 -5
50318 -5
50319 -5
50320 -5
50321 -5
50322 -5
50323 -5
50324 -5
50325 -5
50326 -5
50327 -5
50328 -5
50329 -5
50330 -5
50331 -5
50332 -5
50333 -5
50334 -5
50335 -5
50336 -5
50337 -5
50338 -5
50339 -5
50340 -5
50341 -5
50342 -5
50343 -5
50344 -5
50345 -5
50346 -5
50347 -5
50348 -5
50349 -5
50350 -5
50351 -5
50352 -5
50353 -5
50354 -5
50355 -5
50356 -5
50357 -5
50358 -5
50359 -5
50360 -5
50361 -5
50362 -5
50363 -5
50364 -5
50365 -5
50366 -5
50367 -5
50368 -5
50369 -5
50370 -5
50371 -5
50372 -5
50373 -5
50374 -5
50375 -5
50376 -5
50377 -5
50378 -5
50379 -5
50380 -5
50381 -5
50382 -5
50383 -5
50384 -5
50385 -5
50386 -5
50387 -5
50388 -5
50389 -5
50390 -5
50391 -5
50392 -5
50393 -5
50394 -5
50395 -5
50396 -5
50397 -5
50398 -5
50399 -5
50400 -5
50401 -5
50402 -5
50403 -5
50404 -5
50405 -5
50406 -5
50407 -5
50408 -5
50409 -5
50410 -5
50411 -5
50412 -5
50413 -5
50414 -5
50415 -5
50416 -5
50417 -5
50418 -5
50419 -5
50420 -5
50421 -5
50422 -5
50423 -5
50424 -5
50425 -5
50426 -5
50427 -5
50428 -5
50429 -5
50430 -5
50431 -5
50432 -5
50433 -5
50434 -5
50435 -5
50436 -5
50437 -5
50438 -5
50439 -5
50440 -5
50441 -5
50442 -5
50443 -5
50444 -5
50445 -5
50446 -5
50447 -5
50448 -5
50449 -5
50450 -5
50451 -5
50452 -5
50453 -5
50454 -5
50455 -5
50456 -5
50457 -5
50458 -5
50459 -5
50460 -5
50461 -5
50462 -5
50463 -5
50464 -5
50465 -5
50466 -5
50467 -5
50468 -5
50469 -5
50470 -5
50471 -5
50472 -5
50473 -5
50474 -5
50475 -5
50476 -5
50477 -5
50478 -5
50479 -5
50480 -5
50481 -5
50482 -5
50483 -5
50484 -5
50485 -5
50486 -5
50487 -5
50488 -5
50489 -5
50490 -5
50491 -5
50492 -5
50493 -5
50494 -5
50495 -5
50496 -5
50497 -5
50498 -5
50499 -5
50500 -5
50501 -5
50502 -5
50503 -5
50504 -5
50505 -5
50506 -5
50507 -5
50508 -5
50509 -5
50510 -5
50511 -5
50512 -5
50513 -5
50514 -5
50515 -5
50516 -5
50517 -5
50518 -5
50519 -5
50520 -5
50521 -5
50522 -5
50523 -5
50524 -5
50525 -5
50526 -5
50527 -5
50528 -5
50529 -5
50530 -5
50531 -5
50532 -5
50533 -5
50534 -5
50535 -5
50536 -5
50537 -5
50538 -5
50539 -5
50540 -5
50541 -5
50542 -5
50543 -5
50544 -5
50545 -5
50546 -5
50547 -5
50548 -5
50549 -5
50550 -5
50551 -5
50552 -5
50553 -5
50554 -5
50555 -5
50556 -5
50557 -5
50558 -5
50559 -5
50560 -5
50561 -5
50562 -5
50563 -5
50564 -5
50565 -5
50566 -5
50567 -5
50568 -5
50569 -5
50570 -5
50571 -5
50572 -5
50573 -5
50574 -5
50575 -5
50576 -5
50577 -5
50578 -5
50579 -5
50580 -5
50581 -5
50582 -5
50583 -5
50584 -5
50585 -5
50586 -5
50587 -5
50588 -5
50589 -5
50590 -5
50591 -5
50592 -5
50593 -5
50594 -5
50595 -5
50596 -5
50597 -5
50598 -5
50599 -5
50600 -5
50601 -5
50602 -5
50603 -5
50604 -5
50605 -5
50606 -5
50607 -5
50608 -5
50609 -5
50610 -5
50611 -5
50612 -5
50613 -5
50614 -5
50615 -5
50616 -5
50617 -5
50618 -5
50619 -5
50620 -5
50621 -5
50622 -5
50623 -5
50624 -5
50625 -5
50626 -5
50627 -5
50628 -5
50629 -5
50630 -5
50631 -5
50632 -5
50633 -5
50634 -5
50635 -5
50636 -5
50637 -5
50638 -5
50639 -5
50640 -5
50641 -5
50642 -5
50643 -5
50644 -5
50645 -5
50646 -5
50647 -5
50648 -5
50649 -5
50650 -5
50651 -5
50652 -5
50653 -5
50654 -5
50655 -5
50656 -5
50657 -5
50658 -5
50659 -5
50660 -5
50661 -5
50662 -5
50663 -5
50664 -5
50665 -5
50666 -5
50667 -5
50668 -5
50669 -5
50670 -5
50671 -5
50672 -5
50673 -5
50674 -5
50675 -5
50676 -5
50677 -5
50678 -5
50679 -5
50680 -5
50681 -5
50682 -5
50683 -5
50684 -5
50685 -5
50686 -5
50687 -5
50688 -5
50689 -5
50690 -5
50691 -5
50692 -5
50693 -5
50694 -5
50695 -5
50696 -5
50697 -5
50698 -5
50699 -5
50700 -5
50701 -5
50702 -5
50703 -5
50704 -5
50705 -5
50706 -5
50707 -5
50708 -5
50709 -5
50710 -5
50711 -5
50712 -5
50713 -5
50714 -5
50715 -5
50716 -5
50717 -5
50718 -5
50719 -5
50720 -5
50721 -5
50722 -5
50723 -5
50724 -5
50725 -5
50726 -5
50727 -5
50728 -5
50729 -5
50730 -5
50731 -5
50732 -5
50733 -5
50734 -5
50735 -5
50736 -5
50737 -5
50738 -5
50739 -5
50740 -5
50741 -5
50742 -5
50743 -5
50744 -5
50745 -5
50746 -5
50747 -5
50748 -5
50749 -5
50750 -5
50751 -5
50752 -5
50753 -5
50754 -5
50755 -5
50756 -5
50757 -5
50758 -5
50759 -5
50760 -5
50761 -5
50762 -5
50763 -5
50764 -5
50765 -5
50766 -5
50767 -5
50768 -5
50769 -5
50770 -5
50771 -5
50772 -5
50773 -5
50774 -5
50775 -5
50776 -5
50777 -5
50778 -5
50779 -5
50780 -5
50781 -5
50782 -5
50783 -5
50784 -5
50785 -5
50786 -5
50787 -5
50788 -5
50789 -5
50790 -5
50791 -5
50792 -5
50793 -5
50794 -5
50795 -5
50796 -5
50797 -5
50798 -5
50799 -5
50800 -5
50801 -5
50802 -5
50803 -5
50804 -5
50805 -5
50806 -5
50807 -5
50808 -5
50809 -5
50810 -5
50811 -5
50812 -5
50813 -5
50814 -5
50815 -5
50816 -5
50817 -5
50818 -5
50819 -5
50820 -5
50821 -5
50822 -5
50823 -5
50824 -5
50825 -5
50826 -5
50827 -5
50828 -5
50829 -5
50830 -5
50831 -5
50832 -5
50833 -5
50834 -5
50835 -5
50836 -5
50837 -5
50838 -5
50839 -5
50840 -5
50841 -5
50842 -5
50843 -5
50844 -5
50845 -5
50846 -5
50847 -5
50848 -5
50849 -5
50850 -5
50851 -5
50852 -5
50853 -5
50854 -5
50855 -5
50856 -5
50857 -5
50858 -5
50859 -5
50860 -5
50861 -5
50862 -5
50863 -5
50864 -5
50865 -5
50866 -5
50867 -5
50868 -5
50869 -5
50870 -5
50871 -5
50872 -5
50873 -5
50874 -5
50875 -5
50876 -5
50877 -5
50878 -5
50879 -5
50880 -6
50881 -6
50882 -6
50883 -6
50884 -6
50885 -6
50886 -6
50887 -6
50888 -6
50889 -6
50890 -6
50891 -6
50892 -6
50893 -6
50894 -6
50895 -6
50896 -6
50897 -6
50898 -6
50899 -6
50900 -6
50901 -6
50902 -6
50903 -6
50904 -6
50905 -6
50906 -6
50907 -6
50908 -6
50909 -6
50910 -6
50911 -6
50912 -6
50913 -6
50914 -6
50915 -6
50916 -6
50917 -6
50918 -6
50919 -6
50920 -6
50921 -6
50922 -6
50923 -6
50924 -6
50925 -6
50926 -6
50927 -6
50928 -6
50929 -6
50930 -6
50931 -6
50932 -6
50933 -6
50934 -6
50935 -6
50936 -6
50937 -6
50938 -6
50939 -6
50940 -6
50941 -6
50942 -6
50943 -6
50944 -6
50945 -6
50946 -6
50947 -6
50948 -6
50949 -6
50950 -6
50951 -6
50952 -6
50953 -6
50954 -6
50955 -6
50956 -6
50957 -6
50958 -6
50959 -6
50960 -6
50961 -6
50962 -6
50963 -6
50964 -6
50965 -6
50966 -6
50967 -6
50968 -6
50969 -6
50970 -6
50971 -6
50972 -6
50973 -6
50974 -6
50975 -6
50976 -6
50977 -6
50978 -6
50979 -6
50980 -6
50981 -6
50982 -6
50983 -6
50984 -6
50985 -6
50986 -6
50987 -6
50988 -6
50989 -6
50990 -6
50991 -6
50992 -6
50993 -6
50994 -6
50995 -6
50996 -6
50997 -6
50998 -6
50999 -6
51000 -6
51001 -6
51002 -6
51003 -6
51004 -6
51005 -6
51006 -6
51007 -6
51008 -6
51009 -6
51010 -6
51011 -6
51012 -6
51013 -6
51014 -6
51015 -6
51016 -6
51017 -6
51018 -6
51019 -6
51020 -6
51021 -6
51022 -6
51023 -6
51024 -6
51025 -6
51026 -6
51027 -6
51028 -6
51029 -6
51030 -6
51031 -6
51032 -6
51033 -6
51034 -6
51035 -6
51036 -6
51037 -6
51038 -6
51039 -6
51040 -6
51041 -6
51042 -6
51043 -6
51044 -6
51045 -6
51046 -6
51047 -6
51048 -6
51049 -6
51050 -6
51051 -6
51052 -6
51053 -6
51054 -6
51055 -6
51056 -6
51057 -6
51058 -6
51059 -6
51060 -6
51061 -6
51062 -6
51063 -6
51064 -6
51065 -6
51066 -6
51067 -6
51068 -6
51069 -6
51070 -6
51071 -6
51072 -6
51073 -6
51074 -6
51075 -6
51076 -6
51077 -6
51078 -6
51079 -6
51080 -6
51081 -6
51082 -6
51083 -6
51084 -6
51085 -6
51086 -6
51087 -6
51088 -6
51089 -6
51090 -6
51091 -6
51092 -6
51093 -6
51094 -6
51095 -6
51096 -6
51097 -6
51098 -6
51099 -6
51100 -6
51101 -6
51102 -6
51103 -6
51104 -6
51105 -6
51106 -6
51107 -6
51108 -6
51109 -6
51110 -6
51111 -6
51112 -6
51113 -6
51114 -6
51115 -6
51116 -6
51117 -6
51118 -6
51119 -6
51120 -6
51121 -6
51122 -6
51123 -6
51124 -6
51125 -6
51126 -6
51127 -6
51128 -6
51129 -6
51130 -6
51131 -6
51132 -6
51133 -6
51134 -6
51135 -6
51136 -6
51137 -6
51138 -6
51139 -6
51140 -6
51141 -6
51142 -6
51143 -6
51144 -6
51145 -6
51146 -6
51147 -6
51148 -6
51149 -6
51150 -6
51151 -6
51152 -6
51153 -6
51154 -6
51155 -6
51156 -6
51157 -6
51158 -6
51159 -6
51160 -6
51161 -6
51162 -6
51163 -6
51164 -6
51165 -6
51166 -6
51167 -6
51168 -6
51169 -6
51170 -6
51171 -6
51172 -6
51173 -6
51174 -6
51175 -6
51176 -6
51177 -6
51178 -6
51179 -6
51180 -6
51181 -6
51182 -6
51183 -6
51184 -6
51185 -6
51186 -6
51187 -6
51188 -6
51189 -6
51190 -6
51191 -6
51192 -6
51193 -6
51194 -6
51195 -6
51196 -6
51197 -6
51198 -6
51199 -6
51200 -6
51201 -6
51202 -6
51203 -6
51204 -6
51205 -6
51206 -6
51207 -6
51208 -6
51209 -6
51210 -6
51211 -6
51212 -6
51213 -6
51214 -6
51215 -6
51216 -6
51217 -6
51218 -6
51219 -6
51220 -6
51221 -6
51222 -6
51223 -6
51224 -6
51225 -6
51226 -6
51227 -6
51228 -6
51229 -6
51230 -6
51231 -6
51232 -6
51233 -6
51234 -6
51235 -6
51236 -6
51237 -6
51238 -6
51239 -6
51240 -6
51241 -6
51242 -6
51243 -6
51244 -6
51245 -6
51246 -6
51247 -6
51248 -6
51249 -6
51250 -6
51251 -6
51252 -6
51253 -6
51254 -6
51255 -6
51256 -6
51257 -6
51258 -6
51259 -6
51260 -6
51261 -6
51262 -6
51263 -6
51264 -6
51265 -6
51266 -6
51267 -6
51268 -6
51269 -6
51270 -6
51271 -6
51272 -6
51273 -6
51274 -6
51275 -6
51276 -6
51277 -6
51278 -6
51279 -6
51280 -6
51281 -6
51282 -6
51283 -6
51284 -6
51285 -6
51286 -6
51287 -6
51288 -6
51289 -6
51290 -6
51291 -6
51292 -6
51293 -6
51294 -6
51295 -6
51296 -6
51297 -6
51298 -6
51299 -6
51300 -6
51301 -6
51302 -6
51303 -6
51304 -6
51305 -6
51306 -6
51307 -6
51308 -6
51309 -6
51310 -6
51311 -6
51312 -6
51313 -6
51314 -6
51315 -6
51316 -6
51317 -6
51318 -6
51319 -6
51320 -6
51321 -6
51322 -6
51323 -6
51324 -6
51325 -6
51326 -6
51327 -6
51328 -6
51329 -6
51330 -6
51331 -6
51332 -6
51333 -6
51334 -6
51335 -6
51336 -6
51337 -6
51338 -6
51339 -6
51340 -6
51341 -6
51342 -6
51343 -6
51344 -6
51345 -6
51346 -6
51347 -6
51348 -6
51349 -6
51350 -6
51351 -6
51352 -6
51353 -6
51354 -6
51355 -6
51356 -6
51357 -6
51358 -6
51359 -6
51360 -6
51361 -6
51362 -6
51363 -6
51364 -6
51365 -6
51366 -6
51367 -6
51368 -6
51369 -6
51370 -6
51371 -6
51372 -6
51373 -6
51374 -6
51375 -6
51376 -6
51377 -6
51378 -6
51379 -6
51380 -6
51381 -6
51382 -6
51383 -6
51384 -6
51385 -6
51386 -6
51387 -6
51388 -6
51389 -6
51390 -6
51391 -6
51392 -6
51393 -6
51394 -6
51395 -6
51396 -6
51397 -6
51398 -6
51399 -6
51400 -6
51401 -6
51402 -6
51403 -6
51404 -6
51405 -6
51406 -6
51407 -6
51408 -6
51409 -6
51410 -6
51411 -6
51412 -6
51413 -6
51414 -6
51415 -6
51416 -6
51417 -6
51418 -6
51419 -6
51420 -6
51421 -6
51422 -6
51423 -6
51424 -6
51425 -6
51426 -6
51427 -6
51428 -6
51429 -6
51430 -6
51431 -6
51432 -6
51433 -6
51434 -6
51435 -6
51436 -6
51437 -6
51438 -6
51439 -6
51440 -6
51441 -6
51442 -6
51443 -6
51444 -6
51445 -6
51446 -6
51447 -6
51448 -6
51449 -6
51450 -6
51451 -6
51452 -6
51453 -6
51454 -6
51455 -6
51456 -7
51457 -7
51458 -7
51459 -7
51460 -7
51461 -7
51462 -7
51463 -7
51464 -7
51465 -7
51466 -7
51467 -7
51468 -7
51469 -7
51470 -7
51471 -7
51472 -7
51473 -7
51474 -7
51475 -7
51476 -7
51477 -7
51478 -7
51479 -7
51480 -7
51481 -7
51482 -7
51483 -7
51484 -7
51485 -7
51486 -7
51487 -7
51488 -7
51489 -7
51490 -7
51491 -7
51492 -7
51493 -7
51494 -7
51495 -7
51496 -7
51497 -7
51498 -7
51499 -7
51500 -7
51501 -7
51502 -7
51503 -7
51504 -7
51505 -7
51506 -7
51507 -7
51508 -7
51509 -7
51510 -7
51511 -7
51512 -7
51513 -7
51514 -7
51515 -7
51516 -7
51517 -7
51518 -7
51519 -7
51520 -7
51521 -7
51522 -7
51523 -7
51524 -7
51525 -7
51526 -7
51527 -7
51528 -7
51529 -7
51530 -7
51531 -7
51532 -7
51533 -7
51534 -7
51535 -7
51536 -7
51537 -7
51538 -7
51539 -7
51540 -7
51541 -7
51542 -7
51543 -7
51544 -7
51545 -7
51546 -7
51547 -7
51548 -7
51549 -7
51550 -7
51551 -7
51552 -7
51553 -7
51554 -7
51555 -7
51556 -7
51557 -7
51558 -7
51559 -7
51560 -7
51561 -7
51562 -7
51563 -7
51564 -7
51565 -7
51566 -7
51567 -7
51568 -7
51569 -7
51570 -7
51571 -7
51572 -7
51573 -7
51574 -7
51575 -7
51576 -7
51577 -7
51578 -7
51579 -7
51580 -7
51581 -7
51582 -7
51583 -7
51584 -7
51585 -7
51586 -7
51587 -7
51588 -7
51589 -7
51590 -7
51591 -7
51592 -7
51593 -7
51594 -7
51595 -7
51596 -7
51597 -7
51598 -7
51599 -7
51600 -7
51601 -7
51602 -7
51603 -7
51604 -7
51605 -7
51606 -7
51607 -7
51608 -7
51609 -7
51610 -7
51611 -7
51612 -7
51613 -7
51614 -7
51615 -7
51616 -7
51617 -7
51618 -7
51619 -7
51620 -7
51621 -7
51622 -7
51623 -7
51624 -7
51625 -7
51626 -7
51627 -7
51628 -7
51629 -7
51630 -7
51631 -7
51632 -7
51633 -7
51634 -7
51635 -7
51636 -7
51637 -7
51638 -7
51639 -7
51640 -7
51641 -7
51642 -7
51643 -7
51644 -7
51645 -7
51646 -7
51647 -7
51648 -7
51649 -7
51650 -7
51651 -7
51652 -7
51653 -7
51654 -7
51655 -7
51656 -7
51657 -7
51658 -7
51659 -7
51660 -7
51661 -7
51662 -7
51663 -7
51664 -7
51665 -7
51666 -7
51667 -7
51668 -7
51669 -7
51670 -7
51671 -7
51672 -7
51673 -7
51674 -7
51675 -7
51676 -7
51677 -7
51678 -7
51679 -7
51680 -7
51681 -7
51682 -7
51683 -7
51684 -7
51685 -7
51686 -7
51687 -7
51688 -7
51689 -7
51690 -7
51691 -7
51692 -7
51693 -7
51694 -7
51695 -7
51696 -7
51697 -7
51698 -7
51699 -7
51700 -7
51701 -7
51702 -7
51703 -7
51704 -7
51705 -7
51706 -7
51707 -7
51708 -7
51709 -7
51710 -7
51711 -7
51712 -7
51713 -7
51714 -7
51715 -7
51716 -7
51717 -7
51718 -7
51719 -7
51720 -7
51721 -7
51722 -7
51723 -7
51724 -7
51725 -7
51726 -7
51727 -7
51728 -7
51729 -7
51730 -7
51731 -7
51732 -7
51733 -7
51734 -7
51735 -7
51736 -7
51737 -7
51738 -7
51739 -7
51740 -7
51741 -7
51742 -7
51743 -7
51744 -7
51745 -7
51746 -7
51747 -7
51748 -7
51749 -7
51750 -7
51751 -7
51752 -7
51753 -7
51754 -7
51755 -7
51756 -7
51757 -7
51758 -7
51759 -7
51760 -7
51761 -7
51762 -7
51763 -7
51764 -7
51765 -7
51766 -7
51767 -7
51768 -7
51769 -7
51770 -7
51771 -7
51772 -7
51773 -7
51774 -7
51775 -7
51776 -7
51777 -7
51778 -7
51779 -7
51780 -7
51781 -7
51782 -7
51783 -7
51784 -7
51785 -7
51786 -7
51787 -7
51788 -7
51789 -7
51790 -7
51791 -7
51792 -7
51793 -7
51794 -7
51795 -7
51796 -7
51797 -7
51798 -7
51799 -7
51800 -7
51801 -7
51802 -7
51803 -7
51804 -7
51805 -7
51806 -7
51807 -7
51808 -7
51809 -7
51810 -7
51811 -7
51812 -7
51813 -7
51814 -7
51815 -7
51816 -7
51817 -7
51818 -7
51819 -7
51820 -7
51821 -7
51822 -7
51823 -7
51824 -7
51825 -7
51826 -7
51827 -7
51828 -7
51829 -7
51830 -7
51831 -7
51832 -7
51833 -7
51834 -7
51835 -7
51836 -7
51837 -7
51838 -7
51839 -7
51840 -4
51841 -4
51842 -4
51843 -4
51844 -4
51845 -4
51846 -4
51847 -4
51848 -4
51849 -4
51850 -4
51851 -4
51852 -4
51853 -4
51854 -4
51855 -4
51856 -4
51857 -4
51858 -4
51859 -4
51860 -4
51861 -4
51862 -4
51863 -4
51864 -4
51865 -4
51866 -4
51867 -4
51868 -4
51869 -4
51870 -4
51871 -4
51872 -4
51873 -4
51874 -4
51875 -4
51876 -4
51877 -4
51878 -4
51879 -4
51880 -4
51881 -4
51882 -4
51883 -4
51884 -4
51885 -4
51886 -4
51887 -4
51888 -4
51889 -4
51890 -4
51891 -4
51892 -4
51893 -4
51894 -4
51895 -4
51896 -4
51897 -4
51898 -4
51899 -4
51900 -4
51901 -4
51902 -4
51903 -4
51904 -4
51905 -4
51906 -4
51907 -4
51908 -4
51909 -4
51910 -4
51911 -4
51912 -4
51913 -4
51914 -4
51915 -4
51916 -4
51917 -4
51918 -4
51919 -4
51920 -4
51921 -4
51922 -4
51923 -4
51924 -4
51925 -4
51926 -4
51927 -4
51928 -4
51929 -4
51930 -4
51931 -4
51932 -4
51933 -4
51934 -4
51935 -4
51936 -4
51937 -4
51938 -4
51939 -4
51940 -4
51941 -4
51942 -4
51943 -4
51944 -4
51945 -4
51946 -4
51947 -4
51948 -4
51949 -4
51950 -4
51951 -4
51952 -4
51953 -4
51954 -4
51955 -4
51956 -4
51957 -4
51958 -4
51959 -4
51960 -4
51961 -4
51962 -4
51963 -4
51964 -4
51965 -4
51966 -4
51967 -4
51968 -4
51969 -4
51970 -4
51971 -4
51972 -4
51973 -4
51974 -4
51975 -4
51976 -4
51977 -4
51978 -4
51979 -4
51980 -4
51981 -4
51982 -4
51983 -4
51984 -4
51985 -4
51986 -4
51987 -4
51988 -4
51989 -4
51990 -4
51991 -4
51992 -4
51993 -4
51994 -4
51995 -4
51996 -4
51997 -4
51998 -4
51999 -4
52000 -4
52001 -4
52002 -4
52003 -4
52004 -4
52005 -4
52006 -4
52007 -4
52008 -4
52009 -4
52010 -4
52011 -4
52012 -4
52013 -4
52014 -4
52015 -4
52016 -4
52017 -4
52018 -4
52019 -4
52020 -4
52021 -4
52022 -4
52023 -4
52024 -4
52025 -4
52026 -4
52027 -4
52028 -4
52029 -4
52030 -4
52031 -4
52032 -4
52033 -4
52034 -4
52035 -4
52036 -4
52037 -4
52038 -4
52039 -4
52040 -4
52041 -4
52042 -4
52043 -4
52044 -4
52045 -4
52046 -4
52047 -4
52048 -4
52049 -4
52050 -4
52051 -4
52052 -4
52053 -4
52054 -4
52055 -4
52056 -4
52057 -4
52058 -4
52059 -4
52060 -4
52061 -4
52062 -4
52063 -4
52064 -4
52065 -4
52066 -4
52067 -4
52068 -4
52069 -4
52070 -4
52071 -4
52072 -4
52073 -4
52074 -4
52075 -4
52076 -4
52077 -4
52078 -4
52079 -4
52080 -4
52081 -4
52082 -4
52083 -4
52084 -4
52085 -4
52086 -4
52087 -4
52088 -4
52089 -4
52090 -4
52091 -4
52092 -4
52093 -4
52094 -4
52095 -4
52096 -4
52097 -4
52098 -4
52099 -4
52100 -4
52101 -4
52102 -4
52103 -4
52104 -4
52105 -4
52106 -4
52107 -4
52108 -4
52109 -4
52110 -4
52111 -4
52112 -4
52113 -4
52114 -4
52115 -4
52116 -4
52117 -4
52118 -4
52119 -4
52120 -4
52121 -4
52122 -4
52123 -4
52124 -4
52125 -4
52126 -4
52127 -4
52128 -4
52129 -4
52130 -4
52131 -4
52132 -4
52133 -4
52134 -4
52135 -4
52136 -4
52137 -4
52138 -4
52139 -4
52140 -4
52141 -4
52142 -4
52143 -4
52144 -4
52145 -4
52146 -4
52147 -4
52148 -4
52149 -4
52150 -4
52151 -4
52152 -4
52153 -4
52154 -4
52155 -4
52156 -4
52157 -4
52158 -4
52159 -4
52160 -4
52161 -4
52162 -4
52163 -4
52164 -4
52165 -4
52166 -4
52167 -4
52168 -4
52169 -4
52170 -4
52171 -4
52172 -4
52173 -4
52174 -4
52175 -4
52176 -4
52177 -4
52178 -4
52179 -4
52180 -4
52181 -4
52182 -4
52183 -4
52184 -4
52185 -4
52186 -4
52187 -4
52188 -4
52189 -4
52190 -4
52191 -4
52192 -4
52193 -4
52194 -4
52195 -4
52196 -4
52197 -4
52198 -4
52199 -4
52200 -4
52201 -4
52202 -4
52203 -4
52204 -4
52205 -4
52206 -4
52207 -4
52208 -4
52209 -4
52210 -4
52211 -4
52212 -4
52213 -4
52214 -4
52215 -4
52216 -4
52217 -4
52218 -4
52219 -4
52220 -4
52221 -4
52222 -4
52223 -4
52224 -5
52225 -5
52226 -5
52227 -5
52228 -5
52229 -5
52230 -5
52231 -5
52232 -5
52233 -5
52234 -5
52235 -5
52236 -5
52237 -5
52238 -5
52239 -5
52240 -5
52241 -5
52242 -5
52243 -5
52244 -5
52245 -5
52246 -5
52247 -5
52248 -5
52249 -5
52250 -5
52251 -5
52252 -5
52253 -5
52254 -5
52255 -5
52256 -5
52257 -5
52258 -5
52259 -5
52260 -5
52261 -5
52262 -5
52263 -5
52264 -5
52265 -5
52266 -5
52267 -5
52268 -5
52269 -5
52270 -5
52271 -5
52272 -5
52273 -5
52274 -5
52275 -5
52276 -5
52277 -5
52278 -5
52279 -5
52280 -5
52281 -5
52282 -5
52283 -5
52284 -5
52285 -5
52286 -5
52287 -5
52288 -5
52289 -5
52290 -5
52291 -5
52292 -5
52293 -5
52294 -5
52295 -5
52296 -5
52297 -5
52298 -5
52299 -5
52300 -5
52301 -5
52302 -5
52303 -5
52304 -5
52305 -5
52306 -5
52307 -5
52308 -5
52309 -5
52310 -5
52311 -5
52312 -5
52313 -5
52314 -5
52315 -5
52316 -5
52317 -5
52318 -5
52319 -5
52320 -5
52321 -5
52322 -5
52323 -5
52324 -5
52325 -5
52326 -5
52327 -5
52328 -5
52329 -5
52330 -5
52331 -5
52332 -5
52333 -5
52334 -5
52335 -5
52336 -5
52337 -5
52338 -5
52339 -5
52340 -5
52341 -5
52342 -5
52343 -5
52344 -5
52345 -5
52346 -5
52347 -5
52348 -5
52349 -5
52350 -5
52351 -5
52352 -5
52353 -5
52354 -5
52355 -5
52356 -5
52357 -5
52358 -5
52359 -5
52360 -5
52361 -5
52362 -5
52363 -5
52364 -5
52365 -5
52366 -5
52367 -5
52368 -5
52369 -5
52370 -5
52371 -5
52372 -5
52373 -5
52374 -5
52375 -5
52376 -5
52377 -5
52378 -5
52379 -5
52380 -5
52381 -5
52382 -5
52383 -5
52384 -5
52385 -5
52386 -5
52387 -5
52388 -5
52389 -5
52390 -5
52391 -5
52392 -5
52393 -5
52394 -5
52395 -5
52396 -5
52397 -5
52398 -5
52399 -5
52400 -5
52401 -5
52402 -5
52403 -5
52404 -5
52405 -5
52406 -5
52407 -5
52408 -5
52409 -5
52410 -5
52411 -5
52412 -5
52413 -5
52414 -5
52415 -5
52416 -5
52417 -5
52418 -5
52419 -5
52420 -5
52421 -5
52422 -5
52423 -5
52424 -5
52425 -5
52426 -5
52427 -5
52428 -5
52429 -5
52430 -5
52431 -5
52432 -5
52433 -5
52434 -5
52435 -5
52436 -5
52437 -5
52438 -5
52439 -5
52440 -5
52441 -5
52442 -5
52443 -5
52444 -5
52445 -5
52446 -5
52447 -5
52448 -5
52449 -5
52450 -5
52451 -5
52452 -5
52453 -5
52454 -5
52455 -5
52456 -5
52457 -5
52458 -5
52459 -5
52460 -5
52461 -5
52462 -5
52463 -5
52464 -5
52465 -5
52466 -5
52467 -5
52468 -5
52469 -5
52470 -5
52471 -5
52472 -5
52473 -5
52474 -5
52475 -5
52476 -5
52477 -5
52478 -5
52479 -5
52480 -5
52481 -5
52482 -5
52483 -5
52484 -5
52485 -5
52486 -5
52487 -5
52488 -5
52489 -5
52490 -5
52491 -5
52492 -5
52493 -5
52494 -5
52495 -5
52496 -5
52497 -5
52498 -5
52499 -5
52500 -5
52501 -5
52502 -5
52503 -5
52504 -5
52505 -5
52506 -5
52507 -5
52508 -5
52509 -5
52510 -5
52511 -5
52512 -5
52513 -5
52514 -5
52515 -5
52516 -5
52517 -5
52518 -5
52519 -5
52520 -5
52521 -5
52522 -5
52523 -5
52524 -5
52525 -5
52526 -5
52527 -5
52528 -5
52529 -5
52530 -5
52531 -5
52532 -5
52533 -5
52534 -5
52535 -5
52536 -5
52537 -5
52538 -5
52539 -5
52540 -5
52541 -5
52542 -5
52543 -5
52544 -5
52545 -5
52546 -5
52547 -5
52548 -5
52549 -5
52550 -5
52551 -5
52552 -5
52553 -5
52554 -5
52555 -5
52556 -5
52557 -5
52558 -5
52559 -5
52560 -5
52561 -5
52562 -5
52563 -5
52564 -5
52565 -5
52566 -5
52567 -5
52568 -5
52569 -5
52570 -5
52571 -5
52572 -5
52573 -5
52574 -5
52575 -5
52576 -5
52577 -5
52578 -5
52579 -5
52580 -5
52581 -5
52582 -5
52583 -5
52584 -5
52585 -5
52586 -5
52587 -5
52588 -5
52589 -5
52590 -5
52591 -5
52592 -5
52593 -5
52594 -5
52595 -5
52596 -5
52597 -5
52598 -5
52599 -5
52600 -5
52601 -5
52602 -5
52603 -5
52604 -5
52605 -5
52606 -5
52607 -5
52608 -5
52609 -5
52610 -5
52611 -5
52612 -5
52613 -5
52614 -5
52615 -5
52616 -5
52617 -5
52618 -5
52619 -5
52620 -5
52621 -5
52622 -5
52623 -5
52624 -5
52625 -5
52626 -5
52627 -5
52628 -5
52629 -5
52630 -5
52631 -5
52632 -5
52633 -5
52634 -5
52635 -5
52636 -5
52637 -5
52638 -5
52639 -5
52640 -5
52641 -5
52642 -5
52643 -5
52644 -5
52645 -5
52646 -5
52647 -5
52648 -5
52649 -5
52650 -5
52651 -5
52652 -5
52653 -5
52654 -5
52655 -5
52656 -5
52657 -5
52658 -5
52659 -5
52660 -5
52661 -5
52662 -5
52663 -5
52664 -5
52665 -5
52666 -5
52667 -5
52668 -5
52669 -5
52670 -5
52671 -5
52672 -5
52673 -5
52674 -5
52675 -5
52676 -5
52677 -5
52678 -5
52679 -5
52680 -5
52681 -5
52682 -5
52683 -5
52684 -5
52685 -5
52686 -5
52687 -5
52688 -5
52689 -5
52690 -5
52691 -5
52692 -5
52693 -5
52694 -5
52695 -5
52696 -5
52697 -5
52698 -5
52699 -5
52700 -5
52701 -5
52702 -5
52703 -5
52704 -5
52705 -5
52706 -5
52707 -5
52708 -5
52709 -5
52710 -5
52711 -5
52712 -5
52713 -5
52714 -5
52715 -5
52716 -5
52717 -5
52718 -5
52719 -5
52720 -5
52721 -5
52722 -5
52723 -5
52724 -5
52725 -5
52726 -5
52727 -5
52728 -5
52729 -5
52730 -5
52731 -5
52732 -5
52733 -5
52734 -5
52735 -5
52736 -5
52737 -5
52738 -5
52739 -5
52740 -5
52741 -5
52742 -5
52743 -5
52744 -5
52745 -5
52746 -5
52747 -5
52748 -5
52749 -5
52750 -5
52751 -5
52752 -5
52753 -5
52754 -5
52755 -5
52756 -5
52757 -5
52758 -5
52759 -5
52760 -5
52761 -5
52762 -5
52763 -5
52764 -5
52765 -5
52766 -5
52767 -5
52768 -5
52769 -5
52770 -5
52771 -5
52772 -5
52773 -5
52774 -5
52775 -5
52776 -5
52777 -5
52778 -5
52779 -5
52780 -5
52781 -5
52782 -5
52783 -5
52784 -5
52785 -5
52786 -5
52787 -5
52788 -5
52789 -5
52790 -5
52791 -5
52792 -5
52793 -5
52794 -5
52795 -5
52796 -5
52797 -5
52798 -5
52799 -5
52800 -5
52801 -5
52802 -5
52803 -5
52804 -5
52805 -5
52806 -5
52807 -5
52808 -5
52809 -5
52810 -5
52811 -5
52812 -5
52813 -5
52814 -5
52815 -5
52816 -5
52817 -5
52818 -5
52819 -5
52820 -5
52821 -5
52822 -5
52823 -5
52824 -5
52825 -5
52826 -5
52827 -5
52828 -5
52829 -5
52830 -5
52831 -5
52832 -5
52833 -5
52834 -5
52835 -5
52836 -5
52837 -5
52838 -5
52839 -5
52840 -5
52841 -5
52842 -5
52843 -5
52844 -5
52845 -5
52846 -5
52847 -5
52848 -5
52849 -5
52850 -5
52851 -5
52852 -5
52853 -5
52854 -5
52855 -5
52856 -5
52857 -5
52858 -5
52859 -5
52860 -5
52861 -5
52862 -5
52863 -5
52864 -5
52865 -5
52866 -5
52867 -5
52868 -5
52869 -5
52870 -5
52871 -5
52872 -5
52873 -5
52874 -5
52875 -5
52876 -5
52877 -5
52878 -5
52879 -5
52880 -5
52881 -5
52882 -5
52883 -5
52884 -5
52885 -5
52886 -5
52887 -5
52888 -5
52889 -5
52890 -5
52891 -5
52892 -5
52893 -5
52894 -5
52895 -5
52896 -5
52897 -5
52898 -5
52899 -5
52900 -5
52901 -5
52902 -5
52903 -5
52904 -5
52905 -5
52906 -5
52907 -5
52908 -5
52909 -5
52910 -5
52911 -5
52912 -5
52913 -5
52914 -5
52915 -5
52916 -5
52917 -5
52918 -5
52919 -5
52920 -5
52921 -5
52922 -5
52923 -5
52924 -5
52925 -5
52926 -5
52927 -5
52928 -5
52929 -5
52930 -5
52931 -5
52932 -5
52933 -5
52934 -5
52935 -5
52936 -5
52937 -5
52938 -5
52939 -5
52940 -5
52941 -5
52942 -5
52943 -5
52944 -5
52945 -5
52946 -5
52947 -5
52948 -5
52949 -5
52950 -5
52951 -5
52952 -5
52953 -5
52954 -5
52955 -5
52956 -5
52957 -5
52958 -5
52959 -5
52960 -5
52961 -5
52962 -5
52963 -5
52964 -5
52965 -5
52966 -5
52967 -5
52968 -5
52969 -5
52970 -5
52971 -5
52972 -5
52973 -5
52974 -5
52975 -5
52976 -5
52977 -5
52978 -5
52979 -5
52980 -5
52981 -5
52982 -5
52983 -5
52984 -5
52985 -5
52986 -5
52987 -5
52988 -5
52989 -5
52990 -5
52991 -5
52992 -5
52993 -5
52994 -5
52995 -5
52996 -5
52997 -5
52998 -5
52999 -5
53000 -5
53001 -5
53002 -5
53003 -5
53004 -5
53005 -5
53006 -5
53007 -5
53008 -5
53009 -5
53010 -5
53011 -5
53012 -5
53013 -5
53014 -5
53015 -5
53016 -5
53017 -5
53018 -5
53019 -5
53020 -5
53021 -5
53022 -5
53023 -5
53024 -5
53025 -5
53026 -5
53027 -5
53028 -5
53029 -5
53030 -5
53031 -5
53032 -5
53033 -5
53034 -5
53035 -5
53036 -5
53037 -5
53038 -5
53039 -5
53040 -5
53041 -5
53042 -5
53043 -5
53044 -5
53045 -5
53046 -5
53047 -5
53048 -5
53049 -5
53050 -5
53051 -5
53052 -5
53053 -5
53054 -5
53055 -5
53056 -5
53057 -5
53058 -5
53059 -5
53060 -5
53061 -5
53062 -5
53063 -5
53064 -5
53065 -5
53066 -5
53067 -5
53068 -5
53069 -5
53070 -5
53071 -5
53072 -5
53073 -5
53074 -5
53075 -5
53076 -5
53077 -5
53078 -5
53079 -5
53080 -5
53081 -5
53082 -5
53083 -5
53084 -5
53085 -5
53086 -5
53087 -5
53088 -5
53089 -5
53090 -5
53091 -5
53092 -5
53093 -5
53094 -5
53095 -5
53096 -5
53097 -5
53098 -5
53099 -5
53100 -5
53101 -5
53102 -5
53103 -5
53104 -5
53105 -5
53106 -5
53107 -5
53108 -5
53109 -5
53110 -5
53111 -5
53112 -5
53113 -5
53114 -5
53115 -5
53116 -5
53117 -5
53118 -5
53119 -5
53120 -5
53121 -5
53122 -5
53123 -5
53124 -5
53125 -5
53126 -5
53127 -5
53128 -5
53129 -5
53130 -5
53131 -5
53132 -5
53133 -5
53134 -5
53135 -5
53136 -5
53137 -5
53138 -5
53139 -5
53140 -5
53141 -5
53142 -5
53143 -5
53144 -5
53145 -5
53146 -5
53147 -5
53148 -5
53149 -5
53150 -5
53151 -5
53152 -5
53153 -5
53154 -5
53155 -5
53156 -5
53157 -5
53158 -5
53159 -5
53160 -5
53161 -5
53162 -5
53163 -5
53164 -5
53165 -5
53166 -5
53167 -5
53168 -5
53169 -5
53170 -5
53171 -5
53172 -5
53173 -5
53174 -5
53175 -5
53176 -5
53177 -5
53178 -5
53179 -5
53180 -5
53181 -5
53182 -5
53183 -5
53184 -5
53185 -5
53186 -5
53187 -5
53188 -5
53189 -5
53190 -5
53191 -5
53192 -5
53193 -5
53194 -5
53195 -5
53196 -5
53197 -5
53198 -5
53199 -5
53200 -5
53201 -5
53202 -5
53203 -5
53204 -5
53205 -5
53206 -5
53207 -5
53208 -5
53209 -5
53210 -5
53211 -5
53212 -5
53213 -5
53214 -5
53215 -5
53216 -5
53217 -5
53218 -5
53219 -5
53220 -5
53221 -5
53222 -5
53223 -5
53224 -5
53225 -5
53226 -5
53227 -5
53228 -5
53229 -5
53230 -5
53231 -5
53232 -5
53233 -5
53234 -5
53235 -5
53236 -5
53237 -5
53238 -5
53239 -5
53240 -5
53241 -5
53242 -5
53243 -5
53244 -5
53245 -5
53246 -5
53247 -5
53248 -5
53249 -5
53250 -5
53251 -5
53252 -5
53253 -5
53254 -5
53255 -5
53256 -5
53257 -5
53258 -5
53259 -5
53260 -5
53261 -5
53262 -5
53263 -5
53264 -5
53265 -5
53266 -5
53267 -5
53268 -5
53269 -5
53270 -5
53271 -5
53272 -5
53273 -5
53274 -5
53275 -5
53276 -5
53277 -5
53278 -5
53279 -5
53280 -5
53281 -5
53282 -5
53283 -5
53284 -5
53285 -5
53286 -5
53287 -5
53288 -5
53289 -5
53290 -5
53291 -5
53292 -5
53293 -5
53294 -5
53295 -5
53296 -5
53297 -5
53298 -5
53299 -5
53300 -5
53301 -5
53302 -5
53303 -5
53304 -5
53305 -5
53306 -5
53307 -5
53308 -5
53309 -5
53310 -5
53311 -5
53312 -5
53313 -5
53314 -5
53315 -5
53316 -5
53317 -5
53318 -5
53319 -5
53320 -5
53321 -5
53322 -5
53323 -5
53324 -5
53325 -5
53326 -5
53327 -5
53328 -5
53329 -5
53330 -5
53331 -5
53332 -5
53333 -5
53334 -5
53335 -5
53336 -5
53337 -5
53338 -5
53339 -5
53340 -5
53341 -5
53342 -5
53343 -5
53344 -5
53345 -5
53346 -5
53347 -5
53348 -5
53349 -5
53350 -5
53351 -5
53352 -5
53353 -5
53354 -5
53355 -5
53356 -5
53357 -5
53358 -5
53359 -5
53360 -5
53361 -5
53362 -5
53363 -5
53364 -5
53365 -5
53366 -5
53367 -5
53368 -5
53369 -5
53370 -5
53371 -5
53372 -5
53373 -5
53374 -5
53375 -5
53376 -5
53377 -5
53378 -5
53379 -5
53380 -5
53381 -5
53382 -5
53383 -5
53384 -5
53385 -5
53386 -5
53387 -5
53388 -5
53389 -5
53390 -5
53391 -5
53392 -5
53393 -5
53394 -5
53395 -5
53396 -5
53397 -5
53398 -5
53399 -5
53400 -5
53401 -5
53402 -5
53403 -5
53404 -5
53405 -5
53406 -5
53407 -5
53408 -5
53409 -5
53410 -5
53411 -5
53412 -5
53413 -5
53414 -5
53415 -5
53416 -5
53417 -5
53418 -5
53419 -5
53420 -5
53421 -5
53422 -5
53423 -5
53424 -5
53425 -5
53426 -5
53427 -5
53428 -5
53429 -5
53430 -5
53431 -5
53432 -5
53433 -5
53434 -5
53435 -5
53436 -5
53437 -5
53438 -5
53439 -5
53440 -5
53441 -5
53442 -5
53443 -5
53444 -5
53445 -5
53446 -5
53447 -5
53448 -5
53449 -5
53450 -5
53451 -5
53452 -5
53453 -5
53454 -5
53455 -5
53456 -5
53457 -5
53458 -5
53459 -5
53460 -5
53461 -5
53462 -5
53463 -5
53464 -5
53465 -5
53466 -5
53467 -5
53468 -5
53469 -5
53470 -5
53471 -5
53472 -5
53473 -5
53474 -5
53475 -5
53476 -5
53477 -5
53478 -5
53479 -5
53480 -5
53481 -5
53482 -5
53483 -5
53484 -5
53485 -5
53486 -5
53487 -5
53488 -5
53489 -5
53490 -5
53491 -5
53492 -5
53493 -5
53494 -5
53495 -5
53496 -5
53497 -5
53498 -5
53499 -5
53500 -5
53501 -5
53502 -5
53503 -5
53504 -5
53505 -5
53506 -5
53507 -5
53508 -5
53509 -5
53510 -5
53511 -5
53512 -5
53513 -5
53514 -5
53515 -5
53516 -5
53517 -5
53518 -5
53519 -5
53520 -5
53521 -5
53522 -5
53523 -5
53524 -5
53525 -5
53526 -5
53527 -5
53528 -5
53529 -5
53530 -5
53531 -5
53532 -5
53533 -5
53534 -5
53535 -5
53536 -5
53537 -5
53538 -5
53539 -5
53540 -5
53541 -5
53542 -5
53543 -5
53544 -5
53545 -5
53546 -5
53547 -5
53548 -5
53549 -5
53550 -5
53551 -5
53552 -5
53553 -5
53554 -5
53555 -5
53556 -5
53557 -5
53558 -5
53559 -5
53560 -5
53561 -5
53562 -5
53563 -5
53564 -5
53565 -5
53566 -5
53567 -5
53568 -6
53569 -6
53570 -6
53571 -6
53572 -6
53573 -6
53574 -6
53575 -6
53576 -6
53577 -6
53578 -6
53579 -6
53580 -6
53581 -6
53582 -6
53583 -6
53584 -6
53585 -6
53586 -6
53587 -6
53588 -6
53589 -6
53590 -6
53591 -6
53592 -6
53593 -6
53594 -6
53595 -6
53596 -6
53597 -6
53598 -6
53599 -6
53600 -6
53601 -6
53602 -6
53603 -6
53604 -6
53605 -6
53606 -6
53607 -6
53608 -6
53609 -6
53610 -6
53611 -6
53612 -6
53613 -6
53614 -6
53615 -6
53616 -6
53617 -6
53618 -6
53619 -6
53620 -6
53621 -6
53622 -6
53623 -6
53624 -6
53625 -6
53626 -6
53627 -6
53628 -6
53629 -6
53630 -6
53631 -6
53632 -6
53633 -6
53634 -6
53635 -6
53636 -6
53637 -6
53638 -6
53639 -6
53640 -6
53641 -6
53642 -6
53643 -6
53644 -6
53645 -6
53646 -6
53647 -6
53648 -6
53649 -6
53650 -6
53651 -6
53652 -6
53653 -6
53654 -6
53655 -6
53656 -6
53657 -6
53658 -6
53659 -6
53660 -6
53661 -6
53662 -6
53663 -6
53664 -6
53665 -6
53666 -6
53667 -6
53668 -6
53669 -6
53670 -6
53671 -6
53672 -6
53673 -6
53674 -6
53675 -6
53676 -6
53677 -6
53678 -6
53679 -6
53680 -6
53681 -6
53682 -6
53683 -6
53684 -6
53685 -6
53686 -6
53687 -6
53688 -6
53689 -6
53690 -6
53691 -6
53692 -6
53693 -6
53694 -6
53695 -6
53696 -6
53697 -6
53698 -6
53699 -6
53700 -6
53701 -6
53702 -6
53703 -6
53704 -6
53705 -6
53706 -6
53707 -6
53708 -6
53709 -6
53710 -6
53711 -6
53712 -6
53713 -6
53714 -6
53715 -6
53716 -6
53717 -6
53718 -6
53719 -6
53720 -6
53721 -6
53722 -6
53723 -6
53724 -6
53725 -6
53726 -6
53727 -6
53728 -6
53729 -6
53730 -6
53731 -6
53732 -6
53733 -6
53734 -6
53735 -6
53736 -6
53737 -6
53738 -6
53739 -6
53740 -6
53741 -6
53742 -6
53743 -6
53744 -6
53745 -6
53746 -6
53747 -6
53748 -6
53749 -6
53750 -6
53751 -6
53752 -6
53753 -6
53754 -6
53755 -6
53756 -6
53757 -6
53758 -6
53759 -6
53760 -6
53761 -6
53762 -6
53763 -6
53764 -6
53765 -6
53766 -6
53767 -6
53768 -6
53769 -6
53770 -6
53771 -6
53772 -6
53773 -6
53774 -6
53775 -6
53776 -6
53777 -6
53778 -6
53779 -6
53780 -6
53781 -6
53782 -6
53783 -6
53784 -6
53785 -6
53786 -6
53787 -6
53788 -6
53789 -6
53790 -6
53791 -6
53792 -6
53793 -6
53794 -6
53795 -6
53796 -6
53797 -6
53798 -6
53799 -6
53800 -6
53801 -6
53802 -6
53803 -6
53804 -6
53805 -6
53806 -6
53807 -6
53808 -6
53809 -6
53810 -6
53811 -6
53812 -6
53813 -6
53814 -6
53815 -6
53816 -6
53817 -6
53818 -6
53819 -6
53820 -6
53821 -6
53822 -6
53823 -6
53824 -6
53825 -6
53826 -6
53827 -6
53828 -6
53829 -6
53830 -6
53831 -6
53832 -6
53833 -6
53834 -6
53835 -6
53836 -6
53837 -6
53838 -6
53839 -6
53840 -6
53841 -6
53842 -6
53843 -6
53844 -6
53845 -6
53846 -6
53847 -6
53848 -6
53849 -6
53850 -6
53851 -6
53852 -6
53853 -6
53854 -6
53855 -6
53856 -6
53857 -6
53858 -6
53859 -6
53860 -6
53861 -6
53862 -6
53863 -6
53864 -6
53865 -6
53866 -6
53867 -6
53868 -6
53869 -6
53870 -6
53871 -6
53872 -6
53873 -6
53874 -6
53875 -6
53876 -6
53877 -6
53878 -6
53879 -6
53880 -6
53881 -6
53882 -6
53883 -6
53884 -6
53885 -6
53886 -6
53887 -6
53888 -6
53889 -6
53890 -6
53891 -6
53892 -6
53893 -6
53894 -6
53895 -6
53896 -6
53897 -6
53898 -6
53899 -6
53900 -6
53901 -6
53902 -6
53903 -6
53904 -6
53905 -6
53906 -6
53907 -6
53908 -6
53909 -6
53910 -6
53911 -6
53912 -6
53913 -6
53914 -6
53915 -6
53916 -6
53917 -6
53918 -6
53919 -6
53920 -6
53921 -6
53922 -6
53923 -6
53924 -6
53925 -6
53926 -6
53927 -6
53928 -6
53929 -6
53930 -6
53931 -6
53932 -6
53933 -6
53934 -6
53935 -6
53936 -6
53937 -6
53938 -6
53939 -6
53940 -6
53941 -6
53942 -6
53943 -6
53944 -6
53945 -6
53946 -6
53947 -6
53948 -6
53949 -6
53950 -6
53951 -6
53952 -6
53953 -6
53954 -6
53955 -6
53956 -6
53957 -6
53958 -6
53959 -6
53960 -6
53961 -6
53962 -6
53963 -6
53964 -6
53965 -6
53966 -6
53967 -6
53968 -6
53969 -6
53970 -6
53971 -6
53972 -6
53973 -6
53974 -6
53975 -6
53976 -6
53977 -6
53978 -6
53979 -6
53980 -6
53981 -6
53982 -6
53983 -6
53984 -6
53985 -6
53986 -6
53987 -6
53988 -6
53989 -6
53990 -6
53991 -6
53992 -6
53993 -6
53994 -6
53995 -6
53996 -6
53997 -6
53998 -6
53999 -6
54000 -6
54001 -6
54002 -6
54003 -6
54004 -6
54005 -6
54006 -6
54007 -6
54008 -6
54009 -6
54010 -6
54011 -6
54012 -6
54013 -6
54014 -6
54015 -6
54016 -6
54017 -6
54018 -6
54019 -6
54020 -6
54021 -6
54022 -6
54023 -6
54024 -6
54025 -6
54026 -6
54027 -6
54028 -6
54029 -6
54030 -6
54031 -6
54032 -6
54033 -6
54034 -6
54035 -6
54036 -6
54037 -6
54038 -6
54039 -6
54040 -6
54041 -6
54042 -6
54043 -6
54044 -6
54045 -6
54046 -6
54047 -6
54048 -6
54049 -6
54050 -6
54051 -6
54052 -6
54053 -6
54054 -6
54055 -6
54056 -6
54057 -6
54058 -6
54059 -6
54060 -6
54061 -6
54062 -6
54063 -6
54064 -6
54065 -6
54066 -6
54067 -6
54068 -6
54069 -6
54070 -6
54071 -6
54072 -6
54073 -6
54074 -6
54075 -6
54076 -6
54077 -6
54078 -6
54079 -6
54080 -6
54081 -6
54082 -6
54083 -6
54084 -6
54085 -6
54086 -6
54087 -6
54088 -6
54089 -6
54090 -6
54091 -6
54092 -6
54093 -6
54094 -6
54095 -6
54096 -6
54097 -6
54098 -6
54099 -6
54100 -6
54101 -6
54102 -6
54103 -6
54104 -6
54105 -6
54106 -6
54107 -6
54108 -6
54109 -6
54110 -6
54111 -6
54112 -6
54113 -6
54114 -6
54115 -6
54116 -6
54117 -6
54118 -6
54119 -6
54120 -6
54121 -6
54122 -6
54123 -6
54124 -6
54125 -6
54126 -6
54127 -6
54128 -6
54129 -6
54130 -6
54131 -6
54132 -6
54133 -6
54134 -6
54135 -6
54136 -6
54137 -6
54138 -6
54139 -6
54140 -6
54141 -6
54142 -6
54143 -6
54144 -6
54145 -6
54146 -6
54147 -6
54148 -6
54149 -6
54150 -6
54151 -6
54152 -6
54153 -6
54154 -6
54155 -6
54156 -6
54157 -6
54158 -6
54159 -6
54160 -6
54161 -6
54162 -6
54163 -6
54164 -6
54165 -6
54166 -6
54167 -6
54168 -6
54169 -6
54170 -6
54171 -6
54172 -6
54173 -6
54174 -6
54175 -6
54176 -6
54177 -6
54178 -6
54179 -6
54180 -6
54181 -6
54182 -6
54183 -6
54184 -6
54185 -6
54186 -6
54187 -6
54188 -6
54189 -6
54190 -6
54191 -6
54192 -6
54193 -6
54194 -6
54195 -6
54196 -6
54197 -6
54198 -6
54199 -6
54200 -6
54201 -6
54202 -6
54203 -6
54204 -6
54205 -6
54206 -6
54207 -6
54208 -6
54209 -6
54210 -6
54211 -6
54212 -6
54213 -6
54214 -6
54215 -6
54216 -6
54217 -6
54218 -6
54219 -6
54220 -6
54221 -6
54222 -6
54223 -6
54224 -6
54225 -6
54226 -6
54227 -6
54228 -6
54229 -6
54230 -6
54231 -6
54232 -6
54233 -6
54234 -6
54235 -6
54236 -6
54237 -6
54238 -6
54239 -6
54240 -6
54241 -6
54242 -6
54243 -6
54244 -6
54245 -6
54246 -6
54247 -6
54248 -6
54249 -6
54250 -6
54251 -6
54252 -6
54253 -6
54254 -6
54255 -6
54256 -6
54257 -6
54258 -6
54259 -6
54260 -6
54261 -6
54262 -6
54263 -6
54264 -6
54265 -6
54266 -6
54267 -6
54268 -6
54269 -6
54270 -6
54271 -6
54272 -6
54273 -6
54274 -6
54275 -6
54276 -6
54277 -6
54278 -6
54279 -6
54280 -6
54281 -6
54282 -6
54283 -6
54284 -6
54285 -6
54286 -6
54287 -6
54288 -6
54289 -6
54290 -6
54291 -6
54292 -6
54293 -6
54294 -6
54295 -6
54296 -6
54297 -6
54298 -6
54299 -6
54300 -6
54301 -6
54302 -6
54303 -6
54304 -6
54305 -6
54306 -6
54307 -6
54308 -6
54309 -6
54310 -6
54311 -6
54312 -6
54313 -6
54314 -6
54315 -6
54316 -6
54317 -6
54318 -6
54319 -6
54320 -6
54321 -6
54322 -6
54323 -6
54324 -6
54325 -6
54326 -6
54327 -6
54328 -6
54329 -6
54330 -6
54331 -6
54332 -6
54333 -6
54334 -6
54335 -6
54336 -6
54337 -6
54338 -6
54339 -6
54340 -6
54341 -6
54342 -6
54343 -6
54344 -6
54345 -6
54346 -6
54347 -6
54348 -6
54349 -6
54350 -6
54351 -6
54352 -6
54353 -6
54354 -6
54355 -6
54356 -6
54357 -6
54358 -6
54359 -6
54360 -6
54361 -6
54362 -6
54363 -6
54364 -6
54365 -6
54366 -6
54367 -6
54368 -6
54369 -6
54370 -6
54371 -6
54372 -6
54373 -6
54374 -6
54375 -6
54376 -6
54377 -6
54378 -6
54379 -6
54380 -6
54381 -6
54382 -6
54383 -6
54384 -6
54385 -6
54386 -6
54387 -6
54388 -6
54389 -6
54390 -6
54391 -6
54392 -6
54393 -6
54394 -6
54395 -6
54396 -6
54397 -6
54398 -6
54399 -6
54400 -6
54401 -6
54402 -6
54403 -6
54404 -6
54405 -6
54406 -6
54407 -6
54408 -6
54409 -6
54410 -6
54411 -6
54412 -6
54413 -6
54414 -6
54415 -6
54416 -6
54417 -6
54418 -6
54419 -6
54420 -6
54421 -6
54422 -6
54423 -6
54424 -6
54425 -6
54426 -6
54427 -6
54428 -6
54429 -6
54430 -6
54431 -6
54432 -6
54433 -6
54434 -6
54435 -6
54436 -6
54437 -6
54438 -6
54439 -6
54440 -6
54441 -6
54442 -6
54443 -6
54444 -6
54445 -6
54446 -6
54447 -6
54448 -6
54449 -6
54450 -6
54451 -6
54452 -6
54453 -6
54454 -6
54455 -6
54456 -6
54457 -6
54458 -6
54459 -6
54460 -6
54461 -6
54462 -6
54463 -6
54464 -6
54465 -6
54466 -6
54467 -6
54468 -6
54469 -6
54470 -6
54471 -6
54472 -6
54473 -6
54474 -6
54475 -6
54476 -6
54477 -6
54478 -6
54479 -6
54480 -6
54481 -6
54482 -6
54483 -6
54484 -6
54485 -6
54486 -6
54487 -6
54488 -6
54489 -6
54490 -6
54491 -6
54492 -6
54493 -6
54494 -6
54495 -6
54496 -6
54497 -6
54498 -6
54499 -6
54500 -6
54501 -6
54502 -6
54503 -6
54504 -6
54505 -6
54506 -6
54507 -6
54508 -6
54509 -6
54510 -6
54511 -6
54512 -6
54513 -6
54514 -6
54515 -6
54516 -6
54517 -6
54518 -6
54519 -6
54520 -6
54521 -6
54522 -6
54523 -6
54524 -6
54525 -6
54526 -6
54527 -6
54528 -7
54529 -7
54530 -7
54531 -7
54532 -7
54533 -7
54534 -7
54535 -7
54536 -7
54537 -7
54538 -7
54539 -7
54540 -7
54541 -7
54542 -7
54543 -7
54544 -7
54545 -7
54546 -7
54547 -7
54548 -7
54549 -7
54550 -7
54551 -7
54552 -7
54553 -7
54554 -7
54555 -7
54556 -7
54557 -7
54558 -7
54559 -7
54560 -7
54561 -7
54562 -7
54563 -7
54564 -7
54565 -7
54566 -7
54567 -7
54568 -7
54569 -7
54570 -7
54571 -7
54572 -7
54573 -7
54574 -7
54575 -7
54576 -7
54577 -7
54578 -7
54579 -7
54580 -7
54581 -7
54582 -7
54583 -7
54584 -7
54585 -7
54586 -7
54587 -7
54588 -7
54589 -7
54590 -7
54591 -7
54592 -7
54593 -7
54594 -7
54595 -7
54596 -7
54597 -7
54598 -7
54599 -7
54600 -7
54601 -7
54602 -7
54603 -7
54604 -7
54605 -7
54606 -7
54607 -7
54608 -7
54609 -7
54610 -7
54611 -7
54612 -7
54613 -7
54614 -7
54615 -7
54616 -7
54617 -7
54618 -7
54619 -7
54620 -7
54621 -7
54622 -7
54623 -7
54624 -7
54625 -7
54626 -7
54627 -7
54628 -7
54629 -7
54630 -7
54631 -7
54632 -7
54633 -7
54634 -7
54635 -7
54636 -7
54637 -7
54638 -7
54639 -7
54640 -7
54641 -7
54642 -7
54643 -7
54644 -7
54645 -7
54646 -7
54647 -7
54648 -7
54649 -7
54650 -7
54651 -7
54652 -7
54653 -7
54654 -7
54655 -7
54656 -7
54657 -7
54658 -7
54659 -7
54660 -7
54661 -7
54662 -7
54663 -7
54664 -7
54665 -7
54666 -7
54667 -7
54668 -7
54669 -7
54670 -7
54671 -7
54672 -7
54673 -7
54674 -7
54675 -7
54676 -7
54677 -7
54678 -7
54679 -7
54680 -7
54681 -7
54682 -7
54683 -7
54684 -7
54685 -7
54686 -7
54687 -7
54688 -7
54689 -7
54690 -7
54691 -7
54692 -7
54693 -7
54694 -7
54695 -7
54696 -7
54697 -7
54698 -7
54699 -7
54700 -7
54701 -7
54702 -7
54703 -7
54704 -7
54705 -7
54706 -7
54707 -7
54708 -7
54709 -7
54710 -7
54711 -7
54712 -7
54713 -7
54714 -7
54715 -7
54716 -7
54717 -7
54718 -7
54719 -7
54720 -7
54721 -7
54722 -7
54723 -7
54724 -7
54725 -7
54726 -7
54727 -7
54728 -7
54729 -7
54730 -7
54731 -7
54732 -7
54733 -7
54734 -7
54735 -7
54736 -7
54737 -7
54738 -7
54739 -7
54740 -7
54741 -7
54742 -7
54743 -7
54744 -7
54745 -7
54746 -7
54747 -7
54748 -7
54749 -7
54750 -7
54751 -7
54752 -7
54753 -7
54754 -7
54755 -7
54756 -7
54757 -7
54758 -7
54759 -7
54760 -7
54761 -7
54762 -7
54763 -7
54764 -7
54765 -7
54766 -7
54767 -7
54768 -7
54769 -7
54770 -7
54771 -7
54772 -7
54773 -7
54774 -7
54775 -7
54776 -7
54777 -7
54778 -7
54779 -7
54780 -7
54781 -7
54782 -7
54783 -7
54784 -7
54785 -7
54786 -7
54787 -7
54788 -7
54789 -7
54790 -7
54791 -7
54792 -7
54793 -7
54794 -7
54795 -7
54796 -7
54797 -7
54798 -7
54799 -7
54800 -7
54801 -7
54802 -7
54803 -7
54804 -7
54805 -7
54806 -7
54807 -7
54808 -7
54809 -7
54810 -7
54811 -7
54812 -7
54813 -7
54814 -7
54815 -7
54816 -7
54817 -7
54818 -7
54819 -7
54820 -7
54821 -7
54822 -7
54823 -7
54824 -7
54825 -7
54826 -7
54827 -7
54828 -7
54829 -7
54830 -7
54831 -7
54832 -7
54833 -7
54834 -7
54835 -7
54836 -7
54837 -7
54838 -7
54839 -7
54840 -7
54841 -7
54842 -7
54843 -7
54844 -7
54845 -7
54846 -7
54847 -7
54848 -7
54849 -7
54850 -7
54851 -7
54852 -7
54853 -7
54854 -7
54855 -7
54856 -7
54857 -7
54858 -7
54859 -7
54860 -7
54861 -7
54862 -7
54863 -7
54864 -7
54865 -7
54866 -7
54867 -7
54868 -7
54869 -7
54870 -7
54871 -7
54872 -7
54873 -7
54874 -7
54875 -7
54876 -7
54877 -7
54878 -7
54879 -7
54880 -7
54881 -7
54882 -7
54883 -7
54884 -7
54885 -7
54886 -7
54887 -7
54888 -7
54889 -7
54890 -7
54891 -7
54892 -7
54893 -7
54894 -7
54895 -7
54896 -7
54897 -7
54898 -7
54899 -7
54900 -7
54901 -7
54902 -7
54903 -7
54904 -7
54905 -7
54906 -7
54907 -7
54908 -7
54909 -7
54910 -7
54911 -7
54912 -6
54913 -6
54914 -6
54915 -6
54916 -6
54917 -6
54918 -6
54919 -6
54920 -6
54921 -6
54922 -6
54923 -6
54924 -6
54925 -6
54926 -6
54927 -6
54928 -6
54929 -6
54930 -6
54931 -6
54932 -6
54933 -6
54934 -6
54935 -6
54936 -6
54937 -6
54938 -6
54939 -6
54940 -6
54941 -6
54942 -6
54943 -6
54944 -6
54945 -6
54946 -6
54947 -6
54948 -6
54949 -6
54950 -6
54951 -6
54952 -6
54953 -6
54954 -6
54955 -6
54956 -6
54957 -6
54958 -6
54959 -6
54960 -6
54961 -6
54962 -6
54963 -6
54964 -6
54965 -6
54966 -6
54967 -6
54968 -6
54969 -6
54970 -6
54971 -6
54972 -6
54973 -6
54974 -6
54975 -6
54976 -6
54977 -6
54978 -6
54979 -6
54980 -6
54981 -6
54982 -6
54983 -6
54984 -6
54985 -6
54986 -6
54987 -6
54988 -6
54989 -6
54990 -6
54991 -6
54992 -6
54993 -6
54994 -6
54995 -6
54996 -6
54997 -6
54998 -6
54999 -6
55000 -6
55001 -6
55002 -6
55003 -6
55004 -6
55005 -6
55006 -6
55007 -6
55008 -6
55009 -6
55010 -6
55011 -6
55012 -6
55013 -6
55014 -6
55015 -6
55016 -6
55017 -6
55018 -6
55019 -6
55020 -6
55021 -6
55022 -6
55023 -6
55024 -6
55025 -6
55026 -6
55027 -6
55028 -6
55029 -6
55030 -6
55031 -6
55032 -6
55033 -6
55034 -6
55035 -6
55036 -6
55037 -6
55038 -6
55039 -6
55040 -6
55041 -6
55042 -6
55043 -6
55044 -6
55045 -6
55046 -6
55047 -6
55048 -6
55049 -6
55050 -6
55051 -6
55052 -6
55053 -6
55054 -6
55055 -6
55056 -6
55057 -6
55058 -6
55059 -6
55060 -6
55061 -6
55062 -6
55063 -6
55064 -6
55065 -6
55066 -6
55067 -6
55068 -6
55069 -6
55070 -6
55071 -6
55072 -6
55073 -6
55074 -6
55075 -6
55076 -6
55077 -6
55078 -6
55079 -6
55080 -6
55081 -6
55082 -6
55083 -6
55084 -6
55085 -6
55086 -6
55087 -6
55088 -6
55089 -6
55090 -6
55091 -6
55092 -6
55093 -6
55094 -6
55095 -6
55096 -6
55097 -6
55098 -6
55099 -6
55100 -6
55101 -6
55102 -6
55103 -6
55104 -6
55105 -6
55106 -6
55107 -6
55108 -6
55109 -6
55110 -6
55111 -6
55112 -6
55113 -6
55114 -6
55115 -6
55116 -6
55117 -6
55118 -6
55119 -6
55120 -6
55121 -6
55122 -6
55123 -6
55124 -6
55125 -6
55126 -6
55127 -6
55128 -6
55129 -6
55130 -6
55131 -6
55132 -6
55133 -6
55134 -6
55135 -6
55136 -6
55137 -6
55138 -6
55139 -6
55140 -6
55141 -6
55142 -6
55143 -6
55144 -6
55145 -6
55146 -6
55147 -6
55148 -6
55149 -6
55150 -6
55151 -6
55152 -6
55153 -6
55154 -6
55155 -6
55156 -6
55157 -6
55158 -6
55159 -6
55160 -6
55161 -6
55162 -6
55163 -6
55164 -6
55165 -6
55166 -6
55167 -6
55168 -6
55169 -6
55170 -6
55171 -6
55172 -6
55173 -6
55174 -6
55175 -6
55176 -6
55177 -6
55178 -6
55179 -6
55180 -6
55181 -6
55182 -6
55183 -6
55184 -6
55185 -6
55186 -6
55187 -6
55188 -6
55189 -6
55190 -6
55191 -6
55192 -6
55193 -6
55194 -6
55195 -6
55196 -6
55197 -6
55198 -6
55199 -6
55200 -6
55201 -6
55202 -6
55203 -6
55204 -6
55205 -6
55206 -6
55207 -6
55208 -6
55209 -6
55210 -6
55211 -6
55212 -6
55213 -6
55214 -6
55215 -6
55216 -6
55217 -6
55218 -6
55219 -6
55220 -6
55221 -6
55222 -6
55223 -6
55224 -6
55225 -6
55226 -6
55227 -6
55228 -6
55229 -6
55230 -6
55231 -6
55232 -6
55233 -6
55234 -6
55235 -6
55236 -6
55237 -6
55238 -6
55239 -6
55240 -6
55241 -6
55242 -6
55243 -6
55244 -6
55245 -6
55246 -6
55247 -6
55248 -6
55249 -6
55250 -6
55251 -6
55252 -6
55253 -6
55254 -6
55255 -6
55256 -6
55257 -6
55258 -6
55259 -6
55260 -6
55261 -6
55262 -6
55263 -6
55264 -6
55265 -6
55266 -6
55267 -6
55268 -6
55269 -6
55270 -6
55271 -6
55272 -6
55273 -6
55274 -6
55275 -6
55276 -6
55277 -6
55278 -6
55279 -6
55280 -6
55281 -6
55282 -6
55283 -6
55284 -6
55285 -6
55286 -6
55287 -6
55288 -6
55289 -6
55290 -6
55291 -6
55292 -6
55293 -6
55294 -6
55295 -6
55296 -4
55297 -4
55298 -4
55299 -4
55300 -4
55301 -4
55302 -4
55303 -4
55304 -4
55305 -4
55306 -4
55307 -4
55308 -4
55309 -4
55310 -4
55311 -4
55312 -4
55313 -4
55314 -4
55315 -4
55316 -4
55317 -4
55318 -4
55319 -4
55320 -4
55321 -4
55322 -4
55323 -4
55324 -4
55325 -4
55326 -4
55327 -4
55328 -4
55329 -4
55330 -4
55331 -4
55332 -4
55333 -4
55334 -4
55335 -4
55336 -4
55337 -4
55338 -4
55339 -4
55340 -4
55341 -4
55342 -4
55343 -4
55344 -4
55345 -4
55346 -4
55347 -4
55348 -4
55349 -4
55350 -4
55351 -4
55352 -4
55353 -4
55354 -4
55355 -4
55356 -4
55357 -4
55358 -4
55359 -4
55360 -4
55361 -4
55362 -4
55363 -4
55364 -4
55365 -4
55366 -4
55367 -4
55368 -4
55369 -4
55370 -4
55371 -4
55372 -4
55373 -4
55374 -4
55375 -4
55376 -4
55377 -4
55378 -4
55379 -4
55380 -4
55381 -4
55382 -4
55383 -4
55384 -4
55385 -4
55386 -4
55387 -4
55388 -4
55389 -4
55390 -4
55391 -4
55392 -4
55393 -4
55394 -4
55395 -4
55396 -4
55397 -4
55398 -4
55399 -4
55400 -4
55401 -4
55402 -4
55403 -4
55404 -4
55405 -4
55406 -4
55407 -4
55408 -4
55409 -4
55410 -4
55411 -4
55412 -4
55413 -4
55414 -4
55415 -4
55416 -4
55417 -4
55418 -4
55419 -4
55420 -4
55421 -4
55422 -4
55423 -4
55424 -4
55425 -4
55426 -4
55427 -4
55428 -4
55429 -4
55430 -4
55431 -4
55432 -4
55433 -4
55434 -4
55435 -4
55436 -4
55437 -4
55438 -4
55439 -4
55440 -4
55441 -4
55442 -4
55443 -4
55444 -4
55445 -4
55446 -4
55447 -4
55448 -4
55449 -4
55450 -4
55451 -4
55452 -4
55453 -4
55454 -4
55455 -4
55456 -4
55457 -4
55458 -4
55459 -4
55460 -4
55461 -4
55462 -4
55463 -4
55464 -4
55465 -4
55466 -4
55467 -4
55468 -4
55469 -4
55470 -4
55471 -4
55472 -4
55473 -4
55474 -4
55475 -4
55476 -4
55477 -4
55478 -4
55479 -4
55480 -4
55481 -4
55482 -4
55483 -4
55484 -4
55485 -4
55486 -4
55487 -4
55488 -5
55489 -5
55490 -5
55491 -5
55492 -5
55493 -5
55494 -5
55495 -5
55496 -5
55497 -5
55498 -5
55499 -5
55500 -5
55501 -5
55502 -5
55503 -5
55504 -5
55505 -5
55506 -5
55507 -5
55508 -5
55509 -5
55510 -5
55511 -5
55512 -5
55513 -5
55514 -5
55515 -5
55516 -5
55517 -5
55518 -5
55519 -5
55520 -5
55521 -5
55522 -5
55523 -5
55524 -5
55525 -5
55526 -5
55527 -5
55528 -5
55529 -5
55530 -5
55531 -5
55532 -5
55533 -5
55534 -5
55535 -5
55536 -5
55537 -5
55538 -5
55539 -5
55540 -5
55541 -5
55542 -5
55543 -5
55544 -5
55545 -5
55546 -5
55547 -5
55548 -5
55549 -5
55550 -5
55551 -5
55552 -5
55553 -5
55554 -5
55555 -5
55556 -5
55557 -5
55558 -5
55559 -5
55560 -5
55561 -5
55562 -5
55563 -5
55564 -5
55565 -5
55566 -5
55567 -5
55568 -5
55569 -5
55570 -5
55571 -5
55572 -5
55573 -5
55574 -5
55575 -5
55576 -5
55577 -5
55578 -5
55579 -5
55580 -5
55581 -5
55582 -5
55583 -5
55584 -5
55585 -5
55586 -5
55587 -5
55588 -5
55589 -5
55590 -5
55591 -5
55592 -5
55593 -5
55594 -5
55595 -5
55596 -5
55597 -5
55598 -5
55599 -5
55600 -5
55601 -5
55602 -5
55603 -5
55604 -5
55605 -5
55606 -5
55607 -5
55608 -5
55609 -5
55610 -5
55611 -5
55612 -5
55613 -5
55614 -5
55615 -5
55616 -5
55617 -5
55618 -5
55619 -5
55620 -5
55621 -5
55622 -5
55623 -5
55624 -5
55625 -5
55626 -5
55627 -5
55628 -5
55629 -5
55630 -5
55631 -5
55632 -5
55633 -5
55634 -5
55635 -5
55636 -5
55637 -5
55638 -5
55639 -5
55640 -5
55641 -5
55642 -5
55643 -5
55644 -5
55645 -5
55646 -5
55647 -5
55648 -5
55649 -5
55650 -5
55651 -5
55652 -5
55653 -5
55654 -5
55655 -5
55656 -5
55657 -5
55658 -5
55659 -5
55660 -5
55661 -5
55662 -5
55663 -5
55664 -5
55665 -5
55666 -5
55667 -5
55668 -5
55669 -5
55670 -5
55671 -5
55672 -5
55673 -5
55674 -5
55675 -5
55676 -5
55677 -5
55678 -5
55679 -5
55680 -5
55681 -5
55682 -5
55683 -5
55684 -5
55685 -5
55686 -5
55687 -5
55688 -5
55689 -5
55690 -5
55691 -5
55692 -5
55693 -5
55694 -5
55695 -5
55696 -5
55697 -5
55698 -5
55699 -5
55700 -5
55701 -5
55702 -5
55703 -5
55704 -5
55705 -5
55706 -5
55707 -5
55708 -5
55709 -5
55710 -5
55711 -5
55712 -5
55713 -5
55714 -5
55715 -5
55716 -5
55717 -5
55718 -5
55719 -5
55720 -5
55721 -5
55722 -5
55723 -5
55724 -5
55725 -5
55726 -5
55727 -5
55728 -5
55729 -5
55730 -5
55731 -5
55732 -5
55733 -5
55734 -5
55735 -5
55736 -5
55737 -5
55738 -5
55739 -5
55740 -5
55741 -5
55742 -5
55743 -5
55744 -5
55745 -5
55746 -5
55747 -5
55748 -5
55749 -5
55750 -5
55751 -5
55752 -5
55753 -5
55754 -5
55755 -5
55756 -5
55757 -5
55758 -5
55759 -5
55760 -5
55761 -5
55762 -5
55763 -5
55764 -5
55765 -5
55766 -5
55767 -5
55768 -5
55769 -5
55770 -5
55771 -5
55772 -5
55773 -5
55774 -5
55775 -5
55776 -5
55777 -5
55778 -5
55779 -5
55780 -5
55781 -5
55782 -5
55783 -5
55784 -5
55785 -5
55786 -5
55787 -5
55788 -5
55789 -5
55790 -5
55791 -5
55792 -5
55793 -5
55794 -5
55795 -5
55796 -5
55797 -5
55798 -5
55799 -5
55800 -5
55801 -5
55802 -5
55803 -5
55804 -5
55805 -5
55806 -5
55807 -5
55808 -5
55809 -5
55810 -5
55811 -5
55812 -5
55813 -5
55814 -5
55815 -5
55816 -5
55817 -5
55818 -5
55819 -5
55820 -5
55821 -5
55822 -5
55823 -5
55824 -5
55825 -5
55826 -5
55827 -5
55828 -5
55829 -5
55830 -5
55831 -5
55832 -5
55833 -5
55834 -5
55835 -5
55836 -5
55837 -5
55838 -5
55839 -5
55840 -5
55841 -5
55842 -5
55843 -5
55844 -5
55845 -5
55846 -5
55847 -5
55848 -5
55849 -5
55850 -5
55851 -5
55852 -5
55853 -5
55854 -5
55855 -5
55856 -5
55857 -5
55858 -5
55859 -5
55860 -5
55861 -5
55862 -5
55863 -5
55864 -5
55865 -5
55866 -5
55867 -5
55868 -5
55869 -5
55870 -5
55871 -5
55872 -5
55873 -5
55874 -5
55875 -5
55876 -5
55877 -5
55878 -5
55879 -5
55880 -5
55881 -5
55882 -5
55883 -5
55884 -5
55885 -5
55886 -5
55887 -5
55888 -5
55889 -5
55890 -5
55891 -5
55892 -5
55893 -5
55894 -5
55895 -5
55896 -5
55897 -5
55898 -5
55899 -5
55900 -5
55901 -5
55902 -5
55903 -5
55904 -5
55905 -5
55906 -5
55907 -5
55908 -5
55909 -5
55910 -5
55911 -5
55912 -5
55913 -5
55914 -5
55915 -5
55916 -5
55917 -5
55918 -5
55919 -5
55920 -5
55921 -5
55922 -5
55923 -5
55924 -5
55925 -5
55926 -5
55927 -5
55928 -5
55929 -5
55930 -5
55931 -5
55932 -5
55933 -5
55934 -5
55935 -5
55936 -5
55937 -5
55938 -5
55939 -5
55940 -5
55941 -5
55942 -5
55943 -5
55944 -5
55945 -5
55946 -5
55947 -5
55948 -5
55949 -5
55950 -5
55951 -5
55952 -5
55953 -5
55954 -5
55955 -5
55956 -5
55957 -5
55958 -5
55959 -5
55960 -5
55961 -5
55962 -5
55963 -5
55964 -5
55965 -5
55966 -5
55967 -5
55968 -5
55969 -5
55970 -5
55971 -5
55972 -5
55973 -5
55974 -5
55975 -5
55976 -5
55977 -5
55978 -5
55979 -5
55980 -5
55981 -5
55982 -5
55983 -5
55984 -5
55985 -5
55986 -5
55987 -5
55988 -5
55989 -5
55990 -5
55991 -5
55992 -5
55993 -5
55994 -5
55995 -5
55996 -5
55997 -5
55998 -5
55999 -5
56000 -5
56001 -5
56002 -5
56003 -5
56004 -5
56005 -5
56006 -5
56007 -5
56008 -5
56009 -5
56010 -5
56011 -5
56012 -5
56013 -5
56014 -5
56015 -5
56016 -5
56017 -5
56018 -5
56019 -5
56020 -5
56021 -5
56022 -5
56023 -5
56024 -5
56025 -5
56026 -5
56027 -5
56028 -5
56029 -5
56030 -5
56031 -5
56032 -5
56033 -5
56034 -5
56035 -5
56036 -5
56037 -5
56038 -5
56039 -5
56040 -5
56041 -5
56042 -5
56043 -5
56044 -5
56045 -5
56046 -5
56047 -5
56048 -5
56049 -5
56050 -5
56051 -5
56052 -5
56053 -5
56054 -5
56055 -5
56056 -5
56057 -5
56058 -5
56059 -5
56060 -5
56061 -5
56062 -5
56063 -5
56064 -5
56065 -5
56066 -5
56067 -5
56068 -5
56069 -5
56070 -5
56071 -5
56072 -5
56073 -5
56074 -5
56075 -5
56076 -5
56077 -5
56078 -5
56079 -5
56080 -5
56081 -5
56082 -5
56083 -5
56084 -5
56085 -5
56086 -5
56087 -5
56088 -5
56089 -5
56090 -5
56091 -5
56092 -5
56093 -5
56094 -5
56095 -5
56096 -5
56097 -5
56098 -5
56099 -5
56100 -5
56101 -5
56102 -5
56103 -5
56104 -5
56105 -5
56106 -5
56107 -5
56108 -5
56109 -5
56110 -5
56111 -5
56112 -5
56113 -5
56114 -5
56115 -5
56116 -5
56117 -5
56118 -5
56119 -5
56120 -5
56121 -5
56122 -5
56123 -5
56124 -5
56125 -5
56126 -5
56127 -5
56128 -5
56129 -5
56130 -5
56131 -5
56132 -5
56133 -5
56134 -5
56135 -5
56136 -5
56137 -5
56138 -5
56139 -5
56140 -5
56141 -5
56142 -5
56143 -5
56144 -5
56145 -5
56146 -5
56147 -5
56148 -5
56149 -5
56150 -5
56151 -5
56152 -5
56153 -5
56154 -5
56155 -5
56156 -5
56157 -5
56158 -5
56159 -5
56160 -5
56161 -5
56162 -5
56163 -5
56164 -5
56165 -5
56166 -5
56167 -5
56168 -5
56169 -5
56170 -5
56171 -5
56172 -5
56173 -5
56174 -5
56175 -5
56176 -5
56177 -5
56178 -5
56179 -5
56180 -5
56181 -5
56182 -5
56183 -5
56184 -5
56185 -5
56186 -5
56187 -5
56188 -5
56189 -5
56190 -5
56191 -5
56192 -5
56193 -5
56194 -5
56195 -5
56196 -5
56197 -5
56198 -5
56199 -5
56200 -5
56201 -5
56202 -5
56203 -5
56204 -5
56205 -5
56206 -5
56207 -5
56208 -5
56209 -5
56210 -5
56211 -5
56212 -5
56213 -5
56214 -5
56215 -5
56216 -5
56217 -5
56218 -5
56219 -5
56220 -5
56221 -5
56222 -5
56223 -5
56224 -5
56225 -5
56226 -5
56227 -5
56228 -5
56229 -5
56230 -5
56231 -5
56232 -5
56233 -5
56234 -5
56235 -5
56236 -5
56237 -5
56238 -5
56239 -5
56240 -5
56241 -5
56242 -5
56243 -5
56244 -5
56245 -5
56246 -5
56247 -5
56248 -5
56249 -5
56250 -5
56251 -5
56252 -5
56253 -5
56254 -5
56255 -5
56256 -6
56257 -6
56258 -6
56259 -6
56260 -6
56261 -6
56262 -6
56263 -6
56264 -6
56265 -6
56266 -6
56267 -6
56268 -6
56269 -6
56270 -6
56271 -6
56272 -6
56273 -6
56274 -6
56275 -6
56276 -6
56277 -6
56278 -6
56279 -6
56280 -6
56281 -6
56282 -6
56283 -6
56284 -6
56285 -6
56286 -6
56287 -6
56288 -6
56289 -6
56290 -6
56291 -6
56292 -6
56293 -6
56294 -6
56295 -6
56296 -6
56297 -6
56298 -6
56299 -6
56300 -6
56301 -6
56302 -6
56303 -6
56304 -6
56305 -6
56306 -6
56307 -6
56308 -6
56309 -6
56310 -6
56311 -6
56312 -6
56313 -6
56314 -6
56315 -6
56316 -6
56317 -6
56318 -6
56319 -6
56320 -6
56321 -6
56322 -6
56323 -6
56324 -6
56325 -6
56326 -6
56327 -6
56328 -6
56329 -6
56330 -6
56331 -6
56332 -6
56333 -6
56334 -6
56335 -6
56336 -6
56337 -6
56338 -6
56339 -6
56340 -6
56341 -6
56342 -6
56343 -6
56344 -6
56345 -6
56346 -6
56347 -6
56348 -6
56349 -6
56350 -6
56351 -6
56352 -6
56353 -6
56354 -6
56355 -6
56356 -6
56357 -6
56358 -6
56359 -6
56360 -6
56361 -6
56362 -6
56363 -6
56364 -6
56365 -6
56366 -6
56367 -6
56368 -6
56369 -6
56370 -6
56371 -6
56372 -6
56373 -6
56374 -6
56375 -6
56376 -6
56377 -6
56378 -6
56379 -6
56380 -6
56381 -6
56382 -6
56383 -6
56384 -6
56385 -6
56386 -6
56387 -6
56388 -6
56389 -6
56390 -6
56391 -6
56392 -6
56393 -6
56394 -6
56395 -6
56396 -6
56397 -6
56398 -6
56399 -6
56400 -6
56401 -6
56402 -6
56403 -6
56404 -6
56405 -6
56406 -6
56407 -6
56408 -6
56409 -6
56410 -6
56411 -6
56412 -6
56413 -6
56414 -6
56415 -6
56416 -6
56417 -6
56418 -6
56419 -6
56420 -6
56421 -6
56422 -6
56423 -6
56424 -6
56425 -6
56426 -6
56427 -6
56428 -6
56429 -6
56430 -6
56431 -6
56432 -6
56433 -6
56434 -6
56435 -6
56436 -6
56437 -6
56438 -6
56439 -6
56440 -6
56441 -6
56442 -6
56443 -6
56444 -6
56445 -6
56446 -6
56447 -6
56448 -6
56449 -6
56450 -6
56451 -6
56452 -6
56453 -6
56454 -6
56455 -6
56456 -6
56457 -6
56458 -6
56459 -6
56460 -6
56461 -6
56462 -6
56463 -6
56464 -6
56465 -6
56466 -6
56467 -6
56468 -6
56469 -6
56470 -6
56471 -6
56472 -6
56473 -6
56474 -6
56475 -6
56476 -6
56477 -6
56478 -6
56479 -6
56480 -6
56481 -6
56482 -6
56483 -6
56484 -6
56485 -6
56486 -6
56487 -6
56488 -6
56489 -6
56490 -6
56491 -6
56492 -6
56493 -6
56494 -6
56495 -6
56496 -6
56497 -6
56498 -6
56499 -6
56500 -6
56501 -6
56502 -6
56503 -6
56504 -6
56505 -6
56506 -6
56507 -6
56508 -6
56509 -6
56510 -6
56511 -6
56512 -6
56513 -6
56514 -6
56515 -6
56516 -6
56517 -6
56518 -6
56519 -6
56520 -6
56521 -6
56522 -6
56523 -6
56524 -6
56525 -6
56526 -6
56527 -6
56528 -6
56529 -6
56530 -6
56531 -6
56532 -6
56533 -6
56534 -6
56535 -6
56536 -6
56537 -6
56538 -6
56539 -6
56540 -6
56541 -6
56542 -6
56543 -6
56544 -6
56545 -6
56546 -6
56547 -6
56548 -6
56549 -6
56550 -6
56551 -6
56552 -6
56553 -6
56554 -6
56555 -6
56556 -6
56557 -6
56558 -6
56559 -6
56560 -6
56561 -6
56562 -6
56563 -6
56564 -6
56565 -6
56566 -6
56567 -6
56568 -6
56569 -6
56570 -6
56571 -6
56572 -6
56573 -6
56574 -6
56575 -6
56576 -6
56577 -6
56578 -6
56579 -6
56580 -6
56581 -6
56582 -6
56583 -6
56584 -6
56585 -6
56586 -6
56587 -6
56588 -6
56589 -6
56590 -6
56591 -6
56592 -6
56593 -6
56594 -6
56595 -6
56596 -6
56597 -6
56598 -6
56599 -6
56600 -6
56601 -6
56602 -6
56603 -6
56604 -6
56605 -6
56606 -6
56607 -6
56608 -6
56609 -6
56610 -6
56611 -6
56612 -6
56613 -6
56614 -6
56615 -6
56616 -6
56617 -6
56618 -6
56619 -6
56620 -6
56621 -6
56622 -6
56623 -6
56624 -6
56625 -6
56626 -6
56627 -6
56628 -6
56629 -6
56630 -6
56631 -6
56632 -6
56633 -6
56634 -6
56635 -6
56636 -6
56637 -6
56638 -6
56639 -6
56640 -6
56641 -6
56642 -6
56643 -6
56644 -6
56645 -6
56646 -6
56647 -6
56648 -6
56649 -6
56650 -6
56651 -6
56652 -6
56653 -6
56654 -6
56655 -6
56656 -6
56657 -6
56658 -6
56659 -6
56660 -6
56661 -6
56662 -6
56663 -6
56664 -6
56665 -6
56666 -6
56667 -6
56668 -6
56669 -6
56670 -6
56671 -6
56672 -6
56673 -6
56674 -6
56675 -6
56676 -6
56677 -6
56678 -6
56679 -6
56680 -6
56681 -6
56682 -6
56683 -6
56684 -6
56685 -6
56686 -6
56687 -6
56688 -6
56689 -6
56690 -6
56691 -6
56692 -6
56693 -6
56694 -6
56695 -6
56696 -6
56697 -6
56698 -6
56699 -6
56700 -6
56701 -6
56702 -6
56703 -6
56704 -6
56705 -6
56706 -6
56707 -6
56708 -6
56709 -6
56710 -6
56711 -6
56712 -6
56713 -6
56714 -6
56715 -6
56716 -6
56717 -6
56718 -6
56719 -6
56720 -6
56721 -6
56722 -6
56723 -6
56724 -6
56725 -6
56726 -6
56727 -6
56728 -6
56729 -6
56730 -6
56731 -6
56732 -6
56733 -6
56734 -6
56735 -6
56736 -6
56737 -6
56738 -6
56739 -6
56740 -6
56741 -6
56742 -6
56743 -6
56744 -6
56745 -6
56746 -6
56747 -6
56748 -6
56749 -6
56750 -6
56751 -6
56752 -6
56753 -6
56754 -6
56755 -6
56756 -6
56757 -6
56758 -6
56759 -6
56760 -6
56761 -6
56762 -6
56763 -6
56764 -6
56765 -6
56766 -6
56767 -6
56768 -6
56769 -6
56770 -6
56771 -6
56772 -6
56773 -6
56774 -6
56775 -6
56776 -6
56777 -6
56778 -6
56779 -6
56780 -6
56781 -6
56782 -6
56783 -6
56784 -6
56785 -6
56786 -6
56787 -6
56788 -6
56789 -6
56790 -6
56791 -6
56792 -6
56793 -6
56794 -6
56795 -6
56796 -6
56797 -6
56798 -6
56799 -6
56800 -6
56801 -6
56802 -6
56803 -6
56804 -6
56805 -6
56806 -6
56807 -6
56808 -6
56809 -6
56810 -6
56811 -6
56812 -6
56813 -6
56814 -6
56815 -6
56816 -6
56817 -6
56818 -6
56819 -6
56820 -6
56821 -6
56822 -6
56823 -6
56824 -6
56825 -6
56826 -6
56827 -6
56828 -6
56829 -6
56830 -6
56831 -6
56832 -6
56833 -6
56834 -6
56835 -6
56836 -6
56837 -6
56838 -6
56839 -6
56840 -6
56841 -6
56842 -6
56843 -6
56844 -6
56845 -6
56846 -6
56847 -6
56848 -6
56849 -6
56850 -6
56851 -6
56852 -6
56853 -6
56854 -6
56855 -6
56856 -6
56857 -6
56858 -6
56859 -6
56860 -6
56861 -6
56862 -6
56863 -6
56864 -6
56865 -6
56866 -6
56867 -6
56868 -6
56869 -6
56870 -6
56871 -6
56872 -6
56873 -6
56874 -6
56875 -6
56876 -6
56877 -6
56878 -6
56879 -6
56880 -6
56881 -6
56882 -6
56883 -6
56884 -6
56885 -6
56886 -6
56887 -6
56888 -6
56889 -6
56890 -6
56891 -6
56892 -6
56893 -6
56894 -6
56895 -6
56896 -6
56897 -6
56898 -6
56899 -6
56900 -6
56901 -6
56902 -6
56903 -6
56904 -6
56905 -6
56906 -6
56907 -6
56908 -6
56909 -6
56910 -6
56911 -6
56912 -6
56913 -6
56914 -6
56915 -6
56916 -6
56917 -6
56918 -6
56919 -6
56920 -6
56921 -6
56922 -6
56923 -6
56924 -6
56925 -6
56926 -6
56927 -6
56928 -6
56929 -6
56930 -6
56931 -6
56932 -6
56933 -6
56934 -6
56935 -6
56936 -6
56937 -6
56938 -6
56939 -6
56940 -6
56941 -6
56942 -6
56943 -6
56944 -6
56945 -6
56946 -6
56947 -6
56948 -6
56949 -6
56950 -6
56951 -6
56952 -6
56953 -6
56954 -6
56955 -6
56956 -6
56957 -6
56958 -6
56959 -6
56960 -6
56961 -6
56962 -6
56963 -6
56964 -6
56965 -6
56966 -6
56967 -6
56968 -6
56969 -6
56970 -6
56971 -6
56972 -6
56973 -6
56974 -6
56975 -6
56976 -6
56977 -6
56978 -6
56979 -6
56980 -6
56981 -6
56982 -6
56983 -6
56984 -6
56985 -6
56986 -6
56987 -6
56988 -6
56989 -6
56990 -6
56991 -6
56992 -6
56993 -6
56994 -6
56995 -6
56996 -6
56997 -6
56998 -6
56999 -6
57000 -6
57001 -6
57002 -6
57003 -6
57004 -6
57005 -6
57006 -6
57007 -6
57008 -6
57009 -6
57010 -6
57011 -6
57012 -6
57013 -6
57014 -6
57015 -6
57016 -6
57017 -6
57018 -6
57019 -6
57020 -6
57021 -6
57022 -6
57023 -6
57024 -7
57025 -7
57026 -7
57027 -7
57028 -7
57029 -7
57030 -7
57031 -7
57032 -7
57033 -7
57034 -7
57035 -7
57036 -7
57037 -7
57038 -7
57039 -7
57040 -7
57041 -7
57042 -7
57043 -7
57044 -7
57045 -7
57046 -7
57047 -7
57048 -7
57049 -7
57050 -7
57051 -7
57052 -7
57053 -7
57054 -7
57055 -7
57056 -7
57057 -7
57058 -7
57059 -7
57060 -7
57061 -7
57062 -7
57063 -7
57064 -7
57065 -7
57066 -7
57067 -7
57068 -7
57069 -7
57070 -7
57071 -7
57072 -7
57073 -7
57074 -7
57075 -7
57076 -7
57077 -7
57078 -7
57079 -7
57080 -7
57081 -7
57082 -7
57083 -7
57084 -7
57085 -7
57086 -7
57087 -7
57088 -7
57089 -7
57090 -7
57091 -7
57092 -7
57093 -7
57094 -7
57095 -7
57096 -7
57097 -7
57098 -7
57099 -7
57100 -7
57101 -7
57102 -7
57103 -7
57104 -7
57105 -7
57106 -7
57107 -7
57108 -7
57109 -7
57110 -7
57111 -7
57112 -7
57113 -7
57114 -7
57115 -7
57116 -7
57117 -7
57118 -7
57119 -7
57120 -7
57121 -7
57122 -7
57123 -7
57124 -7
57125 -7
57126 -7
57127 -7
57128 -7
57129 -7
57130 -7
57131 -7
57132 -7
57133 -7
57134 -7
57135 -7
57136 -7
57137 -7
57138 -7
57139 -7
57140 -7
57141 -7
57142 -7
57143 -7
57144 -7
57145 -7
57146 -7
57147 -7
57148 -7
57149 -7
57150 -7
57151 -7
57152 -7
57153 -7
57154 -7
57155 -7
57156 -7
57157 -7
57158 -7
57159 -7
57160 -7
57161 -7
57162 -7
57163 -7
57164 -7
57165 -7
57166 -7
57167 -7
57168 -7
57169 -7
57170 -7
57171 -7
57172 -7
57173 -7
57174 -7
57175 -7
57176 -7
57177 -7
57178 -7
57179 -7
57180 -7
57181 -7
57182 -7
57183 -7
57184 -7
57185 -7
57186 -7
57187 -7
57188 -7
57189 -7
57190 -7
57191 -7
57192 -7
57193 -7
57194 -7
57195 -7
57196 -7
57197 -7
57198 -7
57199 -7
57200 -7
57201 -7
57202 -7
57203 -7
57204 -7
57205 -7
57206 -7
57207 -7
57208 -7
57209 -7
57210 -7
57211 -7
57212 -7
57213 -7
57214 -7
57215 -7
57216 -7
57217 -7
57218 -7
57219 -7
57220 -7
57221 -7
57222 -7
57223 -7
57224 -7
57225 -7
57226 -7
57227 -7
57228 -7
57229 -7
57230 -7
57231 -7
57232 -7
57233 -7
57234 -7
57235 -7
57236 -7
57237 -7
57238 -7
57239 -7
57240 -7
57241 -7
57242 -7
57243 -7
57244 -7
57245 -7
57246 -7
57247 -7
57248 -7
57249 -7
57250 -7
57251 -7
57252 -7
57253 -7
57254 -7
57255 -7
57256 -7
57257 -7
57258 -7
57259 -7
57260 -7
57261 -7
57262 -7
57263 -7
57264 -7
57265 -7
57266 -7
57267 -7
57268 -7
57269 -7
57270 -7
57271 -7
57272 -7
57273 -7
57274 -7
57275 -7
57276 -7
57277 -7
57278 -7
57279 -7
57280 -7
57281 -7
57282 -7
57283 -7
57284 -7
57285 -7
57286 -7
57287 -7
57288 -7
57289 -7
57290 -7
57291 -7
57292 -7
57293 -7
57294 -7
57295 -7
57296 -7
57297 -7
57298 -7
57299 -7
57300 -7
57301 -7
57302 -7
57303 -7
57304 -7
57305 -7
57306 -7
57307 -7
57308 -7
57309 -7
57310 -7
57311 -7
57312 -7
57313 -7
57314 -7
57315 -7
57316 -7
57317 -7
57318 -7
57319 -7
57320 -7
57321 -7
57322 -7
57323 -7
57324 -7
57325 -7
57326 -7
57327 -7
57328 -7
57329 -7
57330 -7
57331 -7
57332 -7
57333 -7
57334 -7
57335 -7
57336 -7
57337 -7
57338 -7
57339 -7
57340 -7
57341 -7
57342 -7
57343 -7
57344 -7
57345 -7
57346 -7
57347 -7
57348 -7
57349 -7
57350 -7
57351 -7
57352 -7
57353 -7
57354 -7
57355 -7
57356 -7
57357 -7
57358 -7
57359 -7
57360 -7
57361 -7
57362 -7
57363 -7
57364 -7
57365 -7
57366 -7
57367 -7
57368 -7
57369 -7
57370 -7
57371 -7
57372 -7
57373 -7
57374 -7
57375 -7
57376 -7
57377 -7
57378 -7
57379 -7
57380 -7
57381 -7
57382 -7
57383 -7
57384 -7
57385 -7
57386 -7
57387 -7
57388 -7
57389 -7
57390 -7
57391 -7
57392 -7
57393 -7
57394 -7
57395 -7
57396 -7
57397 -7
57398 -7
57399 -7
57400 -7
57401 -7
57402 -7
57403 -7
57404 -7
57405 -7
57406 -7
57407 -7
57408 -7
57409 -7
57410 -7
57411 -7
57412 -7
57413 -7
57414 -7
57415 -7
57416 -7
57417 -7
57418 -7
57419 -7
57420 -7
57421 -7
57422 -7
57423 -7
57424 -7
57425 -7
57426 -7
57427 -7
57428 -7
57429 -7
57430 -7
57431 -7
57432 -7
57433 -7
57434 -7
57435 -7
57436 -7
57437 -7
57438 -7
57439 -7
57440 -7
57441 -7
57442 -7
57443 -7
57444 -7
57445 -7
57446 -7
57447 -7
57448 -7
57449 -7
57450 -7
57451 -7
57452 -7
57453 -7
57454 -7
57455 -7
57456 -7
57457 -7
57458 -7
57459 -7
57460 -7
57461 -7
57462 -7
57463 -7
57464 -7
57465 -7
57466 -7
57467 -7
57468 -7
57469 -7
57470 -7
57471 -7
57472 -7
57473 -7
57474 -7
57475 -7
57476 -7
57477 -7
57478 -7
57479 -7
57480 -7
57481 -7
57482 -7
57483 -7
57484 -7
57485 -7
57486 -7
57487 -7
57488 -7
57489 -7
57490 -7
57491 -7
57492 -7
57493 -7
57494 -7
57495 -7
57496 -7
57497 -7
57498 -7
57499 -7
57500 -7
57501 -7
57502 -7
57503 -7
57504 -7
57505 -7
57506 -7
57507 -7
57508 -7
57509 -7
57510 -7
57511 -7
57512 -7
57513 -7
57514 -7
57515 -7
57516 -7
57517 -7
57518 -7
57519 -7
57520 -7
57521 -7
57522 -7
57523 -7
57524 -7
57525 -7
57526 -7
57527 -7
57528 -7
57529 -7
57530 -7
57531 -7
57532 -7
57533 -7
57534 -7
57535 -7
57536 -7
57537 -7
57538 -7
57539 -7
57540 -7
57541 -7
57542 -7
57543 -7
57544 -7
57545 -7
57546 -7
57547 -7
57548 -7
57549 -7
57550 -7
57551 -7
57552 -7
57553 -7
57554 -7
57555 -7
57556 -7
57557 -7
57558 -7
57559 -7
57560 -7
57561 -7
57562 -7
57563 -7
57564 -7
57565 -7
57566 -7
57567 -7
57568 -7
57569 -7
57570 -7
57571 -7
57572 -7
57573 -7
57574 -7
57575 -7
57576 -7
57577 -7
57578 -7
57579 -7
57580 -7
57581 -7
57582 -7
57583 -7
57584 -7
57585 -7
57586 -7
57587 -7
57588 -7
57589 -7
57590 -7
57591 -7
57592 -7
57593 -7
57594 -7
57595 -7
57596 -7
57597 -7
57598 -7
57599 -7
57600 -7
57601 -7
57602 -7
57603 -7
57604 -7
57605 -7
57606 -7
57607 -7
57608 -7
57609 -7
57610 -7
57611 -7
57612 -7
57613 -7
57614 -7
57615 -7
57616 -7
57617 -7
57618 -7
57619 -7
57620 -7
57621 -7
57622 -7
57623 -7
57624 -7
57625 -7
57626 -7
57627 -7
57628 -7
57629 -7
57630 -7
57631 -7
57632 -7
57633 -7
57634 -7
57635 -7
57636 -7
57637 -7
57638 -7
57639 -7
57640 -7
57641 -7
57642 -7
57643 -7
57644 -7
57645 -7
57646 -7
57647 -7
57648 -7
57649 -7
57650 -7
57651 -7
57652 -7
57653 -7
57654 -7
57655 -7
57656 -7
57657 -7
57658 -7
57659 -7
57660 -7
57661 -7
57662 -7
57663 -7
57664 -7
57665 -7
57666 -7
57667 -7
57668 -7
57669 -7
57670 -7
57671 -7
57672 -7
57673 -7
57674 -7
57675 -7
57676 -7
57677 -7
57678 -7
57679 -7
57680 -7
57681 -7
57682 -7
57683 -7
57684 -7
57685 -7
57686 -7
57687 -7
57688 -7
57689 -7
57690 -7
57691 -7
57692 -7
57693 -7
57694 -7
57695 -7
57696 -7
57697 -7
57698 -7
57699 -7
57700 -7
57701 -7
57702 -7
57703 -7
57704 -7
57705 -7
57706 -7
57707 -7
57708 -7
57709 -7
57710 -7
57711 -7
57712 -7
57713 -7
57714 -7
57715 -7
57716 -7
57717 -7
57718 -7
57719 -7
57720 -7
57721 -7
57722 -7
57723 -7
57724 -7
57725 -7
57726 -7
57727 -7
57728 -7
57729 -7
57730 -7
57731 -7
57732 -7
57733 -7
57734 -7
57735 -7
57736 -7
57737 -7
57738 -7
57739 -7
57740 -7
57741 -7
57742 -7
57743 -7
57744 -7
57745 -7
57746 -7
57747 -7
57748 -7
57749 -7
57750 -7
57751 -7
57752 -7
57753 -7
57754 -7
57755 -7
57756 -7
57757 -7
57758 -7
57759 -7
57760 -7
57761 -7
57762 -7
57763 -7
57764 -7
57765 -7
57766 -7
57767 -7
57768 -7
57769 -7
57770 -7
57771 -7
57772 -7
57773 -7
57774 -7
57775 -7
57776 -7
57777 -7
57778 -7
57779 -7
57780 -7
57781 -7
57782 -7
57783 -7
57784 -7
57785 -7
57786 -7
57787 -7
57788 -7
57789 -7
57790 -7
57791 -7
57792 -8
57793 -8
57794 -8
57795 -8
57796 -8
57797 -8
57798 -8
57799 -8
57800 -8
57801 -8
57802 -8
57803 -8
57804 -8
57805 -8
57806 -8
57807 -8
57808 -8
57809 -8
57810 -8
57811 -8
57812 -8
57813 -8
57814 -8
57815 -8
57816 -8
57817 -8
57818 -8
57819 -8
57820 -8
57821 -8
57822 -8
57823 -8
57824 -8
57825 -8
57826 -8
57827 -8
57828 -8
57829 -8
57830 -8
57831 -8
57832 -8
57833 -8
57834 -8
57835 -8
57836 -8
57837 -8
57838 -8
57839 -8
57840 -8
57841 -8
57842 -8
57843 -8
57844 -8
57845 -8
57846 -8
57847 -8
57848 -8
57849 -8
57850 -8
57851 -8
57852 -8
57853 -8
57854 -8
57855 -8
57856 -8
57857 -8
57858 -8
57859 -8
57860 -8
57861 -8
57862 -8
57863 -8
57864 -8
57865 -8
57866 -8
57867 -8
57868 -8
57869 -8
57870 -8
57871 -8
57872 -8
57873 -8
57874 -8
57875 -8
57876 -8
57877 -8
57878 -8
57879 -8
57880 -8
57881 -8
57882 -8
57883 -8
57884 -8
57885 -8
57886 -8
57887 -8
57888 -8
57889 -8
57890 -8
57891 -8
57892 -8
57893 -8
57894 -8
57895 -8
57896 -8
57897 -8
57898 -8
57899 -8
57900 -8
57901 -8
57902 -8
57903 -8
57904 -8
57905 -8
57906 -8
57907 -8
57908 -8
57909 -8
57910 -8
57911 -8
57912 -8
57913 -8
57914 -8
57915 -8
57916 -8
57917 -8
57918 -8
57919 -8
57920 -8
57921 -8
57922 -8
57923 -8
57924 -8
57925 -8
57926 -8
57927 -8
57928 -8
57929 -8
57930 -8
57931 -8
57932 -8
57933 -8
57934 -8
57935 -8
57936 -8
57937 -8
57938 -8
57939 -8
57940 -8
57941 -8
57942 -8
57943 -8
57944 -8
57945 -8
57946 -8
57947 -8
57948 -8
57949 -8
57950 -8
57951 -8
57952 -8
57953 -8
57954 -8
57955 -8
57956 -8
57957 -8
57958 -8
57959 -8
57960 -8
57961 -8
57962 -8
57963 -8
57964 -8
57965 -8
57966 -8
57967 -8
57968 -8
57969 -8
57970 -8
57971 -8
57972 -8
57973 -8
57974 -8
57975 -8
57976 -8
57977 -8
57978 -8
57979 -8
57980 -8
57981 -8
57982 -8
57983 -8
57984 -2
57985 -2
57986 -2
57987 -2
57988 -2
57989 -2
57990 -2
57991 -2
57992 -2
57993 -2
57994 -2
57995 -2
57996 -2
57997 -2
57998 -2
57999 -2
58000 -2
58001 -2
58002 -2
58003 -2
58004 -2
58005 -2
58006 -2
58007 -2
58008 -2
58009 -2
58010 -2
58011 -2
58012 -2
58013 -2
58014 -2
58015 -2
58016 -2
58017 -2
58018 -2
58019 -2
58020 -2
58021 -2
58022 -2
58023 -2
58024 -2
58025 -2
58026 -2
58027 -2
58028 -2
58029 -2
58030 -2
58031 -2
58032 -2
58033 -2
58034 -2
58035 -2
58036 -2
58037 -2
58038 -2
58039 -2
58040 -2
58041 -2
58042 -2
58043 -2
58044 -2
58045 -2
58046 -2
58047 -2
58048 -2
58049 -2
58050 -2
58051 -2
58052 -2
58053 -2
58054 -2
58055 -2
58056 -2
58057 -2
58058 -2
58059 -2
58060 -2
58061 -2
58062 -2
58063 -2
58064 -2
58065 -2
58066 -2
58067 -2
58068 -2
58069 -2
58070 -2
58071 -2
58072 -2
58073 -2
58074 -2
58075 -2
58076 -2
58077 -2
58078 -2
58079 -2
58080 -2
58081 -2
58082 -2
58083 -2
58084 -2
58085 -2
58086 -2
58087 -2
58088 -2
58089 -2
58090 -2
58091 -2
58092 -2
58093 -2
58094 -2
58095 -2
58096 -2
58097 -2
58098 -2
58099 -2
58100 -2
58101 -2
58102 -2
58103 -2
58104 -2
58105 -2
58106 -2
58107 -2
58108 -2
58109 -2
58110 -2
58111 -2
58112 -2
58113 -2
58114 -2
58115 -2
58116 -2
58117 -2
58118 -2
58119 -2
58120 -2
58121 -2
58122 -2
58123 -2
58124 -2
58125 -2
58126 -2
58127 -2
58128 -2
58129 -2
58130 -2
58131 -2
58132 -2
58133 -2
58134 -2
58135 -2
58136 -2
58137 -2
58138 -2
58139 -2
58140 -2
58141 -2
58142 -2
58143 -2
58144 -2
58145 -2
58146 -2
58147 -2
58148 -2
58149 -2
58150 -2
58151 -2
58152 -2
58153 -2
58154 -2
58155 -2
58156 -2
58157 -2
58158 -2
58159 -2
58160 -2
58161 -2
58162 -2
58163 -2
58164 -2
58165 -2
58166 -2
58167 -2
58168 -2
58169 -2
58170 -2
58171 -2
58172 -2
58173 -2
58174 -2
58175 -2
58176 -2
58177 -2
58178 -2
58179 -2
58180 -2
58181 -2
58182 -2
58183 -2
58184 -2
58185 -2
58186 -2
58187 -2
58188 -2
58189 -2
58190 -2
58191 -2
58192 -2
58193 -2
58194 -2
58195 -2
58196 -2
58197 -2
58198 -2
58199 -2
58200 -2
58201 -2
58202 -2
58203 -2
58204 -2
58205 -2
58206 -2
58207 -2
58208 -2
58209 -2
58210 -2
58211 -2
58212 -2
58213 -2
58214 -2
58215 -2
58216 -2
58217 -2
58218 -2
58219 -2
58220 -2
58221 -2
58222 -2
58223 -2
58224 -2
58225 -2
58226 -2
58227 -2
58228 -2
58229 -2
58230 -2
58231 -2
58232 -2
58233 -2
58234 -2
58235 -2
58236 -2
58237 -2
58238 -2
58239 -2
58240 -2
58241 -2
58242 -2
58243 -2
58244 -2
58245 -2
58246 -2
58247 -2
58248 -2
58249 -2
58250 -2
58251 -2
58252 -2
58253 -2
58254 -2
58255 -2
58256 -2
58257 -2
58258 -2
58259 -2
58260 -2
58261 -2
58262 -2
58263 -2
58264 -2
58265 -2
58266 -2
58267 -2
58268 -2
58269 -2
58270 -2
58271 -2
58272 -2
58273 -2
58274 -2
58275 -2
58276 -2
58277 -2
58278 -2
58279 -2
58280 -2
58281 -2
58282 -2
58283 -2
58284 -2
58285 -2
58286 -2
58287 -2
58288 -2
58289 -2
58290 -2
58291 -2
58292 -2
58293 -2
58294 -2
58295 -2
58296 -2
58297 -2
58298 -2
58299 -2
58300 -2
58301 -2
58302 -2
58303 -2
58304 -2
58305 -2
58306 -2
58307 -2
58308 -2
58309 -2
58310 -2
58311 -2
58312 -2
58313 -2
58314 -2
58315 -2
58316 -2
58317 -2
58318 -2
58319 -2
58320 -2
58321 -2
58322 -2
58323 -2
58324 -2
58325 -2
58326 -2
58327 -2
58328 -2
58329 -2
58330 -2
58331 -2
58332 -2
58333 -2
58334 -2
58335 -2
58336 -2
58337 -2
58338 -2
58339 -2
58340 -2
58341 -2
58342 -2
58343 -2
58344 -2
58345 -2
58346 -2
58347 -2
58348 -2
58349 -2
58350 -2
58351 -2
58352 -2
58353 -2
58354 -2
58355 -2
58356 -2
58357 -2
58358 -2
58359 -2
58360 -2
58361 -2
58362 -2
58363 -2
58364 -2
58365 -2
58366 -2
58367 -2
58368 -4
58369 -4
58370 -4
58371 -4
58372 -4
58373 -4
58374 -4
58375 -4
58376 -4
58377 -4
58378 -4
58379 -4
58380 -4
58381 -4
58382 -4
58383 -4
58384 -4
58385 -4
58386 -4
58387 -4
58388 -4
58389 -4
58390 -4
58391 -4
58392 -4
58393 -4
58394 -4
58395 -4
58396 -4
58397 -4
58398 -4
58399 -4
58400 -4
58401 -4
58402 -4
58403 -4
58404 -4
58405 -4
58406 -4
58407 -4
58408 -4
58409 -4
58410 -4
58411 -4
58412 -4
58413 -4
58414 -4
58415 -4
58416 -4
58417 -4
58418 -4
58419 -4
58420 -4
58421 -4
58422 -4
58423 -4
58424 -4
58425 -4
58426 -4
58427 -4
58428 -4
58429 -4
58430 -4
58431 -4
58432 -4
58433 -4
58434 -4
58435 -4
58436 -4
58437 -4
58438 -4
58439 -4
58440 -4
58441 -4
58442 -4
58443 -4
58444 -4
58445 -4
58446 -4
58447 -4
58448 -4
58449 -4
58450 -4
58451 -4
58452 -4
58453 -4
58454 -4
58455 -4
58456 -4
58457 -4
58458 -4
58459 -4
58460 -4
58461 -4
58462 -4
58463 -4
58464 -4
58465 -4
58466 -4
58467 -4
58468 -4
58469 -4
58470 -4
58471 -4
58472 -4
58473 -4
58474 -4
58475 -4
58476 -4
58477 -4
58478 -4
58479 -4
58480 -4
58481 -4
58482 -4
58483 -4
58484 -4
58485 -4
58486 -4
58487 -4
58488 -4
58489 -4
58490 -4
58491 -4
58492 -4
58493 -4
58494 -4
58495 -4
58496 -4
58497 -4
58498 -4
58499 -4
58500 -4
58501 -4
58502 -4
58503 -4
58504 -4
58505 -4
58506 -4
58507 -4
58508 -4
58509 -4
58510 -4
58511 -4
58512 -4
58513 -4
58514 -4
58515 -4
58516 -4
58517 -4
58518 -4
58519 -4
58520 -4
58521 -4
58522 -4
58523 -4
58524 -4
58525 -4
58526 -4
58527 -4
58528 -4
58529 -4
58530 -4
58531 -4
58532 -4
58533 -4
58534 -4
58535 -4
58536 -4
58537 -4
58538 -4
58539 -4
58540 -4
58541 -4
58542 -4
58543 -4
58544 -4
58545 -4
58546 -4
58547 -4
58548 -4
58549 -4
58550 -4
58551 -4
58552 -4
58553 -4
58554 -4
58555 -4
58556 -4
58557 -4
58558 -4
58559 -4
58560 -4
58561 -4
58562 -4
58563 -4
58564 -4
58565 -4
58566 -4
58567 -4
58568 -4
58569 -4
58570 -4
58571 -4
58572 -4
58573 -4
58574 -4
58575 -4
58576 -4
58577 -4
58578 -4
58579 -4
58580 -4
58581 -4
58582 -4
58583 -4
58584 -4
58585 -4
58586 -4
58587 -4
58588 -4
58589 -4
58590 -4
58591 -4
58592 -4
58593 -4
58594 -4
58595 -4
58596 -4
58597 -4
58598 -4
58599 -4
58600 -4
58601 -4
58602 -4
58603 -4
58604 -4
58605 -4
58606 -4
58607 -4
58608 -4
58609 -4
58610 -4
58611 -4
58612 -4
58613 -4
58614 -4
58615 -4
58616 -4
58617 -4
58618 -4
58619 -4
58620 -4
58621 -4
58622 -4
58623 -4
58624 -4
58625 -4
58626 -4
58627 -4
58628 -4
58629 -4
58630 -4
58631 -4
58632 -4
58633 -4
58634 -4
58635 -4
58636 -4
58637 -4
58638 -4
58639 -4
58640 -4
58641 -4
58642 -4
58643 -4
58644 -4
58645 -4
58646 -4
58647 -4
58648 -4
58649 -4
58650 -4
58651 -4
58652 -4
58653 -4
58654 -4
58655 -4
58656 -4
58657 -4
58658 -4
58659 -4
58660 -4
58661 -4
58662 -4
58663 -4
58664 -4
58665 -4
58666 -4
58667 -4
58668 -4
58669 -4
58670 -4
58671 -4
58672 -4
58673 -4
58674 -4
58675 -4
58676 -4
58677 -4
58678 -4
58679 -4
58680 -4
58681 -4
58682 -4
58683 -4
58684 -4
58685 -4
58686 -4
58687 -4
58688 -4
58689 -4
58690 -4
58691 -4
58692 -4
58693 -4
58694 -4
58695 -4
58696 -4
58697 -4
58698 -4
58699 -4
58700 -4
58701 -4
58702 -4
58703 -4
58704 -4
58705 -4
58706 -4
58707 -4
58708 -4
58709 -4
58710 -4
58711 -4
58712 -4
58713 -4
58714 -4
58715 -4
58716 -4
58717 -4
58718 -4
58719 -4
58720 -4
58721 -4
58722 -4
58723 -4
58724 -4
58725 -4
58726 -4
58727 -4
58728 -4
58729 -4
58730 -4
58731 -4
58732 -4
58733 -4
58734 -4
58735 -4
58736 -4
58737 -4
58738 -4
58739 -4
58740 -4
58741 -4
58742 -4
58743 -4
58744 -4
58745 -4
58746 -4
58747 -4
58748 -4
58749 -4
58750 -4
58751 -4
58752 -5
58753 -5
58754 -5
58755 -5
58756 -5
58757 -5
58758 -5
58759 -5
58760 -5
58761 -5
58762 -5
58763 -5
58764 -5
58765 -5
58766 -5
58767 -5
58768 -5
58769 -5
58770 -5
58771 -5
58772 -5
58773 -5
58774 -5
58775 -5
58776 -5
58777 -5
58778 -5
58779 -5
58780 -5
58781 -5
58782 -5
58783 -5
58784 -5
58785 -5
58786 -5
58787 -5
58788 -5
58789 -5
58790 -5
58791 -5
58792 -5
58793 -5
58794 -5
58795 -5
58796 -5
58797 -5
58798 -5
58799 -5
58800 -5
58801 -5
58802 -5
58803 -5
58804 -5
58805 -5
58806 -5
58807 -5
58808 -5
58809 -5
58810 -5
58811 -5
58812 -5
58813 -5
58814 -5
58815 -5
58816 -5
58817 -5
58818 -5
58819 -5
58820 -5
58821 -5
58822 -5
58823 -5
58824 -5
58825 -5
58826 -5
58827 -5
58828 -5
58829 -5
58830 -5
58831 -5
58832 -5
58833 -5
58834 -5
58835 -5
58836 -5
58837 -5
58838 -5
58839 -5
58840 -5
58841 -5
58842 -5
58843 -5
58844 -5
58845 -5
58846 -5
58847 -5
58848 -5
58849 -5
58850 -5
58851 -5
58852 -5
58853 -5
58854 -5
58855 -5
58856 -5
58857 -5
58858 -5
58859 -5
58860 -5
58861 -5
58862 -5
58863 -5
58864 -5
58865 -5
58866 -5
58867 -5
58868 -5
58869 -5
58870 -5
58871 -5
58872 -5
58873 -5
58874 -5
58875 -5
58876 -5
58877 -5
58878 -5
58879 -5
58880 -5
58881 -5
58882 -5
58883 -5
58884 -5
58885 -5
58886 -5
58887 -5
58888 -5
58889 -5
58890 -5
58891 -5
58892 -5
58893 -5
58894 -5
58895 -5
58896 -5
58897 -5
58898 -5
58899 -5
58900 -5
58901 -5
58902 -5
58903 -5
58904 -5
58905 -5
58906 -5
58907 -5
58908 -5
58909 -5
58910 -5
58911 -5
58912 -5
58913 -5
58914 -5
58915 -5
58916 -5
58917 -5
58918 -5
58919 -5
58920 -5
58921 -5
58922 -5
58923 -5
58924 -5
58925 -5
58926 -5
58927 -5
58928 -5
58929 -5
58930 -5
58931 -5
58932 -5
58933 -5
58934 -5
58935 -5
58936 -5
58937 -5
58938 -5
58939 -5
58940 -5
58941 -5
58942 -5
58943 -5
58944 -5
58945 -5
58946 -5
58947 -5
58948 -5
58949 -5
58950 -5
58951 -5
58952 -5
58953 -5
58954 -5
58955 -5
58956 -5
58957 -5
58958 -5
58959 -5
58960 -5
58961 -5
58962 -5
58963 -5
58964 -5
58965 -5
58966 -5
58967 -5
58968 -5
58969 -5
58970 -5
58971 -5
58972 -5
58973 -5
58974 -5
58975 -5
58976 -5
58977 -5
58978 -5
58979 -5
58980 -5
58981 -5
58982 -5
58983 -5
58984 -5
58985 -5
58986 -5
58987 -5
58988 -5
58989 -5
58990 -5
58991 -5
58992 -5
58993 -5
58994 -5
58995 -5
58996 -5
58997 -5
58998 -5
58999 -5
59000 -5
59001 -5
59002 -5
59003 -5
59004 -5
59005 -5
59006 -5
59007 -5
59008 -5
59009 -5
59010 -5
59011 -5
59012 -5
59013 -5
59014 -5
59015 -5
59016 -5
59017 -5
59018 -5
59019 -5
59020 -5
59021 -5
59022 -5
59023 -5
59024 -5
59025 -5
59026 -5
59027 -5
59028 -5
59029 -5
59030 -5
59031 -5
59032 -5
59033 -5
59034 -5
59035 -5
59036 -5
59037 -5
59038 -5
59039 -5
59040 -5
59041 -5
59042 -5
59043 -5
59044 -5
59045 -5
59046 -5
59047 -5
59048 -5
59049 -5
59050 -5
59051 -5
59052 -5
59053 -5
59054 -5
59055 -5
59056 -5
59057 -5
59058 -5
59059 -5
59060 -5
59061 -5
59062 -5
59063 -5
59064 -5
59065 -5
59066 -5
59067 -5
59068 -5
59069 -5
59070 -5
59071 -5
59072 -5
59073 -5
59074 -5
59075 -5
59076 -5
59077 -5
59078 -5
59079 -5
59080 -5
59081 -5
59082 -5
59083 -5
59084 -5
59085 -5
59086 -5
59087 -5
59088 -5
59089 -5
59090 -5
59091 -5
59092 -5
59093 -5
59094 -5
59095 -5
59096 -5
59097 -5
59098 -5
59099 -5
59100 -5
59101 -5
59102 -5
59103 -5
59104 -5
59105 -5
59106 -5
59107 -5
59108 -5
59109 -5
59110 -5
59111 -5
59112 -5
59113 -5
59114 -5
59115 -5
59116 -5
59117 -5
59118 -5
59119 -5
59120 -5
59121 -5
59122 -5
59123 -5
59124 -5
59125 -5
59126 -5
59127 -5
59128 -5
59129 -5
59130 -5
59131 -5
59132 -5
59133 -5
59134 -5
59135 -5
59136 -5
59137 -5
59138 -5
59139 -5
59140 -5
59141 -5
59142 -5
59143 -5
59144 -5
59145 -5
59146 -5
59147 -5
59148 -5
59149 -5
59150 -5
59151 -5
59152 -5
59153 -5
59154 -5
59155 -5
59156 -5
59157 -5
59158 -5
59159 -5
59160 -5
59161 -5
59162 -5
59163 -5
59164 -5
59165 -5
59166 -5
59167 -5
59168 -5
59169 -5
59170 -5
59171 -5
59172 -5
59173 -5
59174 -5
59175 -5
59176 -5
59177 -5
59178 -5
59179 -5
59180 -5
59181 -5
59182 -5
59183 -5
59184 -5
59185 -5
59186 -5
59187 -5
59188 -5
59189 -5
59190 -5
59191 -5
59192 -5
59193 -5
59194 -5
59195 -5
59196 -5
59197 -5
59198 -5
59199 -5
59200 -5
59201 -5
59202 -5
59203 -5
59204 -5
59205 -5
59206 -5
59207 -5
59208 -5
59209 -5
59210 -5
59211 -5
59212 -5
59213 -5
59214 -5
59215 -5
59216 -5
59217 -5
59218 -5
59219 -5
59220 -5
59221 -5
59222 -5
59223 -5
59224 -5
59225 -5
59226 -5
59227 -5
59228 -5
59229 -5
59230 -5
59231 -5
59232 -5
59233 -5
59234 -5
59235 -5
59236 -5
59237 -5
59238 -5
59239 -5
59240 -5
59241 -5
59242 -5
59243 -5
59244 -5
59245 -5
59246 -5
59247 -5
59248 -5
59249 -5
59250 -5
59251 -5
59252 -5
59253 -5
59254 -5
59255 -5
59256 -5
59257 -5
59258 -5
59259 -5
59260 -5
59261 -5
59262 -5
59263 -5
59264 -5
59265 -5
59266 -5
59267 -5
59268 -5
59269 -5
59270 -5
59271 -5
59272 -5
59273 -5
59274 -5
59275 -5
59276 -5
59277 -5
59278 -5
59279 -5
59280 -5
59281 -5
59282 -5
59283 -5
59284 -5
59285 -5
59286 -5
59287 -5
59288 -5
59289 -5
59290 -5
59291 -5
59292 -5
59293 -5
59294 -5
59295 -5
59296 -5
59297 -5
59298 -5
59299 -5
59300 -5
59301 -5
59302 -5
59303 -5
59304 -5
59305 -5
59306 -5
59307 -5
59308 -5
59309 -5
59310 -5
59311 -5
59312 -5
59313 -5
59314 -5
59315 -5
59316 -5
59317 -5
59318 -5
59319 -5
59320 -5
59321 -5
59322 -5
59323 -5
59324 -5
59325 -5
59326 -5
59327 -5
59328 -5
59329 -5
59330 -5
59331 -5
59332 -5
59333 -5
59334 -5
59335 -5
59336 -5
59337 -5
59338 -5
59339 -5
59340 -5
59341 -5
59342 -5
59343 -5
59344 -5
59345 -5
59346 -5
59347 -5
59348 -5
59349 -5
59350 -5
59351 -5
59352 -5
59353 -5
59354 -5
59355 -5
59356 -5
59357 -5
59358 -5
59359 -5
59360 -5
59361 -5
59362 -5
59363 -5
59364 -5
59365 -5
59366 -5
59367 -5
59368 -5
59369 -5
59370 -5
59371 -5
59372 -5
59373 -5
59374 -5
59375 -5
59376 -5
59377 -5
59378 -5
59379 -5
59380 -5
59381 -5
59382 -5
59383 -5
59384 -5
59385 -5
59386 -5
59387 -5
59388 -5
59389 -5
59390 -5
59391 -5
59392 -5
59393 -5
59394 -5
59395 -5
59396 -5
59397 -5
59398 -5
59399 -5
59400 -5
59401 -5
59402 -5
59403 -5
59404 -5
59405 -5
59406 -5
59407 -5
59408 -5
59409 -5
59410 -5
59411 -5
59412 -5
59413 -5
59414 -5
59415 -5
59416 -5
59417 -5
59418 -5
59419 -5
59420 -5
59421 -5
59422 -5
59423 -5
59424 -5
59425 -5
59426 -5
59427 -5
59428 -5
59429 -5
59430 -5
59431 -5
59432 -5
59433 -5
59434 -5
59435 -5
59436 -5
59437 -5
59438 -5
59439 -5
59440 -5
59441 -5
59442 -5
59443 -5
59444 -5
59445 -5
59446 -5
59447 -5
59448 -5
59449 -5
59450 -5
59451 -5
59452 -5
59453 -5
59454 -5
59455 -5
59456 -5
59457 -5
59458 -5
59459 -5
59460 -5
59461 -5
59462 -5
59463 -5
59464 -5
59465 -5
59466 -5
59467 -5
59468 -5
59469 -5
59470 -5
59471 -5
59472 -5
59473 -5
59474 -5
59475 -5
59476 -5
59477 -5
59478 -5
59479 -5
59480 -5
59481 -5
59482 -5
59483 -5
59484 -5
59485 -5
59486 -5
59487 -5
59488 -5
59489 -5
59490 -5
59491 -5
59492 -5
59493 -5
59494 -5
59495 -5
59496 -5
59497 -5
59498 -5
59499 -5
59500 -5
59501 -5
59502 -5
59503 -5
59504 -5
59505 -5
59506 -5
59507 -5
59508 -5
59509 -5
59510 -5
59511 -5
59512 -5
59513 -5
59514 -5
59515 -5
59516 -5
59517 -5
59518 -5
59519 -5
59520 -6
59521 -6
59522 -6
59523 -6
59524 -6
59525 -6
59526 -6
59527 -6
59528 -6
59529 -6
59530 -6
59531 -6
59532 -6
59533 -6
59534 -6
59535 -6
59536 -6
59537 -6
59538 -6
59539 -6
59540 -6
59541 -6
59542 -6
59543 -6
59544 -6
59545 -6
59546 -6
59547 -6
59548 -6
59549 -6
59550 -6
59551 -6
59552 -6
59553 -6
59554 -6
59555 -6
59556 -6
59557 -6
59558 -6
59559 -6
59560 -6
59561 -6
59562 -6
59563 -6
59564 -6
59565 -6
59566 -6
59567 -6
59568 -6
59569 -6
59570 -6
59571 -6
59572 -6
59573 -6
59574 -6
59575 -6
59576 -6
59577 -6
59578 -6
59579 -6
59580 -6
59581 -6
59582 -6
59583 -6
59584 -6
59585 -6
59586 -6
59587 -6
59588 -6
59589 -6
59590 -6
59591 -6
59592 -6
59593 -6
59594 -6
59595 -6
59596 -6
59597 -6
59598 -6
59599 -6
59600 -6
59601 -6
59602 -6
59603 -6
59604 -6
59605 -6
59606 -6
59607 -6
59608 -6
59609 -6
59610 -6
59611 -6
59612 -6
59613 -6
59614 -6
59615 -6
59616 -6
59617 -6
59618 -6
59619 -6
59620 -6
59621 -6
59622 -6
59623 -6
59624 -6
59625 -6
59626 -6
59627 -6
59628 -6
59629 -6
59630 -6
59631 -6
59632 -6
59633 -6
59634 -6
59635 -6
59636 -6
59637 -6
59638 -6
59639 -6
59640 -6
59641 -6
59642 -6
59643 -6
59644 -6
59645 -6
59646 -6
59647 -6
59648 -6
59649 -6
59650 -6
59651 -6
59652 -6
59653 -6
59654 -6
59655 -6
59656 -6
59657 -6
59658 -6
59659 -6
59660 -6
59661 -6
59662 -6
59663 -6
59664 -6
59665 -6
59666 -6
59667 -6
59668 -6
59669 -6
59670 -6
59671 -6
59672 -6
59673 -6
59674 -6
59675 -6
59676 -6
59677 -6
59678 -6
59679 -6
59680 -6
59681 -6
59682 -6
59683 -6
59684 -6
59685 -6
59686 -6
59687 -6
59688 -6
59689 -6
59690 -6
59691 -6
59692 -6
59693 -6
59694 -6
59695 -6
59696 -6
59697 -6
59698 -6
59699 -6
59700 -6
59701 -6
59702 -6
59703 -6
59704 -6
59705 -6
59706 -6
59707 -6
59708 -6
59709 -6
59710 -6
59711 -6
59712 -6
59713 -6
59714 -6
59715 -6
59716 -6
59717 -6
59718 -6
59719 -6
59720 -6
59721 -6
59722 -6
59723 -6
59724 -6
59725 -6
59726 -6
59727 -6
59728 -6
59729 -6
59730 -6
59731 -6
59732 -6
59733 -6
59734 -6
59735 -6
59736 -6
59737 -6
59738 -6
59739 -6
59740 -6
59741 -6
59742 -6
59743 -6
59744 -6
59745 -6
59746 -6
59747 -6
59748 -6
59749 -6
59750 -6
59751 -6
59752 -6
59753 -6
59754 -6
59755 -6
59756 -6
59757 -6
59758 -6
59759 -6
59760 -6
59761 -6
59762 -6
59763 -6
59764 -6
59765 -6
59766 -6
59767 -6
59768 -6
59769 -6
59770 -6
59771 -6
59772 -6
59773 -6
59774 -6
59775 -6
59776 -6
59777 -6
59778 -6
59779 -6
59780 -6
59781 -6
59782 -6
59783 -6
59784 -6
59785 -6
59786 -6
59787 -6
59788 -6
59789 -6
59790 -6
59791 -6
59792 -6
59793 -6
59794 -6
59795 -6
59796 -6
59797 -6
59798 -6
59799 -6
59800 -6
59801 -6
59802 -6
59803 -6
59804 -6
59805 -6
59806 -6
59807 -6
59808 -6
59809 -6
59810 -6
59811 -6
59812 -6
59813 -6
59814 -6
59815 -6
59816 -6
59817 -6
59818 -6
59819 -6
59820 -6
59821 -6
59822 -6
59823 -6
59824 -6
59825 -6
59826 -6
59827 -6
59828 -6
59829 -6
59830 -6
59831 -6
59832 -6
59833 -6
59834 -6
59835 -6
59836 -6
59837 -6
59838 -6
59839 -6
59840 -6
59841 -6
59842 -6
59843 -6
59844 -6
59845 -6
59846 -6
59847 -6
59848 -6
59849 -6
59850 -6
59851 -6
59852 -6
59853 -6
59854 -6
59855 -6
59856 -6
59857 -6
59858 -6
59859 -6
59860 -6
59861 -6
59862 -6
59863 -6
59864 -6
59865 -6
59866 -6
59867 -6
59868 -6
59869 -6
59870 -6
59871 -6
59872 -6
59873 -6
59874 -6
59875 -6
59876 -6
59877 -6
59878 -6
59879 -6
59880 -6
59881 -6
59882 -6
59883 -6
59884 -6
59885 -6
59886 -6
59887 -6
59888 -6
59889 -6
59890 -6
59891 -6
59892 -6
59893 -6
59894 -6
59895 -6
59896 -6
59897 -6
59898 -6
59899 -6
59900 -6
59901 -6
59902 -6
59903 -6
59904 -6
59905 -6
59906 -6
59907 -6
59908 -6
59909 -6
59910 -6
59911 -6
59912 -6
59913 -6
59914 -6
59915 -6
59916 -6
59917 -6
59918 -6
59919 -6
59920 -6
59921 -6
59922 -6
59923 -6
59924 -6
59925 -6
59926 -6
59927 -6
59928 -6
59929 -6
59930 -6
59931 -6
59932 -6
59933 -6
59934 -6
59935 -6
59936 -6
59937 -6
59938 -6
59939 -6
59940 -6
59941 -6
59942 -6
59943 -6
59944 -6
59945 -6
59946 -6
59947 -6
59948 -6
59949 -6
59950 -6
59951 -6
59952 -6
59953 -6
59954 -6
59955 -6
59956 -6
59957 -6
59958 -6
59959 -6
59960 -6
59961 -6
59962 -6
59963 -6
59964 -6
59965 -6
59966 -6
59967 -6
59968 -6
59969 -6
59970 -6
59971 -6
59972 -6
59973 -6
59974 -6
59975 -6
59976 -6
59977 -6
59978 -6
59979 -6
59980 -6
59981 -6
59982 -6
59983 -6
59984 -6
59985 -6
59986 -6
59987 -6
59988 -6
59989 -6
59990 -6
59991 -6
59992 -6
59993 -6
59994 -6
59995 -6
59996 -6
59997 -6
59998 -6
59999 -6
60000 -6
60001 -6
60002 -6
60003 -6
60004 -6
60005 -6
60006 -6
60007 -6
60008 -6
60009 -6
60010 -6
60011 -6
60012 -6
60013 -6
60014 -6
60015 -6
60016 -6
60017 -6
60018 -6
60019 -6
60020 -6
60021 -6
60022 -6
60023 -6
60024 -6
60025 -6
60026 -6
60027 -6
60028 -6
60029 -6
60030 -6
60031 -6
60032 -6
60033 -6
60034 -6
60035 -6
60036 -6
60037 -6
60038 -6
60039 -6
60040 -6
60041 -6
60042 -6
60043 -6
60044 -6
60045 -6
60046 -6
60047 -6
60048 -6
60049 -6
60050 -6
60051 -6
60052 -6
60053 -6
60054 -6
60055 -6
60056 -6
60057 -6
60058 -6
60059 -6
60060 -6
60061 -6
60062 -6
60063 -6
60064 -6
60065 -6
60066 -6
60067 -6
60068 -6
60069 -6
60070 -6
60071 -6
60072 -6
60073 -6
60074 -6
60075 -6
60076 -6
60077 -6
60078 -6
60079 -6
60080 -6
60081 -6
60082 -6
60083 -6
60084 -6
60085 -6
60086 -6
60087 -6
60088 -6
60089 -6
60090 -6
60091 -6
60092 -6
60093 -6
60094 -6
60095 -6
60096 -6
60097 -6
60098 -6
60099 -6
60100 -6
60101 -6
60102 -6
60103 -6
60104 -6
60105 -6
60106 -6
60107 -6
60108 -6
60109 -6
60110 -6
60111 -6
60112 -6
60113 -6
60114 -6
60115 -6
60116 -6
60117 -6
60118 -6
60119 -6
60120 -6
60121 -6
60122 -6
60123 -6
60124 -6
60125 -6
60126 -6
60127 -6
60128 -6
60129 -6
60130 -6
60131 -6
60132 -6
60133 -6
60134 -6
60135 -6
60136 -6
60137 -6
60138 -6
60139 -6
60140 -6
60141 -6
60142 -6
60143 -6
60144 -6
60145 -6
60146 -6
60147 -6
60148 -6
60149 -6
60150 -6
60151 -6
60152 -6
60153 -6
60154 -6
60155 -6
60156 -6
60157 -6
60158 -6
60159 -6
60160 -6
60161 -6
60162 -6
60163 -6
60164 -6
60165 -6
60166 -6
60167 -6
60168 -6
60169 -6
60170 -6
60171 -6
60172 -6
60173 -6
60174 -6
60175 -6
60176 -6
60177 -6
60178 -6
60179 -6
60180 -6
60181 -6
60182 -6
60183 -6
60184 -6
60185 -6
60186 -6
60187 -6
60188 -6
60189 -6
60190 -6
60191 -6
60192 -6
60193 -6
60194 -6
60195 -6
60196 -6
60197 -6
60198 -6
60199 -6
60200 -6
60201 -6
60202 -6
60203 -6
60204 -6
60205 -6
60206 -6
60207 -6
60208 -6
60209 -6
60210 -6
60211 -6
60212 -6
60213 -6
60214 -6
60215 -6
60216 -6
60217 -6
60218 -6
60219 -6
60220 -6
60221 -6
60222 -6
60223 -6
60224 -6
60225 -6
60226 -6
60227 -6
60228 -6
60229 -6
60230 -6
60231 -6
60232 -6
60233 -6
60234 -6
60235 -6
60236 -6
60237 -6
60238 -6
60239 -6
60240 -6
60241 -6
60242 -6
60243 -6
60244 -6
60245 -6
60246 -6
60247 -6
60248 -6
60249 -6
60250 -6
60251 -6
60252 -6
60253 -6
60254 -6
60255 -6
60256 -6
60257 -6
60258 -6
60259 -6
60260 -6
60261 -6
60262 -6
60263 -6
60264 -6
60265 -6
60266 -6
60267 -6
60268 -6
60269 -6
60270 -6
60271 -6
60272 -6
60273 -6
60274 -6
60275 -6
60276 -6
60277 -6
60278 -6
60279 -6
60280 -6
60281 -6
60282 -6
60283 -6
60284 -6
60285 -6
60286 -6
60287 -6
60288 -7
60289 -7
60290 -7
60291 -7
60292 -7
60293 -7
60294 -7
60295 -7
60296 -7
60297 -7
60298 -7
60299 -7
60300 -7
60301 -7
60302 -7
60303 -7
60304 -7
60305 -7
60306 -7
60307 -7
60308 -7
60309 -7
60310 -7
60311 -7
60312 -7
60313 -7
60314 -7
60315 -7
60316 -7
60317 -7
60318 -7
60319 -7
60320 -7
60321 -7
60322 -7
60323 -7
60324 -7
60325 -7
60326 -7
60327 -7
60328 -7
60329 -7
60330 -7
60331 -7
60332 -7
60333 -7
60334 -7
60335 -7
60336 -7
60337 -7
60338 -7
60339 -7
60340 -7
60341 -7
60342 -7
60343 -7
60344 -7
60345 -7
60346 -7
60347 -7
60348 -7
60349 -7
60350 -7
60351 -7
60352 -7
60353 -7
60354 -7
60355 -7
60356 -7
60357 -7
60358 -7
60359 -7
60360 -7
60361 -7
60362 -7
60363 -7
60364 -7
60365 -7
60366 -7
60367 -7
60368 -7
60369 -7
60370 -7
60371 -7
60372 -7
60373 -7
60374 -7
60375 -7
60376 -7
60377 -7
60378 -7
60379 -7
60380 -7
60381 -7
60382 -7
60383 -7
60384 -7
60385 -7
60386 -7
60387 -7
60388 -7
60389 -7
60390 -7
60391 -7
60392 -7
60393 -7
60394 -7
60395 -7
60396 -7
60397 -7
60398 -7
60399 -7
60400 -7
60401 -7
60402 -7
60403 -7
60404 -7
60405 -7
60406 -7
60407 -7
60408 -7
60409 -7
60410 -7
60411 -7
60412 -7
60413 -7
60414 -7
60415 -7
60416 -7
60417 -7
60418 -7
60419 -7
60420 -7
60421 -7
60422 -7
60423 -7
60424 -7
60425 -7
60426 -7
60427 -7
60428 -7
60429 -7
60430 -7
60431 -7
60432 -7
60433 -7
60434 -7
60435 -7
60436 -7
60437 -7
60438 -7
60439 -7
60440 -7
60441 -7
60442 -7
60443 -7
60444 -7
60445 -7
60446 -7
60447 -7
60448 -7
60449 -7
60450 -7
60451 -7
60452 -7
60453 -7
60454 -7
60455 -7
60456 -7
60457 -7
60458 -7
60459 -7
60460 -7
60461 -7
60462 -7
60463 -7
60464 -7
60465 -7
60466 -7
60467 -7
60468 -7
60469 -7
60470 -7
60471 -7
60472 -7
60473 -7
60474 -7
60475 -7
60476 -7
60477 -7
60478 -7
60479 -7
60480 -7
60481 -7
60482 -7
60483 -7
60484 -7
60485 -7
60486 -7
60487 -7
60488 -7
60489 -7
60490 -7
60491 -7
60492 -7
60493 -7
60494 -7
60495 -7
60496 -7
60497 -7
60498 -7
60499 -7
60500 -7
60501 -7
60502 -7
60503 -7
60504 -7
60505 -7
60506 -7
60507 -7
60508 -7
60509 -7
60510 -7
60511 -7
60512 -7
60513 -7
60514 -7
60515 -7
60516 -7
60517 -7
60518 -7
60519 -7
60520 -7
60521 -7
60522 -7
60523 -7
60524 -7
60525 -7
60526 -7
60527 -7
60528 -7
60529 -7
60530 -7
60531 -7
60532 -7
60533 -7
60534 -7
60535 -7
60536 -7
60537 -7
60538 -7
60539 -7
60540 -7
60541 -7
60542 -7
60543 -7
60544 -7
60545 -7
60546 -7
60547 -7
60548 -7
60549 -7
60550 -7
60551 -7
60552 -7
60553 -7
60554 -7
60555 -7
60556 -7
60557 -7
60558 -7
60559 -7
60560 -7
60561 -7
60562 -7
60563 -7
60564 -7
60565 -7
60566 -7
60567 -7
60568 -7
60569 -7
60570 -7
60571 -7
60572 -7
60573 -7
60574 -7
60575 -7
60576 -7
60577 -7
60578 -7
60579 -7
60580 -7
60581 -7
60582 -7
60583 -7
60584 -7
60585 -7
60586 -7
60587 -7
60588 -7
60589 -7
60590 -7
60591 -7
60592 -7
60593 -7
60594 -7
60595 -7
60596 -7
60597 -7
60598 -7
60599 -7
60600 -7
60601 -7
60602 -7
60603 -7
60604 -7
60605 -7
60606 -7
60607 -7
60608 -7
60609 -7
60610 -7
60611 -7
60612 -7
60613 -7
60614 -7
60615 -7
60616 -7
60617 -7
60618 -7
60619 -7
60620 -7
60621 -7
60622 -7
60623 -7
60624 -7
60625 -7
60626 -7
60627 -7
60628 -7
60629 -7
60630 -7
60631 -7
60632 -7
60633 -7
60634 -7
60635 -7
60636 -7
60637 -7
60638 -7
60639 -7
60640 -7
60641 -7
60642 -7
60643 -7
60644 -7
60645 -7
60646 -7
60647 -7
60648 -7
60649 -7
60650 -7
60651 -7
60652 -7
60653 -7
60654 -7
60655 -7
60656 -7
60657 -7
60658 -7
60659 -7
60660 -7
60661 -7
60662 -7
60663 -7
60664 -7
60665 -7
60666 -7
60667 -7
60668 -7
60669 -7
60670 -7
60671 -7
60672 -7
60673 -7
60674 -7
60675 -7
60676 -7
60677 -7
60678 -7
60679 -7
60680 -7
60681 -7
60682 -7
60683 -7
60684 -7
60685 -7
60686 -7
60687 -7
60688 -7
60689 -7
60690 -7
60691 -7
60692 -7
60693 -7
60694 -7
60695 -7
60696 -7
60697 -7
60698 -7
60699 -7
60700 -7
60701 -7
60702 -7
60703 -7
60704 -7
60705 -7
60706 -7
60707 -7
60708 -7
60709 -7
60710 -7
60711 -7
60712 -7
60713 -7
60714 -7
60715 -7
60716 -7
60717 -7
60718 -7
60719 -7
60720 -7
60721 -7
60722 -7
60723 -7
60724 -7
60725 -7
60726 -7
60727 -7
60728 -7
60729 -7
60730 -7
60731 -7
60732 -7
60733 -7
60734 -7
60735 -7
60736 -7
60737 -7
60738 -7
60739 -7
60740 -7
60741 -7
60742 -7
60743 -7
60744 -7
60745 -7
60746 -7
60747 -7
60748 -7
60749 -7
60750 -7
60751 -7
60752 -7
60753 -7
60754 -7
60755 -7
60756 -7
60757 -7
60758 -7
60759 -7
60760 -7
60761 -7
60762 -7
60763 -7
60764 -7
60765 -7
60766 -7
60767 -7
60768 -7
60769 -7
60770 -7
60771 -7
60772 -7
60773 -7
60774 -7
60775 -7
60776 -7
60777 -7
60778 -7
60779 -7
60780 -7
60781 -7
60782 -7
60783 -7
60784 -7
60785 -7
60786 -7
60787 -7
60788 -7
60789 -7
60790 -7
60791 -7
60792 -7
60793 -7
60794 -7
60795 -7
60796 -7
60797 -7
60798 -7
60799 -7
60800 -7
60801 -7
60802 -7
60803 -7
60804 -7
60805 -7
60806 -7
60807 -7
60808 -7
60809 -7
60810 -7
60811 -7
60812 -7
60813 -7
60814 -7
60815 -7
60816 -7
60817 -7
60818 -7
60819 -7
60820 -7
60821 -7
60822 -7
60823 -7
60824 -7
60825 -7
60826 -7
60827 -7
60828 -7
60829 -7
60830 -7
60831 -7
60832 -7
60833 -7
60834 -7
60835 -7
60836 -7
60837 -7
60838 -7
60839 -7
60840 -7
60841 -7
60842 -7
60843 -7
60844 -7
60845 -7
60846 -7
60847 -7
60848 -7
60849 -7
60850 -7
60851 -7
60852 -7
60853 -7
60854 -7
60855 -7
60856 -7
60857 -7
60858 -7
60859 -7
60860 -7
60861 -7
60862 -7
60863 -7
60864 -7
60865 -7
60866 -7
60867 -7
60868 -7
60869 -7
60870 -7
60871 -7
60872 -7
60873 -7
60874 -7
60875 -7
60876 -7
60877 -7
60878 -7
60879 -7
60880 -7
60881 -7
60882 -7
60883 -7
60884 -7
60885 -7
60886 -7
60887 -7
60888 -7
60889 -7
60890 -7
60891 -7
60892 -7
60893 -7
60894 -7
60895 -7
60896 -7
60897 -7
60898 -7
60899 -7
60900 -7
60901 -7
60902 -7
60903 -7
60904 -7
60905 -7
60906 -7
60907 -7
60908 -7
60909 -7
60910 -7
60911 -7
60912 -7
60913 -7
60914 -7
60915 -7
60916 -7
60917 -7
60918 -7
60919 -7
60920 -7
60921 -7
60922 -7
60923 -7
60924 -7
60925 -7
60926 -7
60927 -7
60928 -7
60929 -7
60930 -7
60931 -7
60932 -7
60933 -7
60934 -7
60935 -7
60936 -7
60937 -7
60938 -7
60939 -7
60940 -7
60941 -7
60942 -7
60943 -7
60944 -7
60945 -7
60946 -7
60947 -7
60948 -7
60949 -7
60950 -7
60951 -7
60952 -7
60953 -7
60954 -7
60955 -7
60956 -7
60957 -7
60958 -7
60959 -7
60960 -7
60961 -7
60962 -7
60963 -7
60964 -7
60965 -7
60966 -7
60967 -7
60968 -7
60969 -7
60970 -7
60971 -7
60972 -7
60973 -7
60974 -7
60975 -7
60976 -7
60977 -7
60978 -7
60979 -7
60980 -7
60981 -7
60982 -7
60983 -7
60984 -7
60985 -7
60986 -7
60987 -7
60988 -7
60989 -7
60990 -7
60991 -7
60992 -7
60993 -7
60994 -7
60995 -7
60996 -7
60997 -7
60998 -7
60999 -7
61000 -7
61001 -7
61002 -7
61003 -7
61004 -7
61005 -7
61006 -7
61007 -7
61008 -7
61009 -7
61010 -7
61011 -7
61012 -7
61013 -7
61014 -7
61015 -7
61016 -7
61017 -7
61018 -7
61019 -7
61020 -7
61021 -7
61022 -7
61023 -7
61024 -7
61025 -7
61026 -7
61027 -7
61028 -7
61029 -7
61030 -7
61031 -7
61032 -7
61033 -7
61034 -7
61035 -7
61036 -7
61037 -7
61038 -7
61039 -7
61040 -7
61041 -7
61042 -7
61043 -7
61044 -7
61045 -7
61046 -7
61047 -7
61048 -7
61049 -7
61050 -7
61051 -7
61052 -7
61053 -7
61054 -7
61055 -7
61056 -8
61057 -8
61058 -8
61059 -8
61060 -8
61061 -8
61062 -8
61063 -8
61064 -8
61065 -8
61066 -8
61067 -8
61068 -8
61069 -8
61070 -8
61071 -8
61072 -8
61073 -8
61074 -8
61075 -8
61076 -8
61077 -8
61078 -8
61079 -8
61080 -8
61081 -8
61082 -8
61083 -8
61084 -8
61085 -8
61086 -8
61087 -8
61088 -8
61089 -8
61090 -8
61091 -8
61092 -8
61093 -8
61094 -8
61095 -8
61096 -8
61097 -8
61098 -8
61099 -8
61100 -8
61101 -8
61102 -8
61103 -8
61104 -8
61105 -8
61106 -8
61107 -8
61108 -8
61109 -8
61110 -8
61111 -8
61112 -8
61113 -8
61114 -8
61115 -8
61116 -8
61117 -8
61118 -8
61119 -8
61120 -8
61121 -8
61122 -8
61123 -8
61124 -8
61125 -8
61126 -8
61127 -8
61128 -8
61129 -8
61130 -8
61131 -8
61132 -8
61133 -8
61134 -8
61135 -8
61136 -8
61137 -8
61138 -8
61139 -8
61140 -8
61141 -8
61142 -8
61143 -8
61144 -8
61145 -8
61146 -8
61147 -8
61148 -8
61149 -8
61150 -8
61151 -8
61152 -8
61153 -8
61154 -8
61155 -8
61156 -8
61157 -8
61158 -8
61159 -8
61160 -8
61161 -8
61162 -8
61163 -8
61164 -8
61165 -8
61166 -8
61167 -8
61168 -8
61169 -8
61170 -8
61171 -8
61172 -8
61173 -8
61174 -8
61175 -8
61176 -8
61177 -8
61178 -8
61179 -8
61180 -8
61181 -8
61182 -8
61183 -8
61184 -8
61185 -8
61186 -8
61187 -8
61188 -8
61189 -8
61190 -8
61191 -8
61192 -8
61193 -8
61194 -8
61195 -8
61196 -8
61197 -8
61198 -8
61199 -8
61200 -8
61201 -8
61202 -8
61203 -8
61204 -8
61205 -8
61206 -8
61207 -8
61208 -8
61209 -8
61210 -8
61211 -8
61212 -8
61213 -8
61214 -8
61215 -8
61216 -8
61217 -8
61218 -8
61219 -8
61220 -8
61221 -8
61222 -8
61223 -8
61224 -8
61225 -8
61226 -8
61227 -8
61228 -8
61229 -8
61230 -8
61231 -8
61232 -8
61233 -8
61234 -8
61235 -8
61236 -8
61237 -8
61238 -8
61239 -8
61240 -8
61241 -8
61242 -8
61243 -8
61244 -8
61245 -8
61246 -8
61247 -8
61248 -8
61249 -8
61250 -8
61251 -8
61252 -8
61253 -8
61254 -8
61255 -8
61256 -8
61257 -8
61258 -8
61259 -8
61260 -8
61261 -8
61262 -8
61263 -8
61264 -8
61265 -8
61266 -8
61267 -8
61268 -8
61269 -8
61270 -8
61271 -8
61272 -8
61273 -8
61274 -8
61275 -8
61276 -8
61277 -8
61278 -8
61279 -8
61280 -8
61281 -8
61282 -8
61283 -8
61284 -8
61285 -8
61286 -8
61287 -8
61288 -8
61289 -8
61290 -8
61291 -8
61292 -8
61293 -8
61294 -8
61295 -8
61296 -8
61297 -8
61298 -8
61299 -8
61300 -8
61301 -8
61302 -8
61303 -8
61304 -8
61305 -8
61306 -8
61307 -8
61308 -8
61309 -8
61310 -8
61311 -8
61312 -8
61313 -8
61314 -8
61315 -8
61316 -8
61317 -8
61318 -8
61319 -8
61320 -8
61321 -8
61322 -8
61323 -8
61324 -8
61325 -8
61326 -8
61327 -8
61328 -8
61329 -8
61330 -8
61331 -8
61332 -8
61333 -8
61334 -8
61335 -8
61336 -8
61337 -8
61338 -8
61339 -8
61340 -8
61341 -8
61342 -8
61343 -8
61344 -8
61345 -8
61346 -8
61347 -8
61348 -8
61349 -8
61350 -8
61351 -8
61352 -8
61353 -8
61354 -8
61355 -8
61356 -8
61357 -8
61358 -8
61359 -8
61360 -8
61361 -8
61362 -8
61363 -8
61364 -8
61365 -8
61366 -8
61367 -8
61368 -8
61369 -8
61370 -8
61371 -8
61372 -8
61373 -8
61374 -8
61375 -8
61376 -8
61377 -8
61378 -8
61379 -8
61380 -8
61381 -8
61382 -8
61383 -8
61384 -8
61385 -8
61386 -8
61387 -8
61388 -8
61389 -8
61390 -8
61391 -8
61392 -8
61393 -8
61394 -8
61395 -8
61396 -8
61397 -8
61398 -8
61399 -8
61400 -8
61401 -8
61402 -8
61403 -8
61404 -8
61405 -8
61406 -8
61407 -8
61408 -8
61409 -8
61410 -8
61411 -8
61412 -8
61413 -8
61414 -8
61415 -8
61416 -8
61417 -8
61418 -8
61419 -8
61420 -8
61421 -8
61422 -8
61423 -8
61424 -8
61425 -8
61426 -8
61427 -8
61428 -8
61429 -8
61430 -8
61431 -8
61432 -8
61433 -8
61434 -8
61435 -8
61436 -8
61437 -8
61438 -8
61439 -8
61440 -5
61441 -5
61442 -5
61443 -5
61444 -5
61445 -5
61446 -5
61447 -5
61448 -5
61449 -5
61450 -5
61451 -5
61452 -5
61453 -5
61454 -5
61455 -5
61456 -5
61457 -5
61458 -5
61459 -5
61460 -5
61461 -5
61462 -5
61463 -5
61464 -5
61465 -5
61466 -5
61467 -5
61468 -5
61469 -5
61470 -5
61471 -5
61472 -5
61473 -5
61474 -5
61475 -5
61476 -5
61477 -5
61478 -5
61479 -5
61480 -5
61481 -5
61482 -5
61483 -5
61484 -5
61485 -5
61486 -5
61487 -5
61488 -5
61489 -5
61490 -5
61491 -5
61492 -5
61493 -5
61494 -5
61495 -5
61496 -5
61497 -5
61498 -5
61499 -5
61500 -5
61501 -5
61502 -5
61503 -5
61504 -5
61505 -5
61506 -5
61507 -5
61508 -5
61509 -5
61510 -5
61511 -5
61512 -5
61513 -5
61514 -5
61515 -5
61516 -5
61517 -5
61518 -5
61519 -5
61520 -5
61521 -5
61522 -5
61523 -5
61524 -5
61525 -5
61526 -5
61527 -5
61528 -5
61529 -5
61530 -5
61531 -5
61532 -5
61533 -5
61534 -5
61535 -5
61536 -5
61537 -5
61538 -5
61539 -5
61540 -5
61541 -5
61542 -5
61543 -5
61544 -5
61545 -5
61546 -5
61547 -5
61548 -5
61549 -5
61550 -5
61551 -5
61552 -5
61553 -5
61554 -5
61555 -5
61556 -5
61557 -5
61558 -5
61559 -5
61560 -5
61561 -5
61562 -5
61563 -5
61564 -5
61565 -5
61566 -5
61567 -5
61568 -5
61569 -5
61570 -5
61571 -5
61572 -5
61573 -5
61574 -5
61575 -5
61576 -5
61577 -5
61578 -5
61579 -5
61580 -5
61581 -5
61582 -5
61583 -5
61584 -5
61585 -5
61586 -5
61587 -5
61588 -5
61589 -5
61590 -5
61591 -5
61592 -5
61593 -5
61594 -5
61595 -5
61596 -5
61597 -5
61598 -5
61599 -5
61600 -5
61601 -5
61602 -5
61603 -5
61604 -5
61605 -5
61606 -5
61607 -5
61608 -5
61609 -5
61610 -5
61611 -5
61612 -5
61613 -5
61614 -5
61615 -5
61616 -5
61617 -5
61618 -5
61619 -5
61620 -5
61621 -5
61622 -5
61623 -5
61624 -5
61625 -5
61626 -5
61627 -5
61628 -5
61629 -5
61630 -5
61631 -5
61632 -5
61633 -5
61634 -5
61635 -5
61636 -5
61637 -5
61638 -5
61639 -5
61640 -5
61641 -5
61642 -5
61643 -5
61644 -5
61645 -5
61646 -5
61647 -5
61648 -5
61649 -5
61650 -5
61651 -5
61652 -5
61653 -5
61654 -5
61655 -5
61656 -5
61657 -5
61658 -5
61659 -5
61660 -5
61661 -5
61662 -5
61663 -5
61664 -5
61665 -5
61666 -5
61667 -5
61668 -5
61669 -5
61670 -5
61671 -5
61672 -5
61673 -5
61674 -5
61675 -5
61676 -5
61677 -5
61678 -5
61679 -5
61680 -5
61681 -5
61682 -5
61683 -5
61684 -5
61685 -5
61686 -5
61687 -5
61688 -5
61689 -5
61690 -5
61691 -5
61692 -5
61693 -5
61694 -5
61695 -5
61696 -5
61697 -5
61698 -5
61699 -5
61700 -5
61701 -5
61702 -5
61703 -5
61704 -5
61705 -5
61706 -5
61707 -5
61708 -5
61709 -5
61710 -5
61711 -5
61712 -5
61713 -5
61714 -5
61715 -5
61716 -5
61717 -5
61718 -5
61719 -5
61720 -5
61721 -5
61722 -5
61723 -5
61724 -5
61725 -5
61726 -5
61727 -5
61728 -5
61729 -5
61730 -5
61731 -5
61732 -5
61733 -5
61734 -5
61735 -5
61736 -5
61737 -5
61738 -5
61739 -5
61740 -5
61741 -5
61742 -5
61743 -5
61744 -5
61745 -5
61746 -5
61747 -5
61748 -5
61749 -5
61750 -5
61751 -5
61752 -5
61753 -5
61754 -5
61755 -5
61756 -5
61757 -5
61758 -5
61759 -5
61760 -5
61761 -5
61762 -5
61763 -5
61764 -5
61765 -5
61766 -5
61767 -5
61768 -5
61769 -5
61770 -5
61771 -5
61772 -5
61773 -5
61774 -5
61775 -5
61776 -5
61777 -5
61778 -5
61779 -5
61780 -5
61781 -5
61782 -5
61783 -5
61784 -5
61785 -5
61786 -5
61787 -5
61788 -5
61789 -5
61790 -5
61791 -5
61792 -5
61793 -5
61794 -5
61795 -5
61796 -5
61797 -5
61798 -5
61799 -5
61800 -5
61801 -5
61802 -5
61803 -5
61804 -5
61805 -5
61806 -5
61807 -5
61808 -5
61809 -5
61810 -5
61811 -5
61812 -5
61813 -5
61814 -5
61815 -5
61816 -5
61817 -5
61818 -5
61819 -5
61820 -5
61821 -5
61822 -5
61823 -5
61824 -6
61825 -6
61826 -6
61827 -6
61828 -6
61829 -6
61830 -6
61831 -6
61832 -6
61833 -6
61834 -6
61835 -6
61836 -6
61837 -6
61838 -6
61839 -6
61840 -6
61841 -6
61842 -6
61843 -6
61844 -6
61845 -6
61846 -6
61847 -6
61848 -6
61849 -6
61850 -6
61851 -6
61852 -6
61853 -6
61854 -6
61855 -6
61856 -6
61857 -6
61858 -6
61859 -6
61860 -6
61861 -6
61862 -6
61863 -6
61864 -6
61865 -6
61866 -6
61867 -6
61868 -6
61869 -6
61870 -6
61871 -6
61872 -6
61873 -6
61874 -6
61875 -6
61876 -6
61877 -6
61878 -6
61879 -6
61880 -6
61881 -6
61882 -6
61883 -6
61884 -6
61885 -6
61886 -6
61887 -6
61888 -6
61889 -6
61890 -6
61891 -6
61892 -6
61893 -6
61894 -6
61895 -6
61896 -6
61897 -6
61898 -6
61899 -6
61900 -6
61901 -6
61902 -6
61903 -6
61904 -6
61905 -6
61906 -6
61907 -6
61908 -6
61909 -6
61910 -6
61911 -6
61912 -6
61913 -6
61914 -6
61915 -6
61916 -6
61917 -6
61918 -6
61919 -6
61920 -6
61921 -6
61922 -6
61923 -6
61924 -6
61925 -6
61926 -6
61927 -6
61928 -6
61929 -6
61930 -6
61931 -6
61932 -6
61933 -6
61934 -6
61935 -6
61936 -6
61937 -6
61938 -6
61939 -6
61940 -6
61941 -6
61942 -6
61943 -6
61944 -6
61945 -6
61946 -6
61947 -6
61948 -6
61949 -6
61950 -6
61951 -6
61952 -6
61953 -6
61954 -6
61955 -6
61956 -6
61957 -6
61958 -6
61959 -6
61960 -6
61961 -6
61962 -6
61963 -6
61964 -6
61965 -6
61966 -6
61967 -6
61968 -6
61969 -6
61970 -6
61971 -6
61972 -6
61973 -6
61974 -6
61975 -6
61976 -6
61977 -6
61978 -6
61979 -6
61980 -6
61981 -6
61982 -6
61983 -6
61984 -6
61985 -6
61986 -6
61987 -6
61988 -6
61989 -6
61990 -6
61991 -6
61992 -6
61993 -6
61994 -6
61995 -6
61996 -6
61997 -6
61998 -6
61999 -6
62000 -6
62001 -6
62002 -6
62003 -6
62004 -6
62005 -6
62006 -6
62007 -6
62008 -6
62009 -6
62010 -6
62011 -6
62012 -6
62013 -6
62014 -6
62015 -6
62016 -6
62017 -6
62018 -6
62019 -6
62020 -6
62021 -6
62022 -6
62023 -6
62024 -6
62025 -6
62026 -6
62027 -6
62028 -6
62029 -6
62030 -6
62031 -6
62032 -6
62033 -6
62034 -6
62035 -6
62036 -6
62037 -6
62038 -6
62039 -6
62040 -6
62041 -6
62042 -6
62043 -6
62044 -6
62045 -6
62046 -6
62047 -6
62048 -6
62049 -6
62050 -6
62051 -6
62052 -6
62053 -6
62054 -6
62055 -6
62056 -6
62057 -6
62058 -6
62059 -6
62060 -6
62061 -6
62062 -6
62063 -6
62064 -6
62065 -6
62066 -6
62067 -6
62068 -6
62069 -6
62070 -6
62071 -6
62072 -6
62073 -6
62074 -6
62075 -6
62076 -6
62077 -6
62078 -6
62079 -6
62080 -6
62081 -6
62082 -6
62083 -6
62084 -6
62085 -6
62086 -6
62087 -6
62088 -6
62089 -6
62090 -6
62091 -6
62092 -6
62093 -6
62094 -6
62095 -6
62096 -6
62097 -6
62098 -6
62099 -6
62100 -6
62101 -6
62102 -6
62103 -6
62104 -6
62105 -6
62106 -6
62107 -6
62108 -6
62109 -6
62110 -6
62111 -6
62112 -6
62113 -6
62114 -6
62115 -6
62116 -6
62117 -6
62118 -6
62119 -6
62120 -6
62121 -6
62122 -6
62123 -6
62124 -6
62125 -6
62126 -6
62127 -6
62128 -6
62129 -6
62130 -6
62131 -6
62132 -6
62133 -6
62134 -6
62135 -6
62136 -6
62137 -6
62138 -6
62139 -6
62140 -6
62141 -6
62142 -6
62143 -6
62144 -6
62145 -6
62146 -6
62147 -6
62148 -6
62149 -6
62150 -6
62151 -6
62152 -6
62153 -6
62154 -6
62155 -6
62156 -6
62157 -6
62158 -6
62159 -6
62160 -6
62161 -6
62162 -6
62163 -6
62164 -6
62165 -6
62166 -6
62167 -6
62168 -6
62169 -6
62170 -6
62171 -6
62172 -6
62173 -6
62174 -6
62175 -6
62176 -6
62177 -6
62178 -6
62179 -6
62180 -6
62181 -6
62182 -6
62183 -6
62184 -6
62185 -6
62186 -6
62187 -6
62188 -6
62189 -6
62190 -6
62191 -6
62192 -6
62193 -6
62194 -6
62195 -6
62196 -6
62197 -6
62198 -6
62199 -6
62200 -6
62201 -6
62202 -6
62203 -6
62204 -6
62205 -6
62206 -6
62207 -6
62208 -6
62209 -6
62210 -6
62211 -6
62212 -6
62213 -6
62214 -6
62215 -6
62216 -6
62217 -6
62218 -6
62219 -6
62220 -6
62221 -6
62222 -6
62223 -6
62224 -6
62225 -6
62226 -6
62227 -6
62228 -6
62229 -6
62230 -6
62231 -6
62232 -6
62233 -6
62234 -6
62235 -6
62236 -6
62237 -6
62238 -6
62239 -6
62240 -6
62241 -6
62242 -6
62243 -6
62244 -6
62245 -6
62246 -6
62247 -6
62248 -6
62249 -6
62250 -6
62251 -6
62252 -6
62253 -6
62254 -6
62255 -6
62256 -6
62257 -6
62258 -6
62259 -6
62260 -6
62261 -6
62262 -6
62263 -6
62264 -6
62265 -6
62266 -6
62267 -6
62268 -6
62269 -6
62270 -6
62271 -6
62272 -6
62273 -6
62274 -6
62275 -6
62276 -6
62277 -6
62278 -6
62279 -6
62280 -6
62281 -6
62282 -6
62283 -6
62284 -6
62285 -6
62286 -6
62287 -6
62288 -6
62289 -6
62290 -6
62291 -6
62292 -6
62293 -6
62294 -6
62295 -6
62296 -6
62297 -6
62298 -6
62299 -6
62300 -6
62301 -6
62302 -6
62303 -6
62304 -6
62305 -6
62306 -6
62307 -6
62308 -6
62309 -6
62310 -6
62311 -6
62312 -6
62313 -6
62314 -6
62315 -6
62316 -6
62317 -6
62318 -6
62319 -6
62320 -6
62321 -6
62322 -6
62323 -6
62324 -6
62325 -6
62326 -6
62327 -6
62328 -6
62329 -6
62330 -6
62331 -6
62332 -6
62333 -6
62334 -6
62335 -6
62336 -6
62337 -6
62338 -6
62339 -6
62340 -6
62341 -6
62342 -6
62343 -6
62344 -6
62345 -6
62346 -6
62347 -6
62348 -6
62349 -6
62350 -6
62351 -6
62352 -6
62353 -6
62354 -6
62355 -6
62356 -6
62357 -6
62358 -6
62359 -6
62360 -6
62361 -6
62362 -6
62363 -6
62364 -6
62365 -6
62366 -6
62367 -6
62368 -6
62369 -6
62370 -6
62371 -6
62372 -6
62373 -6
62374 -6
62375 -6
62376 -6
62377 -6
62378 -6
62379 -6
62380 -6
62381 -6
62382 -6
62383 -6
62384 -6
62385 -6
62386 -6
62387 -6
62388 -6
62389 -6
62390 -6
62391 -6
62392 -6
62393 -6
62394 -6
62395 -6
62396 -6
62397 -6
62398 -6
62399 -6
62400 -6
62401 -6
62402 -6
62403 -6
62404 -6
62405 -6
62406 -6
62407 -6
62408 -6
62409 -6
62410 -6
62411 -6
62412 -6
62413 -6
62414 -6
62415 -6
62416 -6
62417 -6
62418 -6
62419 -6
62420 -6
62421 -6
62422 -6
62423 -6
62424 -6
62425 -6
62426 -6
62427 -6
62428 -6
62429 -6
62430 -6
62431 -6
62432 -6
62433 -6
62434 -6
62435 -6
62436 -6
62437 -6
62438 -6
62439 -6
62440 -6
62441 -6
62442 -6
62443 -6
62444 -6
62445 -6
62446 -6
62447 -6
62448 -6
62449 -6
62450 -6
62451 -6
62452 -6
62453 -6
62454 -6
62455 -6
62456 -6
62457 -6
62458 -6
62459 -6
62460 -6
62461 -6
62462 -6
62463 -6
62464 -6
62465 -6
62466 -6
62467 -6
62468 -6
62469 -6
62470 -6
62471 -6
62472 -6
62473 -6
62474 -6
62475 -6
62476 -6
62477 -6
62478 -6
62479 -6
62480 -6
62481 -6
62482 -6
62483 -6
62484 -6
62485 -6
62486 -6
62487 -6
62488 -6
62489 -6
62490 -6
62491 -6
62492 -6
62493 -6
62494 -6
62495 -6
62496 -6
62497 -6
62498 -6
62499 -6
62500 -6
62501 -6
62502 -6
62503 -6
62504 -6
62505 -6
62506 -6
62507 -6
62508 -6
62509 -6
62510 -6
62511 -6
62512 -6
62513 -6
62514 -6
62515 -6
62516 -6
62517 -6
62518 -6
62519 -6
62520 -6
62521 -6
62522 -6
62523 -6
62524 -6
62525 -6
62526 -6
62527 -6
62528 -6
62529 -6
62530 -6
62531 -6
62532 -6
62533 -6
62534 -6
62535 -6
62536 -6
62537 -6
62538 -6
62539 -6
62540 -6
62541 -6
62542 -6
62543 -6
62544 -6
62545 -6
62546 -6
62547 -6
62548 -6
62549 -6
62550 -6
62551 -6
62552 -6
62553 -6
62554 -6
62555 -6
62556 -6
62557 -6
62558 -6
62559 -6
62560 -6
62561 -6
62562 -6
62563 -6
62564 -6
62565 -6
62566 -6
62567 -6
62568 -6
62569 -6
62570 -6
62571 -6
62572 -6
62573 -6
62574 -6
62575 -6
62576 -6
62577 -6
62578 -6
62579 -6
62580 -6
62581 -6
62582 -6
62583 -6
62584 -6
62585 -6
62586 -6
62587 -6
62588 -6
62589 -6
62590 -6
62591 -6
62592 -7
62593 -7
62594 -7
62595 -7
62596 -7
62597 -7
62598 -7
62599 -7
62600 -7
62601 -7
62602 -7
62603 -7
62604 -7
62605 -7
62606 -7
62607 -7
62608 -7
62609 -7
62610 -7
62611 -7
62612 -7
62613 -7
62614 -7
62615 -7
62616 -7
62617 -7
62618 -7
62619 -7
62620 -7
62621 -7
62622 -7
62623 -7
62624 -7
62625 -7
62626 -7
62627 -7
62628 -7
62629 -7
62630 -7
62631 -7
62632 -7
62633 -7
62634 -7
62635 -7
62636 -7
62637 -7
62638 -7
62639 -7
62640 -7
62641 -7
62642 -7
62643 -7
62644 -7
62645 -7
62646 -7
62647 -7
62648 -7
62649 -7
62650 -7
62651 -7
62652 -7
62653 -7
62654 -7
62655 -7
62656 -7
62657 -7
62658 -7
62659 -7
62660 -7
62661 -7
62662 -7
62663 -7
62664 -7
62665 -7
62666 -7
62667 -7
62668 -7
62669 -7
62670 -7
62671 -7
62672 -7
62673 -7
62674 -7
62675 -7
62676 -7
62677 -7
62678 -7
62679 -7
62680 -7
62681 -7
62682 -7
62683 -7
62684 -7
62685 -7
62686 -7
62687 -7
62688 -7
62689 -7
62690 -7
62691 -7
62692 -7
62693 -7
62694 -7
62695 -7
62696 -7
62697 -7
62698 -7
62699 -7
62700 -7
62701 -7
62702 -7
62703 -7
62704 -7
62705 -7
62706 -7
62707 -7
62708 -7
62709 -7
62710 -7
62711 -7
62712 -7
62713 -7
62714 -7
62715 -7
62716 -7
62717 -7
62718 -7
62719 -7
62720 -7
62721 -7
62722 -7
62723 -7
62724 -7
62725 -7
62726 -7
62727 -7
62728 -7
62729 -7
62730 -7
62731 -7
62732 -7
62733 -7
62734 -7
62735 -7
62736 -7
62737 -7
62738 -7
62739 -7
62740 -7
62741 -7
62742 -7
62743 -7
62744 -7
62745 -7
62746 -7
62747 -7
62748 -7
62749 -7
62750 -7
62751 -7
62752 -7
62753 -7
62754 -7
62755 -7
62756 -7
62757 -7
62758 -7
62759 -7
62760 -7
62761 -7
62762 -7
62763 -7
62764 -7
62765 -7
62766 -7
62767 -7
62768 -7
62769 -7
62770 -7
62771 -7
62772 -7
62773 -7
62774 -7
62775 -7
62776 -7
62777 -7
62778 -7
62779 -7
62780 -7
62781 -7
62782 -7
62783 -7
62784 -7
62785 -7
62786 -7
62787 -7
62788 -7
62789 -7
62790 -7
62791 -7
62792 -7
62793 -7
62794 -7
62795 -7
62796 -7
62797 -7
62798 -7
62799 -7
62800 -7
62801 -7
62802 -7
62803 -7
62804 -7
62805 -7
62806 -7
62807 -7
62808 -7
62809 -7
62810 -7
62811 -7
62812 -7
62813 -7
62814 -7
62815 -7
62816 -7
62817 -7
62818 -7
62819 -7
62820 -7
62821 -7
62822 -7
62823 -7
62824 -7
62825 -7
62826 -7
62827 -7
62828 -7
62829 -7
62830 -7
62831 -7
62832 -7
62833 -7
62834 -7
62835 -7
62836 -7
62837 -7
62838 -7
62839 -7
62840 -7
62841 -7
62842 -7
62843 -7
62844 -7
62845 -7
62846 -7
62847 -7
62848 -7
62849 -7
62850 -7
62851 -7
62852 -7
62853 -7
62854 -7
62855 -7
62856 -7
62857 -7
62858 -7
62859 -7
62860 -7
62861 -7
62862 -7
62863 -7
62864 -7
62865 -7
62866 -7
62867 -7
62868 -7
62869 -7
62870 -7
62871 -7
62872 -7
62873 -7
62874 -7
62875 -7
62876 -7
62877 -7
62878 -7
62879 -7
62880 -7
62881 -7
62882 -7
62883 -7
62884 -7
62885 -7
62886 -7
62887 -7
62888 -7
62889 -7
62890 -7
62891 -7
62892 -7
62893 -7
62894 -7
62895 -7
62896 -7
62897 -7
62898 -7
62899 -7
62900 -7
62901 -7
62902 -7
62903 -7
62904 -7
62905 -7
62906 -7
62907 -7
62908 -7
62909 -7
62910 -7
62911 -7
62912 -7
62913 -7
62914 -7
62915 -7
62916 -7
62917 -7
62918 -7
62919 -7
62920 -7
62921 -7
62922 -7
62923 -7
62924 -7
62925 -7
62926 -7
62927 -7
62928 -7
62929 -7
62930 -7
62931 -7
62932 -7
62933 -7
62934 -7
62935 -7
62936 -7
62937 -7
62938 -7
62939 -7
62940 -7
62941 -7
62942 -7
62943 -7
62944 -7
62945 -7
62946 -7
62947 -7
62948 -7
62949 -7
62950 -7
62951 -7
62952 -7
62953 -7
62954 -7
62955 -7
62956 -7
62957 -7
62958 -7
62959 -7
62960 -7
62961 -7
62962 -7
62963 -7
62964 -7
62965 -7
62966 -7
62967 -7
62968 -7
62969 -7
62970 -7
62971 -7
62972 -7
62973 -7
62974 -7
62975 -7
62976 -7
62977 -7
62978 -7
62979 -7
62980 -7
62981 -7
62982 -7
62983 -7
62984 -7
62985 -7
62986 -7
62987 -7
62988 -7
62989 -7
62990 -7
62991 -7
62992 -7
62993 -7
62994 -7
62995 -7
62996 -7
62997 -7
62998 -7
62999 -7
63000 -7
63001 -7
63002 -7
63003 -7
63004 -7
63005 -7
63006 -7
63007 -7
63008 -7
63009 -7
63010 -7
63011 -7
63012 -7
63013 -7
63014 -7
63015 -7
63016 -7
63017 -7
63018 -7
63019 -7
63020 -7
63021 -7
63022 -7
63023 -7
63024 -7
63025 -7
63026 -7
63027 -7
63028 -7
63029 -7
63030 -7
63031 -7
63032 -7
63033 -7
63034 -7
63035 -7
63036 -7
63037 -7
63038 -7
63039 -7
63040 -7
63041 -7
63042 -7
63043 -7
63044 -7
63045 -7
63046 -7
63047 -7
63048 -7
63049 -7
63050 -7
63051 -7
63052 -7
63053 -7
63054 -7
63055 -7
63056 -7
63057 -7
63058 -7
63059 -7
63060 -7
63061 -7
63062 -7
63063 -7
63064 -7
63065 -7
63066 -7
63067 -7
63068 -7
63069 -7
63070 -7
63071 -7
63072 -7
63073 -7
63074 -7
63075 -7
63076 -7
63077 -7
63078 -7
63079 -7
63080 -7
63081 -7
63082 -7
63083 -7
63084 -7
63085 -7
63086 -7
63087 -7
63088 -7
63089 -7
63090 -7
63091 -7
63092 -7
63093 -7
63094 -7
63095 -7
63096 -7
63097 -7
63098 -7
63099 -7
63100 -7
63101 -7
63102 -7
63103 -7
63104 -7
63105 -7
63106 -7
63107 -7
63108 -7
63109 -7
63110 -7
63111 -7
63112 -7
63113 -7
63114 -7
63115 -7
63116 -7
63117 -7
63118 -7
63119 -7
63120 -7
63121 -7
63122 -7
63123 -7
63124 -7
63125 -7
63126 -7
63127 -7
63128 -7
63129 -7
63130 -7
63131 -7
63132 -7
63133 -7
63134 -7
63135 -7
63136 -7
63137 -7
63138 -7
63139 -7
63140 -7
63141 -7
63142 -7
63143 -7
63144 -7
63145 -7
63146 -7
63147 -7
63148 -7
63149 -7
63150 -7
63151 -7
63152 -7
63153 -7
63154 -7
63155 -7
63156 -7
63157 -7
63158 -7
63159 -7
63160 -7
63161 -7
63162 -7
63163 -7
63164 -7
63165 -7
63166 -7
63167 -7
63168 -7
63169 -7
63170 -7
63171 -7
63172 -7
63173 -7
63174 -7
63175 -7
63176 -7
63177 -7
63178 -7
63179 -7
63180 -7
63181 -7
63182 -7
63183 -7
63184 -7
63185 -7
63186 -7
63187 -7
63188 -7
63189 -7
63190 -7
63191 -7
63192 -7
63193 -7
63194 -7
63195 -7
63196 -7
63197 -7
63198 -7
63199 -7
63200 -7
63201 -7
63202 -7
63203 -7
63204 -7
63205 -7
63206 -7
63207 -7
63208 -7
63209 -7
63210 -7
63211 -7
63212 -7
63213 -7
63214 -7
63215 -7
63216 -7
63217 -7
63218 -7
63219 -7
63220 -7
63221 -7
63222 -7
63223 -7
63224 -7
63225 -7
63226 -7
63227 -7
63228 -7
63229 -7
63230 -7
63231 -7
63232 -7
63233 -7
63234 -7
63235 -7
63236 -7
63237 -7
63238 -7
63239 -7
63240 -7
63241 -7
63242 -7
63243 -7
63244 -7
63245 -7
63246 -7
63247 -7
63248 -7
63249 -7
63250 -7
63251 -7
63252 -7
63253 -7
63254 -7
63255 -7
63256 -7
63257 -7
63258 -7
63259 -7
63260 -7
63261 -7
63262 -7
63263 -7
63264 -7
63265 -7
63266 -7
63267 -7
63268 -7
63269 -7
63270 -7
63271 -7
63272 -7
63273 -7
63274 -7
63275 -7
63276 -7
63277 -7
63278 -7
63279 -7
63280 -7
63281 -7
63282 -7
63283 -7
63284 -7
63285 -7
63286 -7
63287 -7
63288 -7
63289 -7
63290 -7
63291 -7
63292 -7
63293 -7
63294 -7
63295 -7
63296 -7
63297 -7
63298 -7
63299 -7
63300 -7
63301 -7
63302 -7
63303 -7
63304 -7
63305 -7
63306 -7
63307 -7
63308 -7
63309 -7
63310 -7
63311 -7
63312 -7
63313 -7
63314 -7
63315 -7
63316 -7
63317 -7
63318 -7
63319 -7
63320 -7
63321 -7
63322 -7
63323 -7
63324 -7
63325 -7
63326 -7
63327 -7
63328 -7
63329 -7
63330 -7
63331 -7
63332 -7
63333 -7
63334 -7
63335 -7
63336 -7
63337 -7
63338 -7
63339 -7
63340 -7
63341 -7
63342 -7
63343 -7
63344 -7
63345 -7
63346 -7
63347 -7
63348 -7
63349 -7
63350 -7
63351 -7
63352 -7
63353 -7
63354 -7
63355 -7
63356 -7
63357 -7
63358 -7
63359 -7
63360 -8
63361 -8
63362 -8
63363 -8
63364 -8
63365 -8
63366 -8
63367 -8
63368 -8
63369 -8
63370 -8
63371 -8
63372 -8
63373 -8
63374 -8
63375 -8
63376 -8
63377 -8
63378 -8
63379 -8
63380 -8
63381 -8
63382 -8
63383 -8
63384 -8
63385 -8
63386 -8
63387 -8
63388 -8
63389 -8
63390 -8
63391 -8
63392 -8
63393 -8
63394 -8
63395 -8
63396 -8
63397 -8
63398 -8
63399 -8
63400 -8
63401 -8
63402 -8
63403 -8
63404 -8
63405 -8
63406 -8
63407 -8
63408 -8
63409 -8
63410 -8
63411 -8
63412 -8
63413 -8
63414 -8
63415 -8
63416 -8
63417 -8
63418 -8
63419 -8
63420 -8
63421 -8
63422 -8
63423 -8
63424 -8
63425 -8
63426 -8
63427 -8
63428 -8
63429 -8
63430 -8
63431 -8
63432 -8
63433 -8
63434 -8
63435 -8
63436 -8
63437 -8
63438 -8
63439 -8
63440 -8
63441 -8
63442 -8
63443 -8
63444 -8
63445 -8
63446 -8
63447 -8
63448 -8
63449 -8
63450 -8
63451 -8
63452 -8
63453 -8
63454 -8
63455 -8
63456 -8
63457 -8
63458 -8
63459 -8
63460 -8
63461 -8
63462 -8
63463 -8
63464 -8
63465 -8
63466 -8
63467 -8
63468 -8
63469 -8
63470 -8
63471 -8
63472 -8
63473 -8
63474 -8
63475 -8
63476 -8
63477 -8
63478 -8
63479 -8
63480 -8
63481 -8
63482 -8
63483 -8
63484 -8
63485 -8
63486 -8
63487 -8
63488 -8
63489 -8
63490 -8
63491 -8
63492 -8
63493 -8
63494 -8
63495 -8
63496 -8
63497 -8
63498 -8
63499 -8
63500 -8
63501 -8
63502 -8
63503 -8
63504 -8
63505 -8
63506 -8
63507 -8
63508 -8
63509 -8
63510 -8
63511 -8
63512 -8
63513 -8
63514 -8
63515 -8
63516 -8
63517 -8
63518 -8
63519 -8
63520 -8
63521 -8
63522 -8
63523 -8
63524 -8
63525 -8
63526 -8
63527 -8
63528 -8
63529 -8
63530 -8
63531 -8
63532 -8
63533 -8
63534 -8
63535 -8
63536 -8
63537 -8
63538 -8
63539 -8
63540 -8
63541 -8
63542 -8
63543 -8
63544 -8
63545 -8
63546 -8
63547 -8
63548 -8
63549 -8
63550 -8
63551 -8
63552 -8
63553 -8
63554 -8
63555 -8
63556 -8
63557 -8
63558 -8
63559 -8
63560 -8
63561 -8
63562 -8
63563 -8
63564 -8
63565 -8
63566 -8
63567 -8
63568 -8
63569 -8
63570 -8
63571 -8
63572 -8
63573 -8
63574 -8
63575 -8
63576 -8
63577 -8
63578 -8
63579 -8
63580 -8
63581 -8
63582 -8
63583 -8
63584 -8
63585 -8
63586 -8
63587 -8
63588 -8
63589 -8
63590 -8
63591 -8
63592 -8
63593 -8
63594 -8
63595 -8
63596 -8
63597 -8
63598 -8
63599 -8
63600 -8
63601 -8
63602 -8
63603 -8
63604 -8
63605 -8
63606 -8
63607 -8
63608 -8
63609 -8
63610 -8
63611 -8
63612 -8
63613 -8
63614 -8
63615 -8
63616 -8
63617 -8
63618 -8
63619 -8
63620 -8
63621 -8
63622 -8
63623 -8
63624 -8
63625 -8
63626 -8
63627 -8
63628 -8
63629 -8
63630 -8
63631 -8
63632 -8
63633 -8
63634 -8
63635 -8
63636 -8
63637 -8
63638 -8
63639 -8
63640 -8
63641 -8
63642 -8
63643 -8
63644 -8
63645 -8
63646 -8
63647 -8
63648 -8
63649 -8
63650 -8
63651 -8
63652 -8
63653 -8
63654 -8
63655 -8
63656 -8
63657 -8
63658 -8
63659 -8
63660 -8
63661 -8
63662 -8
63663 -8
63664 -8
63665 -8
63666 -8
63667 -8
63668 -8
63669 -8
63670 -8
63671 -8
63672 -8
63673 -8
63674 -8
63675 -8
63676 -8
63677 -8
63678 -8
63679 -8
63680 -8
63681 -8
63682 -8
63683 -8
63684 -8
63685 -8
63686 -8
63687 -8
63688 -8
63689 -8
63690 -8
63691 -8
63692 -8
63693 -8
63694 -8
63695 -8
63696 -8
63697 -8
63698 -8
63699 -8
63700 -8
63701 -8
63702 -8
63703 -8
63704 -8
63705 -8
63706 -8
63707 -8
63708 -8
63709 -8
63710 -8
63711 -8
63712 -8
63713 -8
63714 -8
63715 -8
63716 -8
63717 -8
63718 -8
63719 -8
63720 -8
63721 -8
63722 -8
63723 -8
63724 -8
63725 -8
63726 -8
63727 -8
63728 -8
63729 -8
63730 -8
63731 -8
63732 -8
63733 -8
63734 -8
63735 -8
63736 -8
63737 -8
63738 -8
63739 -8
63740 -8
63741 -8
63742 -8
63743 -8
63744 -8
63745 -8
63746 -8
63747 -8
63748 -8
63749 -8
63750 -8
63751 -8
63752 -8
63753 -8
63754 -8
63755 -8
63756 -8
63757 -8
63758 -8
63759 -8
63760 -8
63761 -8
63762 -8
63763 -8
63764 -8
63765 -8
63766 -8
63767 -8
63768 -8
63769 -8
63770 -8
63771 -8
63772 -8
63773 -8
63774 -8
63775 -8
63776 -8
63777 -8
63778 -8
63779 -8
63780 -8
63781 -8
63782 -8
63783 -8
63784 -8
63785 -8
63786 -8
63787 -8
63788 -8
63789 -8
63790 -8
63791 -8
63792 -8
63793 -8
63794 -8
63795 -8
63796 -8
63797 -8
63798 -8
63799 -8
63800 -8
63801 -8
63802 -8
63803 -8
63804 -8
63805 -8
63806 -8
63807 -8
63808 -8
63809 -8
63810 -8
63811 -8
63812 -8
63813 -8
63814 -8
63815 -8
63816 -8
63817 -8
63818 -8
63819 -8
63820 -8
63821 -8
63822 -8
63823 -8
63824 -8
63825 -8
63826 -8
63827 -8
63828 -8
63829 -8
63830 -8
63831 -8
63832 -8
63833 -8
63834 -8
63835 -8
63836 -8
63837 -8
63838 -8
63839 -8
63840 -8
63841 -8
63842 -8
63843 -8
63844 -8
63845 -8
63846 -8
63847 -8
63848 -8
63849 -8
63850 -8
63851 -8
63852 -8
63853 -8
63854 -8
63855 -8
63856 -8
63857 -8
63858 -8
63859 -8
63860 -8
63861 -8
63862 -8
63863 -8
63864 -8
63865 -8
63866 -8
63867 -8
63868 -8
63869 -8
63870 -8
63871 -8
63872 -8
63873 -8
63874 -8
63875 -8
63876 -8
63877 -8
63878 -8
63879 -8
63880 -8
63881 -8
63882 -8
63883 -8
63884 -8
63885 -8
63886 -8
63887 -8
63888 -8
63889 -8
63890 -8
63891 -8
63892 -8
63893 -8
63894 -8
63895 -8
63896 -8
63897 -8
63898 -8
63899 -8
63900 -8
63901 -8
63902 -8
63903 -8
63904 -8
63905 -8
63906 -8
63907 -8
63908 -8
63909 -8
63910 -8
63911 -8
63912 -8
63913 -8
63914 -8
63915 -8
63916 -8
63917 -8
63918 -8
63919 -8
63920 -8
63921 -8
63922 -8
63923 -8
63924 -8
63925 -8
63926 -8
63927 -8
63928 -8
63929 -8
63930 -8
63931 -8
63932 -8
63933 -8
63934 -8
63935 -8
63936 -8
63937 -8
63938 -8
63939 -8
63940 -8
63941 -8
63942 -8
63943 -8
63944 -8
63945 -8
63946 -8
63947 -8
63948 -8
63949 -8
63950 -8
63951 -8
63952 -8
63953 -8
63954 -8
63955 -8
63956 -8
63957 -8
63958 -8
63959 -8
63960 -8
63961 -8
63962 -8
63963 -8
63964 -8
63965 -8
63966 -8
63967 -8
63968 -8
63969 -8
63970 -8
63971 -8
63972 -8
63973 -8
63974 -8
63975 -8
63976 -8
63977 -8
63978 -8
63979 -8
63980 -8
63981 -8
63982 -8
63983 -8
63984 -8
63985 -8
63986 -8
63987 -8
63988 -8
63989 -8
63990 -8
63991 -8
63992 -8
63993 -8
63994 -8
63995 -8
63996 -8
63997 -8
63998 -8
63999 -8
64000 -8
64001 -8
64002 -8
64003 -8
64004 -8
64005 -8
64006 -8
64007 -8
64008 -8
64009 -8
64010 -8
64011 -8
64012 -8
64013 -8
64014 -8
64015 -8
64016 -8
64017 -8
64018 -8
64019 -8
64020 -8
64021 -8
64022 -8
64023 -8
64024 -8
64025 -8
64026 -8
64027 -8
64028 -8
64029 -8
64030 -8
64031 -8
64032 -8
64033 -8
64034 -8
64035 -8
64036 -8
64037 -8
64038 -8
64039 -8
64040 -8
64041 -8
64042 -8
64043 -8
64044 -8
64045 -8
64046 -8
64047 -8
64048 -8
64049 -8
64050 -8
64051 -8
64052 -8
64053 -8
64054 -8
64055 -8
64056 -8
64057 -8
64058 -8
64059 -8
64060 -8
64061 -8
64062 -8
64063 -8
64064 -8
64065 -8
64066 -8
64067 -8
64068 -8
64069 -8
64070 -8
64071 -8
64072 -8
64073 -8
64074 -8
64075 -8
64076 -8
64077 -8
64078 -8
64079 -8
64080 -8
64081 -8
64082 -8
64083 -8
64084 -8
64085 -8
64086 -8
64087 -8
64088 -8
64089 -8
64090 -8
64091 -8
64092 -8
64093 -8
64094 -8
64095 -8
64096 -8
64097 -8
64098 -8
64099 -8
64100 -8
64101 -8
64102 -8
64103 -8
64104 -8
64105 -8
64106 -8
64107 -8
64108 -8
64109 -8
64110 -8
64111 -8
64112 -8
64113 -8
64114 -8
64115 -8
64116 -8
64117 -8
64118 -8
64119 -8
64120 -8
64121 -8
64122 -8
64123 -8
64124 -8
64125 -8
64126 -8
64127 -8
64128 -3
64129 -3
64130 -3
64131 -3
64132 -3
64133 -3
64134 -3
64135 -3
64136 -3
64137 -3
64138 -3
64139 -3
64140 -3
64141 -3
64142 -3
64143 -3
64144 -3
64145 -3
64146 -3
64147 -3
64148 -3
64149 -3
64150 -3
64151 -3
64152 -3
64153 -3
64154 -3
64155 -3
64156 -3
64157 -3
64158 -3
64159 -3
64160 -3
64161 -3
64162 -3
64163 -3
64164 -3
64165 -3
64166 -3
64167 -3
64168 -3
64169 -3
64170 -3
64171 -3
64172 -3
64173 -3
64174 -3
64175 -3
64176 -3
64177 -3
64178 -3
64179 -3
64180 -3
64181 -3
64182 -3
64183 -3
64184 -3
64185 -3
64186 -3
64187 -3
64188 -3
64189 -3
64190 -3
64191 -3
64192 -3
64193 -3
64194 -3
64195 -3
64196 -3
64197 -3
64198 -3
64199 -3
64200 -3
64201 -3
64202 -3
64203 -3
64204 -3
64205 -3
64206 -3
64207 -3
64208 -3
64209 -3
64210 -3
64211 -3
64212 -3
64213 -3
64214 -3
64215 -3
64216 -3
64217 -3
64218 -3
64219 -3
64220 -3
64221 -3
64222 -3
64223 -3
64224 -3
64225 -3
64226 -3
64227 -3
64228 -3
64229 -3
64230 -3
64231 -3
64232 -3
64233 -3
64234 -3
64235 -3
64236 -3
64237 -3
64238 -3
64239 -3
64240 -3
64241 -3
64242 -3
64243 -3
64244 -3
64245 -3
64246 -3
64247 -3
64248 -3
64249 -3
64250 -3
64251 -3
64252 -3
64253 -3
64254 -3
64255 -3
64256 -3
64257 -3
64258 -3
64259 -3
64260 -3
64261 -3
64262 -3
64263 -3
64264 -3
64265 -3
64266 -3
64267 -3
64268 -3
64269 -3
64270 -3
64271 -3
64272 -3
64273 -3
64274 -3
64275 -3
64276 -3
64277 -3
64278 -3
64279 -3
64280 -3
64281 -3
64282 -3
64283 -3
64284 -3
64285 -3
64286 -3
64287 -3
64288 -3
64289 -3
64290 -3
64291 -3
64292 -3
64293 -3
64294 -3
64295 -3
64296 -3
64297 -3
64298 -3
64299 -3
64300 -3
64301 -3
64302 -3
64303 -3
64304 -3
64305 -3
64306 -3
64307 -3
64308 -3
64309 -3
64310 -3
64311 -3
64312 -3
64313 -3
64314 -3
64315 -3
64316 -3
64317 -3
64318 -3
64319 -3
64320 -3
64321 -3
64322 -3
64323 -3
64324 -3
64325 -3
64326 -3
64327 -3
64328 -3
64329 -3
64330 -3
64331 -3
64332 -3
64333 -3
64334 -3
64335 -3
64336 -3
64337 -3
64338 -3
64339 -3
64340 -3
64341 -3
64342 -3
64343 -3
64344 -3
64345 -3
64346 -3
64347 -3
64348 -3
64349 -3
64350 -3
64351 -3
64352 -3
64353 -3
64354 -3
64355 -3
64356 -3
64357 -3
64358 -3
64359 -3
64360 -3
64361 -3
64362 -3
64363 -3
64364 -3
64365 -3
64366 -3
64367 -3
64368 -3
64369 -3
64370 -3
64371 -3
64372 -3
64373 -3
64374 -3
64375 -3
64376 -3
64377 -3
64378 -3
64379 -3
64380 -3
64381 -3
64382 -3
64383 -3
64384 -3
64385 -3
64386 -3
64387 -3
64388 -3
64389 -3
64390 -3
64391 -3
64392 -3
64393 -3
64394 -3
64395 -3
64396 -3
64397 -3
64398 -3
64399 -3
64400 -3
64401 -3
64402 -3
64403 -3
64404 -3
64405 -3
64406 -3
64407 -3
64408 -3
64409 -3
64410 -3
64411 -3
64412 -3
64413 -3
64414 -3
64415 -3
64416 -3
64417 -3
64418 -3
64419 -3
64420 -3
64421 -3
64422 -3
64423 -3
64424 -3
64425 -3
64426 -3
64427 -3
64428 -3
64429 -3
64430 -3
64431 -3
64432 -3
64433 -3
64434 -3
64435 -3
64436 -3
64437 -3
64438 -3
64439 -3
64440 -3
64441 -3
64442 -3
64443 -3
64444 -3
64445 -3
64446 -3
64447 -3
64448 -3
64449 -3
64450 -3
64451 -3
64452 -3
64453 -3
64454 -3
64455 -3
64456 -3
64457 -3
64458 -3
64459 -3
64460 -3
64461 -3
64462 -3
64463 -3
64464 -3
64465 -3
64466 -3
64467 -3
64468 -3
64469 -3
64470 -3
64471 -3
64472 -3
64473 -3
64474 -3
64475 -3
64476 -3
64477 -3
64478 -3
64479 -3
64480 -3
64481 -3
64482 -3
64483 -3
64484 -3
64485 -3
64486 -3
64487 -3
64488 -3
64489 -3
64490 -3
64491 -3
64492 -3
64493 -3
64494 -3
64495 -3
64496 -3
64497 -3
64498 -3
64499 -3
64500 -3
64501 -3
64502 -3
64503 -3
64504 -3
64505 -3
64506 -3
64507 -3
64508 -3
64509 -3
64510 -3
64511 -3
64512 -4
64513 -4
64514 -4
64515 -4
64516 -4
64517 -4
64518 -4
64519 -4
64520 -4
64521 -4
64522 -4
64523 -4
64524 -4
64525 -4
64526 -4
64527 -4
64528 -4
64529 -4
64530 -4
64531 -4
64532 -4
64533 -4
64534 -4
64535 -4
64536 -4
64537 -4
64538 -4
64539 -4
64540 -4
64541 -4
64542 -4
64543 -4
64544 -4
64545 -4
64546 -4
64547 -4
64548 -4
64549 -4
64550 -4
64551 -4
64552 -4
64553 -4
64554 -4
64555 -4
64556 -4
64557 -4
64558 -4
64559 -4
64560 -4
64561 -4
64562 -4
64563 -4
64564 -4
64565 -4
64566 -4
64567 -4
64568 -4
64569 -4
64570 -4
64571 -4
64572 -4
64573 -4
64574 -4
64575 -4
64576 -4
64577 -4
64578 -4
64579 -4
64580 -4
64581 -4
64582 -4
64583 -4
64584 -4
64585 -4
64586 -4
64587 -4
64588 -4
64589 -4
64590 -4
64591 -4
64592 -4
64593 -4
64594 -4
64595 -4
64596 -4
64597 -4
64598 -4
64599 -4
64600 -4
64601 -4
64602 -4
64603 -4
64604 -4
64605 -4
64606 -4
64607 -4
64608 -4
64609 -4
64610 -4
64611 -4
64612 -4
64613 -4
64614 -4
64615 -4
64616 -4
64617 -4
64618 -4
64619 -4
64620 -4
64621 -4
64622 -4
64623 -4
64624 -4
64625 -4
64626 -4
64627 -4
64628 -4
64629 -4
64630 -4
64631 -4
64632 -4
64633 -4
64634 -4
64635 -4
64636 -4
64637 -4
64638 -4
64639 -4
64640 -4
64641 -4
64642 -4
64643 -4
64644 -4
64645 -4
64646 -4
64647 -4
64648 -4
64649 -4
64650 -4
64651 -4
64652 -4
64653 -4
64654 -4
64655 -4
64656 -4
64657 -4
64658 -4
64659 -4
64660 -4
64661 -4
64662 -4
64663 -4
64664 -4
64665 -4
64666 -4
64667 -4
64668 -4
64669 -4
64670 -4
64671 -4
64672 -4
64673 -4
64674 -4
64675 -4
64676 -4
64677 -4
64678 -4
64679 -4
64680 -4
64681 -4
64682 -4
64683 -4
64684 -4
64685 -4
64686 -4
64687 -4
64688 -4
64689 -4
64690 -4
64691 -4
64692 -4
64693 -4
64694 -4
64695 -4
64696 -4
64697 -4
64698 -4
64699 -4
64700 -4
64701 -4
64702 -4
64703 -4
64704 -4
64705 -4
64706 -4
64707 -4
64708 -4
64709 -4
64710 -4
64711 -4
64712 -4
64713 -4
64714 -4
64715 -4
64716 -4
64717 -4
64718 -4
64719 -4
64720 -4
64721 -4
64722 -4
64723 -4
64724 -4
64725 -4
64726 -4
64727 -4
64728 -4
64729 -4
64730 -4
64731 -4
64732 -4
64733 -4
64734 -4
64735 -4
64736 -4
64737 -4
64738 -4
64739 -4
64740 -4
64741 -4
64742 -4
64743 -4
64744 -4
64745 -4
64746 -4
64747 -4
64748 -4
64749 -4
64750 -4
64751 -4
64752 -4
64753 -4
64754 -4
64755 -4
64756 -4
64757 -4
64758 -4
64759 -4
64760 -4
64761 -4
64762 -4
64763 -4
64764 -4
64765 -4
64766 -4
64767 -4
64768 -4
64769 -4
64770 -4
64771 -4
64772 -4
64773 -4
64774 -4
64775 -4
64776 -4
64777 -4
64778 -4
64779 -4
64780 -4
64781 -4
64782 -4
64783 -4
64784 -4
64785 -4
64786 -4
64787 -4
64788 -4
64789 -4
64790 -4
64791 -4
64792 -4
64793 -4
64794 -4
64795 -4
64796 -4
64797 -4
64798 -4
64799 -4
64800 -4
64801 -4
64802 -4
64803 -4
64804 -4
64805 -4
64806 -4
64807 -4
64808 -4
64809 -4
64810 -4
64811 -4
64812 -4
64813 -4
64814 -4
64815 -4
64816 -4
64817 -4
64818 -4
64819 -4
64820 -4
64821 -4
64822 -4
64823 -4
64824 -4
64825 -4
64826 -4
64827 -4
64828 -4
64829 -4
64830 -4
64831 -4
64832 -4
64833 -4
64834 -4
64835 -4
64836 -4
64837 -4
64838 -4
64839 -4
64840 -4
64841 -4
64842 -4
64843 -4
64844 -4
64845 -4
64846 -4
64847 -4
64848 -4
64849 -4
64850 -4
64851 -4
64852 -4
64853 -4
64854 -4
64855 -4
64856 -4
64857 -4
64858 -4
64859 -4
64860 -4
64861 -4
64862 -4
64863 -4
64864 -4
64865 -4
64866 -4
64867 -4
64868 -4
64869 -4
64870 -4
64871 -4
64872 -4
64873 -4
64874 -4
64875 -4
64876 -4
64877 -4
64878 -4
64879 -4
64880 -4
64881 -4
64882 -4
64883 -4
64884 -4
64885 -4
64886 -4
64887 -4
64888 -4
64889 -4
64890 -4
64891 -4
64892 -4
64893 -4
64894 -4
64895 -4
64896 -5
64897 -5
64898 -5
64899 -5
64900 -5
64901 -5
64902 -5
64903 -5
64904 -5
64905 -5
64906 -5
64907 -5
64908 -5
64909 -5
64910 -5
64911 -5
64912 -5
64913 -5
64914 -5
64915 -5
64916 -5
64917 -5
64918 -5
64919 -5
64920 -5
64921 -5
64922 -5
64923 -5
64924 -5
64925 -5
64926 -5
64927 -5
64928 -5
64929 -5
64930 -5
64931 -5
64932 -5
64933 -5
64934 -5
64935 -5
64936 -5
64937 -5
64938 -5
64939 -5
64940 -5
64941 -5
64942 -5
64943 -5
64944 -5
64945 -5
64946 -5
64947 -5
64948 -5
64949 -5
64950 -5
64951 -5
64952 -5
64953 -5
64954 -5
64955 -5
64956 -5
64957 -5
64958 -5
64959 -5
64960 -5
64961 -5
64962 -5
64963 -5
64964 -5
64965 -5
64966 -5
64967 -5
64968 -5
64969 -5
64970 -5
64971 -5
64972 -5
64973 -5
64974 -5
64975 -5
64976 -5
64977 -5
64978 -5
64979 -5
64980 -5
64981 -5
64982 -5
64983 -5
64984 -5
64985 -5
64986 -5
64987 -5
64988 -5
64989 -5
64990 -5
64991 -5
64992 -5
64993 -5
64994 -5
64995 -5
64996 -5
64997 -5
64998 -5
64999 -5
65000 -5
65001 -5
65002 -5
65003 -5
65004 -5
65005 -5
65006 -5
65007 -5
65008 -5
65009 -5
65010 -5
65011 -5
65012 -5
65013 -5
65014 -5
65015 -5
65016 -5
65017 -5
65018 -5
65019 -5
65020 -5
65021 -5
65022 -5
65023 -5
65024 -5
65025 -5
65026 -5
65027 -5
65028 -5
65029 -5
65030 -5
65031 -5
65032 -5
65033 -5
65034 -5
65035 -5
65036 -5
65037 -5
65038 -5
65039 -5
65040 -5
65041 -5
65042 -5
65043 -5
65044 -5
65045 -5
65046 -5
65047 -5
65048 -5
65049 -5
65050 -5
65051 -5
65052 -5
65053 -5
65054 -5
65055 -5
65056 -5
65057 -5
65058 -5
65059 -5
65060 -5
65061 -5
65062 -5
65063 -5
65064 -5
65065 -5
65066 -5
65067 -5
65068 -5
65069 -5
65070 -5
65071 -5
65072 -5
65073 -5
65074 -5
65075 -5
65076 -5
65077 -5
65078 -5
65079 -5
65080 -5
65081 -5
65082 -5
65083 -5
65084 -5
65085 -5
65086 -5
65087 -5
65088 -5
65089 -5
65090 -5
65091 -5
65092 -5
65093 -5
65094 -5
65095 -5
65096 -5
65097 -5
65098 -5
65099 -5
65100 -5
65101 -5
65102 -5
65103 -5
65104 -5
65105 -5
65106 -5
65107 -5
65108 -5
65109 -5
65110 -5
65111 -5
65112 -5
65113 -5
65114 -5
65115 -5
65116 -5
65117 -5
65118 -5
65119 -5
65120 -5
65121 -5
65122 -5
65123 -5
65124 -5
65125 -5
65126 -5
65127 -5
65128 -5
65129 -5
65130 -5
65131 -5
65132 -5
65133 -5
65134 -5
65135 -5
65136 -5
65137 -5
65138 -5
65139 -5
65140 -5
65141 -5
65142 -5
65143 -5
65144 -5
65145 -5
65146 -5
65147 -5
65148 -5
65149 -5
65150 -5
65151 -5
65152 -5
65153 -5
65154 -5
65155 -5
65156 -5
65157 -5
65158 -5
65159 -5
65160 -5
65161 -5
65162 -5
65163 -5
65164 -5
65165 -5
65166 -5
65167 -5
65168 -5
65169 -5
65170 -5
65171 -5
65172 -5
65173 -5
65174 -5
65175 -5
65176 -5
65177 -5
65178 -5
65179 -5
65180 -5
65181 -5
65182 -5
65183 -5
65184 -5
65185 -5
65186 -5
65187 -5
65188 -5
65189 -5
65190 -5
65191 -5
65192 -5
65193 -5
65194 -5
65195 -5
65196 -5
65197 -5
65198 -5
65199 -5
65200 -5
65201 -5
65202 -5
65203 -5
65204 -5
65205 -5
65206 -5
65207 -5
65208 -5
65209 -5
65210 -5
65211 -5
65212 -5
65213 -5
65214 -5
65215 -5
65216 -5
65217 -5
65218 -5
65219 -5
65220 -5
65221 -5
65222 -5
65223 -5
65224 -5
65225 -5
65226 -5
65227 -5
65228 -5
65229 -5
65230 -5
65231 -5
65232 -5
65233 -5
65234 -5
65235 -5
65236 -5
65237 -5
65238 -5
65239 -5
65240 -5
65241 -5
65242 -5
65243 -5
65244 -5
65245 -5
65246 -5
65247 -5
65248 -5
65249 -5
65250 -5
65251 -5
65252 -5
65253 -5
65254 -5
65255 -5
65256 -5
65257 -5
65258 -5
65259 -5
65260 -5
65261 -5
65262 -5
65263 -5
65264 -5
65265 -5
65266 -5
65267 -5
65268 -5
65269 -5
65270 -5
65271 -5
65272 -5
65273 -5
65274 -5
65275 -5
65276 -5
65277 -5
65278 -5
65279 -5
65280 -5
65281 -5
65282 -5
65283 -5
65284 -5
65285 -5
65286 -5
65287 -5
65288 -5
65289 -5
65290 -5
65291 -5
65292 -5
65293 -5
65294 -5
65295 -5
65296 -5
65297 -5
65298 -5
65299 -5
65300 -5
65301 -5
65302 -5
65303 -5
65304 -5
65305 -5
65306 -5
65307 -5
65308 -5
65309 -5
65310 -5
65311 -5
65312 -5
65313 -5
65314 -5
65315 -5
65316 -5
65317 -5
65318 -5
65319 -5
65320 -5
65321 -5
65322 -5
65323 -5
65324 -5
65325 -5
65326 -5
65327 -5
65328 -5
65329 -5
65330 -5
65331 -5
65332 -5
65333 -5
65334 -5
65335 -5
65336 -5
65337 -5
65338 -5
65339 -5
65340 -5
65341 -5
65342 -5
65343 -5
65344 -5
65345 -5
65346 -5
65347 -5
65348 -5
65349 -5
65350 -5
65351 -5
65352 -5
65353 -5
65354 -5
65355 -5
65356 -5
65357 -5
65358 -5
65359 -5
65360 -5
65361 -5
65362 -5
65363 -5
65364 -5
65365 -5
65366 -5
65367 -5
65368 -5
65369 -5
65370 -5
65371 -5
65372 -5
65373 -5
65374 -5
65375 -5
65376 -5
65377 -5
65378 -5
65379 -5
65380 -5
65381 -5
65382 -5
65383 -5
65384 -5
65385 -5
65386 -5
65387 -5
65388 -5
65389 -5
65390 -5
65391 -5
65392 -5
65393 -5
65394 -5
65395 -5
65396 -5
65397 -5
65398 -5
65399 -5
65400 -5
65401 -5
65402 -5
65403 -5
65404 -5
65405 -5
65406 -5
65407 -5
65408 -5
65409 -5
65410 -5
65411 -5
65412 -5
65413 -5
65414 -5
65415 -5
65416 -5
65417 -5
65418 -5
65419 -5
65420 -5
65421 -5
65422 -5
65423 -5
65424 -5
65425 -5
65426 -5
65427 -5
65428 -5
65429 -5
65430 -5
65431 -5
65432 -5
65433 -5
65434 -5
65435 -5
65436 -5
65437 -5
65438 -5
65439 -5
65440 -5
65441 -5
65442 -5
65443 -5
65444 -5
65445 -5
65446 -5
65447 -5
65448 -5
65449 -5
65450 -5
65451 -5
65452 -5
65453 -5
65454 -5
65455 -5
65456 -5
65457 -5
65458 -5
65459 -5
65460 -5
65461 -5
65462 -5
65463 -5
65464 -5
65465 -5
65466 -5
65467 -5
65468 -5
65469 -5
65470 -5
65471 -5
65472 -5
65473 -5
65474 -5
65475 -5
65476 -5
65477 -5
65478 -5
65479 -5
65480 -5
65481 -5
65482 -5
65483 -5
65484 -5
65485 -5
65486 -5
65487 -5
65488 -5
65489 -5
65490 -5
65491 -5
65492 -5
65493 -5
65494 -5
65495 -5
65496 -5
65497 -5
65498 -5
65499 -5
65500 -5
65501 -5
65502 -5
65503 -5
65504 -5
65505 -5
65506 -5
65507 -5
65508 -5
65509 -5
65510 -5
65511 -5
65512 -5
65513 -5
65514 -5
65515 -5
65516 -5
65517 -5
65518 -5
65519 -5
65520 -5
65521 -5
65522 -5
65523 -5
65524 -5
65525 -5
65526 -5
65527 -5
65528 -5
65529 -5
65530 -5
65531 -5
65532 -5
65533 -5
65534 -5
65535 -5
65536 -5
65537 -5
65538 -5
65539 -5
65540 -5
65541 -5
65542 -5
65543 -5
65544 -5
65545 -5
65546 -5
65547 -5
65548 -5
65549 -5
65550 -5
65551 -5
65552 -5
65553 -5
65554 -5
65555 -5
65556 -5
65557 -5
65558 -5
65559 -5
65560 -5
65561 -5
65562 -5
65563 -5
65564 -5
65565 -5
65566 -5
65567 -5
65568 -5
65569 -5
65570 -5
65571 -5
65572 -5
65573 -5
65574 -5
65575 -5
65576 -5
65577 -5
65578 -5
65579 -5
65580 -5
65581 -5
65582 -5
65583 -5
65584 -5
65585 -5
65586 -5
65587 -5
65588 -5
65589 -5
65590 -5
65591 -5
65592 -5
65593 -5
65594 -5
65595 -5
65596 -5
65597 -5
65598 -5
65599 -5
65600 -5
65601 -5
65602 -5
65603 -5
65604 -5
65605 -5
65606 -5
65607 -5
65608 -5
65609 -5
65610 -5
65611 -5
65612 -5
65613 -5
65614 -5
65615 -5
65616 -5
65617 -5
65618 -5
65619 -5
65620 -5
65621 -5
65622 -5
65623 -5
65624 -5
65625 -5
65626 -5
65627 -5
65628 -5
65629 -5
65630 -5
65631 -5
65632 -5
65633 -5
65634 -5
65635 -5
65636 -5
65637 -5
65638 -5
65639 -5
65640 -5
65641 -5
65642 -5
65643 -5
65644 -5
65645 -5
65646 -5
65647 -5
65648 -5
65649 -5
65650 -5
65651 -5
65652 -5
65653 -5
65654 -5
65655 -5
65656 -5
65657 -5
65658 -5
65659 -5
65660 -5
65661 -5
65662 -5
65663 -5
65664 -6
65665 -6
65666 -6
65667 -6
65668 -6
65669 -6
65670 -6
65671 -6
65672 -6
65673 -6
65674 -6
65675 -6
65676 -6
65677 -6
65678 -6
65679 -6
65680 -6
65681 -6
65682 -6
65683 -6
65684 -6
65685 -6
65686 -6
65687 -6
65688 -6
65689 -6
65690 -6
65691 -6
65692 -6
65693 -6
65694 -6
65695 -6
65696 -6
65697 -6
65698 -6
65699 -6
65700 -6
65701 -6
65702 -6
65703 -6
65704 -6
65705 -6
65706 -6
65707 -6
65708 -6
65709 -6
65710 -6
65711 -6
65712 -6
65713 -6
65714 -6
65715 -6
65716 -6
65717 -6
65718 -6
65719 -6
65720 -6
65721 -6
65722 -6
65723 -6
65724 -6
65725 -6
65726 -6
65727 -6
65728 -6
65729 -6
65730 -6
65731 -6
65732 -6
65733 -6
65734 -6
65735 -6
65736 -6
65737 -6
65738 -6
65739 -6
65740 -6
65741 -6
65742 -6
65743 -6
65744 -6
65745 -6
65746 -6
65747 -6
65748 -6
65749 -6
65750 -6
65751 -6
65752 -6
65753 -6
65754 -6
65755 -6
65756 -6
65757 -6
65758 -6
65759 -6
65760 -6
65761 -6
65762 -6
65763 -6
65764 -6
65765 -6
65766 -6
65767 -6
65768 -6
65769 -6
65770 -6
65771 -6
65772 -6
65773 -6
65774 -6
65775 -6
65776 -6
65777 -6
65778 -6
65779 -6
65780 -6
65781 -6
65782 -6
65783 -6
65784 -6
65785 -6
65786 -6
65787 -6
65788 -6
65789 -6
65790 -6
65791 -6
65792 -6
65793 -6
65794 -6
65795 -6
65796 -6
65797 -6
65798 -6
65799 -6
65800 -6
65801 -6
65802 -6
65803 -6
65804 -6
65805 -6
65806 -6
65807 -6
65808 -6
65809 -6
65810 -6
65811 -6
65812 -6
65813 -6
65814 -6
65815 -6
65816 -6
65817 -6
65818 -6
65819 -6
65820 -6
65821 -6
65822 -6
65823 -6
65824 -6
65825 -6
65826 -6
65827 -6
65828 -6
65829 -6
65830 -6
65831 -6
65832 -6
65833 -6
65834 -6
65835 -6
65836 -6
65837 -6
65838 -6
65839 -6
65840 -6
65841 -6
65842 -6
65843 -6
65844 -6
65845 -6
65846 -6
65847 -6
65848 -6
65849 -6
65850 -6
65851 -6
65852 -6
65853 -6
65854 -6
65855 -6
65856 -6
65857 -6
65858 -6
65859 -6
65860 -6
65861 -6
65862 -6
65863 -6
65864 -6
65865 -6
65866 -6
65867 -6
65868 -6
65869 -6
65870 -6
65871 -6
65872 -6
65873 -6
65874 -6
65875 -6
65876 -6
65877 -6
65878 -6
65879 -6
65880 -6
65881 -6
65882 -6
65883 -6
65884 -6
65885 -6
65886 -6
65887 -6
65888 -6
65889 -6
65890 -6
65891 -6
65892 -6
65893 -6
65894 -6
65895 -6
65896 -6
65897 -6
65898 -6
65899 -6
65900 -6
65901 -6
65902 -6
65903 -6
65904 -6
65905 -6
65906 -6
65907 -6
65908 -6
65909 -6
65910 -6
65911 -6
65912 -6
65913 -6
65914 -6
65915 -6
65916 -6
65917 -6
65918 -6
65919 -6
65920 -6
65921 -6
65922 -6
65923 -6
65924 -6
65925 -6
65926 -6
65927 -6
65928 -6
65929 -6
65930 -6
65931 -6
65932 -6
65933 -6
65934 -6
65935 -6
65936 -6
65937 -6
65938 -6
65939 -6
65940 -6
65941 -6
65942 -6
65943 -6
65944 -6
65945 -6
65946 -6
65947 -6
65948 -6
65949 -6
65950 -6
65951 -6
65952 -6
65953 -6
65954 -6
65955 -6
65956 -6
65957 -6
65958 -6
65959 -6
65960 -6
65961 -6
65962 -6
65963 -6
65964 -6
65965 -6
65966 -6
65967 -6
65968 -6
65969 -6
65970 -6
65971 -6
65972 -6
65973 -6
65974 -6
65975 -6
65976 -6
65977 -6
65978 -6
65979 -6
65980 -6
65981 -6
65982 -6
65983 -6
65984 -6
65985 -6
65986 -6
65987 -6
65988 -6
65989 -6
65990 -6
65991 -6
65992 -6
65993 -6
65994 -6
65995 -6
65996 -6
65997 -6
65998 -6
65999 -6
66000 -6
66001 -6
66002 -6
66003 -6
66004 -6
66005 -6
66006 -6
66007 -6
66008 -6
66009 -6
66010 -6
66011 -6
66012 -6
66013 -6
66014 -6
66015 -6
66016 -6
66017 -6
66018 -6
66019 -6
66020 -6
66021 -6
66022 -6
66023 -6
66024 -6
66025 -6
66026 -6
66027 -6
66028 -6
66029 -6
66030 -6
66031 -6
66032 -6
66033 -6
66034 -6
66035 -6
66036 -6
66037 -6
66038 -6
66039 -6
66040 -6
66041 -6
66042 -6
66043 -6
66044 -6
66045 -6
66046 -6
66047 -6
66048 -6
66049 -6
66050 -6
66051 -6
66052 -6
66053 -6
66054 -6
66055 -6
66056 -6
66057 -6
66058 -6
66059 -6
66060 -6
66061 -6
66062 -6
66063 -6
66064 -6
66065 -6
66066 -6
66067 -6
66068 -6
66069 -6
66070 -6
66071 -6
66072 -6
66073 -6
66074 -6
66075 -6
66076 -6
66077 -6
66078 -6
66079 -6
66080 -6
66081 -6
66082 -6
66083 -6
66084 -6
66085 -6
66086 -6
66087 -6
66088 -6
66089 -6
66090 -6
66091 -6
66092 -6
66093 -6
66094 -6
66095 -6
66096 -6
66097 -6
66098 -6
66099 -6
66100 -6
66101 -6
66102 -6
66103 -6
66104 -6
66105 -6
66106 -6
66107 -6
66108 -6
66109 -6
66110 -6
66111 -6
66112 -6
66113 -6
66114 -6
66115 -6
66116 -6
66117 -6
66118 -6
66119 -6
66120 -6
66121 -6
66122 -6
66123 -6
66124 -6
66125 -6
66126 -6
66127 -6
66128 -6
66129 -6
66130 -6
66131 -6
66132 -6
66133 -6
66134 -6
66135 -6
66136 -6
66137 -6
66138 -6
66139 -6
66140 -6
66141 -6
66142 -6
66143 -6
66144 -6
66145 -6
66146 -6
66147 -6
66148 -6
66149 -6
66150 -6
66151 -6
66152 -6
66153 -6
66154 -6
66155 -6
66156 -6
66157 -6
66158 -6
66159 -6
66160 -6
66161 -6
66162 -6
66163 -6
66164 -6
66165 -6
66166 -6
66167 -6
66168 -6
66169 -6
66170 -6
66171 -6
66172 -6
66173 -6
66174 -6
66175 -6
66176 -6
66177 -6
66178 -6
66179 -6
66180 -6
66181 -6
66182 -6
66183 -6
66184 -6
66185 -6
66186 -6
66187 -6
66188 -6
66189 -6
66190 -6
66191 -6
66192 -6
66193 -6
66194 -6
66195 -6
66196 -6
66197 -6
66198 -6
66199 -6
66200 -6
66201 -6
66202 -6
66203 -6
66204 -6
66205 -6
66206 -6
66207 -6
66208 -6
66209 -6
66210 -6
66211 -6
66212 -6
66213 -6
66214 -6
66215 -6
66216 -6
66217 -6
66218 -6
66219 -6
66220 -6
66221 -6
66222 -6
66223 -6
66224 -6
66225 -6
66226 -6
66227 -6
66228 -6
66229 -6
66230 -6
66231 -6
66232 -6
66233 -6
66234 -6
66235 -6
66236 -6
66237 -6
66238 -6
66239 -6
66240 -6
66241 -6
66242 -6
66243 -6
66244 -6
66245 -6
66246 -6
66247 -6
66248 -6
66249 -6
66250 -6
66251 -6
66252 -6
66253 -6
66254 -6
66255 -6
66256 -6
66257 -6
66258 -6
66259 -6
66260 -6
66261 -6
66262 -6
66263 -6
66264 -6
66265 -6
66266 -6
66267 -6
66268 -6
66269 -6
66270 -6
66271 -6
66272 -6
66273 -6
66274 -6
66275 -6
66276 -6
66277 -6
66278 -6
66279 -6
66280 -6
66281 -6
66282 -6
66283 -6
66284 -6
66285 -6
66286 -6
66287 -6
66288 -6
66289 -6
66290 -6
66291 -6
66292 -6
66293 -6
66294 -6
66295 -6
66296 -6
66297 -6
66298 -6
66299 -6
66300 -6
66301 -6
66302 -6
66303 -6
66304 -6
66305 -6
66306 -6
66307 -6
66308 -6
66309 -6
66310 -6
66311 -6
66312 -6
66313 -6
66314 -6
66315 -6
66316 -6
66317 -6
66318 -6
66319 -6
66320 -6
66321 -6
66322 -6
66323 -6
66324 -6
66325 -6
66326 -6
66327 -6
66328 -6
66329 -6
66330 -6
66331 -6
66332 -6
66333 -6
66334 -6
66335 -6
66336 -6
66337 -6
66338 -6
66339 -6
66340 -6
66341 -6
66342 -6
66343 -6
66344 -6
66345 -6
66346 -6
66347 -6
66348 -6
66349 -6
66350 -6
66351 -6
66352 -6
66353 -6
66354 -6
66355 -6
66356 -6
66357 -6
66358 -6
66359 -6
66360 -6
66361 -6
66362 -6
66363 -6
66364 -6
66365 -6
66366 -6
66367 -6
66368 -6
66369 -6
66370 -6
66371 -6
66372 -6
66373 -6
66374 -6
66375 -6
66376 -6
66377 -6
66378 -6
66379 -6
66380 -6
66381 -6
66382 -6
66383 -6
66384 -6
66385 -6
66386 -6
66387 -6
66388 -6
66389 -6
66390 -6
66391 -6
66392 -6
66393 -6
66394 -6
66395 -6
66396 -6
66397 -6
66398 -6
66399 -6
66400 -6
66401 -6
66402 -6
66403 -6
66404 -6
66405 -6
66406 -6
66407 -6
66408 -6
66409 -6
66410 -6
66411 -6
66412 -6
66413 -6
66414 -6
66415 -6
66416 -6
66417 -6
66418 -6
66419 -6
66420 -6
66421 -6
66422 -6
66423 -6
66424 -6
66425 -6
66426 -6
66427 -6
66428 -6
66429 -6
66430 -6
66431 -6
66432 -6
66433 -6
66434 -6
66435 -6
66436 -6
66437 -6
66438 -6
66439 -6
66440 -6
66441 -6
66442 -6
66443 -6
66444 -6
66445 -6
66446 -6
66447 -6
66448 -6
66449 -6
66450 -6
66451 -6
66452 -6
66453 -6
66454 -6
66455 -6
66456 -6
66457 -6
66458 -6
66459 -6
66460 -6
66461 -6
66462 -6
66463 -6
66464 -6
66465 -6
66466 -6
66467 -6
66468 -6
66469 -6
66470 -6
66471 -6
66472 -6
66473 -6
66474 -6
66475 -6
66476 -6
66477 -6
66478 -6
66479 -6
66480 -6
66481 -6
66482 -6
66483 -6
66484 -6
66485 -6
66486 -6
66487 -6
66488 -6
66489 -6
66490 -6
66491 -6
66492 -6
66493 -6
66494 -6
66495 -6
66496 -6
66497 -6
66498 -6
66499 -6
66500 -6
66501 -6
66502 -6
66503 -6
66504 -6
66505 -6
66506 -6
66507 -6
66508 -6
66509 -6
66510 -6
66511 -6
66512 -6
66513 -6
66514 -6
66515 -6
66516 -6
66517 -6
66518 -6
66519 -6
66520 -6
66521 -6
66522 -6
66523 -6
66524 -6
66525 -6
66526 -6
66527 -6
66528 -6
66529 -6
66530 -6
66531 -6
66532 -6
66533 -6
66534 -6
66535 -6
66536 -6
66537 -6
66538 -6
66539 -6
66540 -6
66541 -6
66542 -6
66543 -6
66544 -6
66545 -6
66546 -6
66547 -6
66548 -6
66549 -6
66550 -6
66551 -6
66552 -6
66553 -6
66554 -6
66555 -6
66556 -6
66557 -6
66558 -6
66559 -6
66560 -6
66561 -6
66562 -6
66563 -6
66564 -6
66565 -6
66566 -6
66567 -6
66568 -6
66569 -6
66570 -6
66571 -6
66572 -6
66573 -6
66574 -6
66575 -6
66576 -6
66577 -6
66578 -6
66579 -6
66580 -6
66581 -6
66582 -6
66583 -6
66584 -6
66585 -6
66586 -6
66587 -6
66588 -6
66589 -6
66590 -6
66591 -6
66592 -6
66593 -6
66594 -6
66595 -6
66596 -6
66597 -6
66598 -6
66599 -6
66600 -6
66601 -6
66602 -6
66603 -6
66604 -6
66605 -6
66606 -6
66607 -6
66608 -6
66609 -6
66610 -6
66611 -6
66612 -6
66613 -6
66614 -6
66615 -6
66616 -6
66617 -6
66618 -6
66619 -6
66620 -6
66621 -6
66622 -6
66623 -6
66624 -6
66625 -6
66626 -6
66627 -6
66628 -6
66629 -6
66630 -6
66631 -6
66632 -6
66633 -6
66634 -6
66635 -6
66636 -6
66637 -6
66638 -6
66639 -6
66640 -6
66641 -6
66642 -6
66643 -6
66644 -6
66645 -6
66646 -6
66647 -6
66648 -6
66649 -6
66650 -6
66651 -6
66652 -6
66653 -6
66654 -6
66655 -6
66656 -6
66657 -6
66658 -6
66659 -6
66660 -6
66661 -6
66662 -6
66663 -6
66664 -6
66665 -6
66666 -6
66667 -6
66668 -6
66669 -6
66670 -6
66671 -6
66672 -6
66673 -6
66674 -6
66675 -6
66676 -6
66677 -6
66678 -6
66679 -6
66680 -6
66681 -6
66682 -6
66683 -6
66684 -6
66685 -6
66686 -6
66687 -6
66688 -6
66689 -6
66690 -6
66691 -6
66692 -6
66693 -6
66694 -6
66695 -6
66696 -6
66697 -6
66698 -6
66699 -6
66700 -6
66701 -6
66702 -6
66703 -6
66704 -6
66705 -6
66706 -6
66707 -6
66708 -6
66709 -6
66710 -6
66711 -6
66712 -6
66713 -6
66714 -6
66715 -6
66716 -6
66717 -6
66718 -6
66719 -6
66720 -6
66721 -6
66722 -6
66723 -6
66724 -6
66725 -6
66726 -6
66727 -6
66728 -6
66729 -6
66730 -6
66731 -6
66732 -6
66733 -6
66734 -6
66735 -6
66736 -6
66737 -6
66738 -6
66739 -6
66740 -6
66741 -6
66742 -6
66743 -6
66744 -6
66745 -6
66746 -6
66747 -6
66748 -6
66749 -6
66750 -6
66751 -6
66752 -6
66753 -6
66754 -6
66755 -6
66756 -6
66757 -6
66758 -6
66759 -6
66760 -6
66761 -6
66762 -6
66763 -6
66764 -6
66765 -6
66766 -6
66767 -6
66768 -6
66769 -6
66770 -6
66771 -6
66772 -6
66773 -6
66774 -6
66775 -6
66776 -6
66777 -6
66778 -6
66779 -6
66780 -6
66781 -6
66782 -6
66783 -6
66784 -6
66785 -6
66786 -6
66787 -6
66788 -6
66789 -6
66790 -6
66791 -6
66792 -6
66793 -6
66794 -6
66795 -6
66796 -6
66797 -6
66798 -6
66799 -6
66800 -6
66801 -6
66802 -6
66803 -6
66804 -6
66805 -6
66806 -6
66807 -6
66808 -6
66809 -6
66810 -6
66811 -6
66812 -6
66813 -6
66814 -6
66815 -6
66816 -6
66817 -6
66818 -6
66819 -6
66820 -6
66821 -6
66822 -6
66823 -6
66824 -6
66825 -6
66826 -6
66827 -6
66828 -6
66829 -6
66830 -6
66831 -6
66832 -6
66833 -6
66834 -6
66835 -6
66836 -6
66837 -6
66838 -6
66839 -6
66840 -6
66841 -6
66842 -6
66843 -6
66844 -6
66845 -6
66846 -6
66847 -6
66848 -6
66849 -6
66850 -6
66851 -6
66852 -6
66853 -6
66854 -6
66855 -6
66856 -6
66857 -6
66858 -6
66859 -6
66860 -6
66861 -6
66862 -6
66863 -6
66864 -6
66865 -6
66866 -6
66867 -6
66868 -6
66869 -6
66870 -6
66871 -6
66872 -6
66873 -6
66874 -6
66875 -6
66876 -6
66877 -6
66878 -6
66879 -6
66880 -6
66881 -6
66882 -6
66883 -6
66884 -6
66885 -6
66886 -6
66887 -6
66888 -6
66889 -6
66890 -6
66891 -6
66892 -6
66893 -6
66894 -6
66895 -6
66896 -6
66897 -6
66898 -6
66899 -6
66900 -6
66901 -6
66902 -6
66903 -6
66904 -6
66905 -6
66906 -6
66907 -6
66908 -6
66909 -6
66910 -6
66911 -6
66912 -6
66913 -6
66914 -6
66915 -6
66916 -6
66917 -6
66918 -6
66919 -6
66920 -6
66921 -6
66922 -6
66923 -6
66924 -6
66925 -6
66926 -6
66927 -6
66928 -6
66929 -6
66930 -6
66931 -6
66932 -6
66933 -6
66934 -6
66935 -6
66936 -6
66937 -6
66938 -6
66939 -6
66940 -6
66941 -6
66942 -6
66943 -6
66944 -6
66945 -6
66946 -6
66947 -6
66948 -6
66949 -6
66950 -6
66951 -6
66952 -6
66953 -6
66954 -6
66955 -6
66956 -6
66957 -6
66958 -6
66959 -6
66960 -6
66961 -6
66962 -6
66963 -6
66964 -6
66965 -6
66966 -6
66967 -6
66968 -6
66969 -6
66970 -6
66971 -6
66972 -6
66973 -6
66974 -6
66975 -6
66976 -6
66977 -6
66978 -6
66979 -6
66980 -6
66981 -6
66982 -6
66983 -6
66984 -6
66985 -6
66986 -6
66987 -6
66988 -6
66989 -6
66990 -6
66991 -6
66992 -6
66993 -6
66994 -6
66995 -6
66996 -6
66997 -6
66998 -6
66999 -6
67000 -6
67001 -6
67002 -6
67003 -6
67004 -6
67005 -6
67006 -6
67007 -6
67008 -7
67009 -7
67010 -7
67011 -7
67012 -7
67013 -7
67014 -7
67015 -7
67016 -7
67017 -7
67018 -7
67019 -7
67020 -7
67021 -7
67022 -7
67023 -7
67024 -7
67025 -7
67026 -7
67027 -7
67028 -7
67029 -7
67030 -7
67031 -7
67032 -7
67033 -7
67034 -7
67035 -7
67036 -7
67037 -7
67038 -7
67039 -7
67040 -7
67041 -7
67042 -7
67043 -7
67044 -7
67045 -7
67046 -7
67047 -7
67048 -7
67049 -7
67050 -7
67051 -7
67052 -7
67053 -7
67054 -7
67055 -7
67056 -7
67057 -7
67058 -7
67059 -7
67060 -7
67061 -7
67062 -7
67063 -7
67064 -7
67065 -7
67066 -7
67067 -7
67068 -7
67069 -7
67070 -7
67071 -7
67072 -7
67073 -7
67074 -7
67075 -7
67076 -7
67077 -7
67078 -7
67079 -7
67080 -7
67081 -7
67082 -7
67083 -7
67084 -7
67085 -7
67086 -7
67087 -7
67088 -7
67089 -7
67090 -7
67091 -7
67092 -7
67093 -7
67094 -7
67095 -7
67096 -7
67097 -7
67098 -7
67099 -7
67100 -7
67101 -7
67102 -7
67103 -7
67104 -7
67105 -7
67106 -7
67107 -7
67108 -7
67109 -7
67110 -7
67111 -7
67112 -7
67113 -7
67114 -7
67115 -7
67116 -7
67117 -7
67118 -7
67119 -7
67120 -7
67121 -7
67122 -7
67123 -7
67124 -7
67125 -7
67126 -7
67127 -7
67128 -7
67129 -7
67130 -7
67131 -7
67132 -7
67133 -7
67134 -7
67135 -7
67136 -7
67137 -7
67138 -7
67139 -7
67140 -7
67141 -7
67142 -7
67143 -7
67144 -7
67145 -7
67146 -7
67147 -7
67148 -7
67149 -7
67150 -7
67151 -7
67152 -7
67153 -7
67154 -7
67155 -7
67156 -7
67157 -7
67158 -7
67159 -7
67160 -7
67161 -7
67162 -7
67163 -7
67164 -7
67165 -7
67166 -7
67167 -7
67168 -7
67169 -7
67170 -7
67171 -7
67172 -7
67173 -7
67174 -7
67175 -7
67176 -7
67177 -7
67178 -7
67179 -7
67180 -7
67181 -7
67182 -7
67183 -7
67184 -7
67185 -7
67186 -7
67187 -7
67188 -7
67189 -7
67190 -7
67191 -7
67192 -7
67193 -7
67194 -7
67195 -7
67196 -7
67197 -7
67198 -7
67199 -7
67200 -6
67201 -6
67202 -6
67203 -6
67204 -6
67205 -6
67206 -6
67207 -6
67208 -6
67209 -6
67210 -6
67211 -6
67212 -6
67213 -6
67214 -6
67215 -6
67216 -6
67217 -6
67218 -6
67219 -6
67220 -6
67221 -6
67222 -6
67223 -6
67224 -6
67225 -6
67226 -6
67227 -6
67228 -6
67229 -6
67230 -6
67231 -6
67232 -6
67233 -6
67234 -6
67235 -6
67236 -6
67237 -6
67238 -6
67239 -6
67240 -6
67241 -6
67242 -6
67243 -6
67244 -6
67245 -6
67246 -6
67247 -6
67248 -6
67249 -6
67250 -6
67251 -6
67252 -6
67253 -6
67254 -6
67255 -6
67256 -6
67257 -6
67258 -6
67259 -6
67260 -6
67261 -6
67262 -6
67263 -6
67264 -6
67265 -6
67266 -6
67267 -6
67268 -6
67269 -6
67270 -6
67271 -6
67272 -6
67273 -6
67274 -6
67275 -6
67276 -6
67277 -6
67278 -6
67279 -6
67280 -6
67281 -6
67282 -6
67283 -6
67284 -6
67285 -6
67286 -6
67287 -6
67288 -6
67289 -6
67290 -6
67291 -6
67292 -6
67293 -6
67294 -6
67295 -6
67296 -6
67297 -6
67298 -6
67299 -6
67300 -6
67301 -6
67302 -6
67303 -6
67304 -6
67305 -6
67306 -6
67307 -6
67308 -6
67309 -6
67310 -6
67311 -6
67312 -6
67313 -6
67314 -6
67315 -6
67316 -6
67317 -6
67318 -6
67319 -6
67320 -6
67321 -6
67322 -6
67323 -6
67324 -6
67325 -6
67326 -6
67327 -6
67328 -6
67329 -6
67330 -6
67331 -6
67332 -6
67333 -6
67334 -6
67335 -6
67336 -6
67337 -6
67338 -6
67339 -6
67340 -6
67341 -6
67342 -6
67343 -6
67344 -6
67345 -6
67346 -6
67347 -6
67348 -6
67349 -6
67350 -6
67351 -6
67352 -6
67353 -6
67354 -6
67355 -6
67356 -6
67357 -6
67358 -6
67359 -6
67360 -6
67361 -6
67362 -6
67363 -6
67364 -6
67365 -6
67366 -6
67367 -6
67368 -6
67369 -6
67370 -6
67371 -6
67372 -6
67373 -6
67374 -6
67375 -6
67376 -6
67377 -6
67378 -6
67379 -6
67380 -6
67381 -6
67382 -6
67383 -6
67384 -6
67385 -6
67386 -6
67387 -6
67388 -6
67389 -6
67390 -6
67391 -6
67392 -6
67393 -6
67394 -6
67395 -6
67396 -6
67397 -6
67398 -6
67399 -6
67400 -6
67401 -6
67402 -6
67403 -6
67404 -6
67405 -6
67406 -6
67407 -6
67408 -6
67409 -6
67410 -6
67411 -6
67412 -6
67413 -6
67414 -6
67415 -6
67416 -6
67417 -6
67418 -6
67419 -6
67420 -6
67421 -6
67422 -6
67423 -6
67424 -6
67425 -6
67426 -6
67427 -6
67428 -6
67429 -6
67430 -6
67431 -6
67432 -6
67433 -6
67434 -6
67435 -6
67436 -6
67437 -6
67438 -6
67439 -6
67440 -6
67441 -6
67442 -6
67443 -6
67444 -6
67445 -6
67446 -6
67447 -6
67448 -6
67449 -6
67450 -6
67451 -6
67452 -6
67453 -6
67454 -6
67455 -6
67456 -6
67457 -6
67458 -6
67459 -6
67460 -6
67461 -6
67462 -6
67463 -6
67464 -6
67465 -6
67466 -6
67467 -6
67468 -6
67469 -6
67470 -6
67471 -6
67472 -6
67473 -6
67474 -6
67475 -6
67476 -6
67477 -6
67478 -6
67479 -6
67480 -6
67481 -6
67482 -6
67483 -6
67484 -6
67485 -6
67486 -6
67487 -6
67488 -6
67489 -6
67490 -6
67491 -6
67492 -6
67493 -6
67494 -6
67495 -6
67496 -6
67497 -6
67498 -6
67499 -6
67500 -6
67501 -6
67502 -6
67503 -6
67504 -6
67505 -6
67506 -6
67507 -6
67508 -6
67509 -6
67510 -6
67511 -6
67512 -6
67513 -6
67514 -6
67515 -6
67516 -6
67517 -6
67518 -6
67519 -6
67520 -6
67521 -6
67522 -6
67523 -6
67524 -6
67525 -6
67526 -6
67527 -6
67528 -6
67529 -6
67530 -6
67531 -6
67532 -6
67533 -6
67534 -6
67535 -6
67536 -6
67537 -6
67538 -6
67539 -6
67540 -6
67541 -6
67542 -6
67543 -6
67544 -6
67545 -6
67546 -6
67547 -6
67548 -6
67549 -6
67550 -6
67551 -6
67552 -6
67553 -6
67554 -6
67555 -6
67556 -6
67557 -6
67558 -6
67559 -6
67560 -6
67561 -6
67562 -6
67563 -6
67564 -6
67565 -6
67566 -6
67567 -6
67568 -6
67569 -6
67570 -6
67571 -6
67572 -6
67573 -6
67574 -6
67575 -6
67576 -6
67577 -6
67578 -6
67579 -6
67580 -6
67581 -6
67582 -6
67583 -6
67584 -4
67585 -4
67586 -4
67587 -4
67588 -4
67589 -4
67590 -4
67591 -4
67592 -4
67593 -4
67594 -4
67595 -4
67596 -4
67597 -4
67598 -4
67599 -4
67600 -4
67601 -4
67602 -4
67603 -4
67604 -4
67605 -4
67606 -4
67607 -4
67608 -4
67609 -4
67610 -4
67611 -4
67612 -4
67613 -4
67614 -4
67615 -4
67616 -4
67617 -4
67618 -4
67619 -4
67620 -4
67621 -4
67622 -4
67623 -4
67624 -4
67625 -4
67626 -4
67627 -4
67628 -4
67629 -4
67630 -4
67631 -4
67632 -4
67633 -4
67634 -4
67635 -4
67636 -4
67637 -4
67638 -4
67639 -4
67640 -4
67641 -4
67642 -4
67643 -4
67644 -4
67645 -4
67646 -4
67647 -4
67648 -4
67649 -4
67650 -4
67651 -4
67652 -4
67653 -4
67654 -4
67655 -4
67656 -4
67657 -4
67658 -4
67659 -4
67660 -4
67661 -4
67662 -4
67663 -4
67664 -4
67665 -4
67666 -4
67667 -4
67668 -4
67669 -4
67670 -4
67671 -4
67672 -4
67673 -4
67674 -4
67675 -4
67676 -4
67677 -4
67678 -4
67679 -4
67680 -4
67681 -4
67682 -4
67683 -4
67684 -4
67685 -4
67686 -4
67687 -4
67688 -4
67689 -4
67690 -4
67691 -4
67692 -4
67693 -4
67694 -4
67695 -4
67696 -4
67697 -4
67698 -4
67699 -4
67700 -4
67701 -4
67702 -4
67703 -4
67704 -4
67705 -4
67706 -4
67707 -4
67708 -4
67709 -4
67710 -4
67711 -4
67712 -4
67713 -4
67714 -4
67715 -4
67716 -4
67717 -4
67718 -4
67719 -4
67720 -4
67721 -4
67722 -4
67723 -4
67724 -4
67725 -4
67726 -4
67727 -4
67728 -4
67729 -4
67730 -4
67731 -4
67732 -4
67733 -4
67734 -4
67735 -4
67736 -4
67737 -4
67738 -4
67739 -4
67740 -4
67741 -4
67742 -4
67743 -4
67744 -4
67745 -4
67746 -4
67747 -4
67748 -4
67749 -4
67750 -4
67751 -4
67752 -4
67753 -4
67754 -4
67755 -4
67756 -4
67757 -4
67758 -4
67759 -4
67760 -4
67761 -4
67762 -4
67763 -4
67764 -4
67765 -4
67766 -4
67767 -4
67768 -4
67769 -4
67770 -4
67771 -4
67772 -4
67773 -4
67774 -4
67775 -4
67776 -3
67777 -3
67778 -3
67779 -3
67780 -3
67781 -3
67782 -3
67783 -3
67784 -3
67785 -3
67786 -3
67787 -3
67788 -3
67789 -3
67790 -3
67791 -3
67792 -3
67793 -3
67794 -3
67795 -3
67796 -3
67797 -3
67798 -3
67799 -3
67800 -3
67801 -3
67802 -3
67803 -3
67804 -3
67805 -3
67806 -3
67807 -3
67808 -3
67809 -3
67810 -3
67811 -3
67812 -3
67813 -3
67814 -3
67815 -3
67816 -3
67817 -3
67818 -3
67819 -3
67820 -3
67821 -3
67822 -3
67823 -3
67824 -3
67825 -3
67826 -3
67827 -3
67828 -3
67829 -3
67830 -3
67831 -3
67832 -3
67833 -3
67834 -3
67835 -3
67836 -3
67837 -3
67838 -3
67839 -3
67840 -3
67841 -3
67842 -3
67843 -3
67844 -3
67845 -3
67846 -3
67847 -3
67848 -3
67849 -3
67850 -3
67851 -3
67852 -3
67853 -3
67854 -3
67855 -3
67856 -3
67857 -3
67858 -3
67859 -3
67860 -3
67861 -3
67862 -3
67863 -3
67864 -3
67865 -3
67866 -3
67867 -3
67868 -3
67869 -3
67870 -3
67871 -3
67872 -3
67873 -3
67874 -3
67875 -3
67876 -3
67877 -3
67878 -3
67879 -3
67880 -3
67881 -3
67882 -3
67883 -3
67884 -3
67885 -3
67886 -3
67887 -3
67888 -3
67889 -3
67890 -3
67891 -3
67892 -3
67893 -3
67894 -3
67895 -3
67896 -3
67897 -3
67898 -3
67899 -3
67900 -3
67901 -3
67902 -3
67903 -3
67904 -3
67905 -3
67906 -3
67907 -3
67908 -3
67909 -3
67910 -3
67911 -3
67912 -3
67913 -3
67914 -3
67915 -3
67916 -3
67917 -3
67918 -3
67919 -3
67920 -3
67921 -3
67922 -3
67923 -3
67924 -3
67925 -3
67926 -3
67927 -3
67928 -3
67929 -3
67930 -3
67931 -3
67932 -3
67933 -3
67934 -3
67935 -3
67936 -3
67937 -3
67938 -3
67939 -3
67940 -3
67941 -3
67942 -3
67943 -3
67944 -3
67945 -3
67946 -3
67947 -3
67948 -3
67949 -3
67950 -3
67951 -3
67952 -3
67953 -3
67954 -3
67955 -3
67956 -3
67957 -3
67958 -3
67959 -3
67960 -3
67961 -3
67962 -3
67963 -3
67964 -3
67965 -3
67966 -3
67967 -3
67968 -4
67969 -4
67970 -4
67971 -4
67972 -4
67973 -4
67974 -4
67975 -4
67976 -4
67977 -4
67978 -4
67979 -4
67980 -4
67981 -4
67982 -4
67983 -4
67984 -4
67985 -4
67986 -4
67987 -4
67988 -4
67989 -4
67990 -4
67991 -4
67992 -4
67993 -4
67994 -4
67995 -4
67996 -4
67997 -4
67998 -4
67999 -4
68000 -4
68001 -4
68002 -4
68003 -4
68004 -4
68005 -4
68006 -4
68007 -4
68008 -4
68009 -4
68010 -4
68011 -4
68012 -4
68013 -4
68014 -4
68015 -4
68016 -4
68017 -4
68018 -4
68019 -4
68020 -4
68021 -4
68022 -4
68023 -4
68024 -4
68025 -4
68026 -4
68027 -4
68028 -4
68029 -4
68030 -4
68031 -4
68032 -4
68033 -4
68034 -4
68035 -4
68036 -4
68037 -4
68038 -4
68039 -4
68040 -4
68041 -4
68042 -4
68043 -4
68044 -4
68045 -4
68046 -4
68047 -4
68048 -4
68049 -4
68050 -4
68051 -4
68052 -4
68053 -4
68054 -4
68055 -4
68056 -4
68057 -4
68058 -4
68059 -4
68060 -4
68061 -4
68062 -4
68063 -4
68064 -4
68065 -4
68066 -4
68067 -4
68068 -4
68069 -4
68070 -4
68071 -4
68072 -4
68073 -4
68074 -4
68075 -4
68076 -4
68077 -4
68078 -4
68079 -4
68080 -4
68081 -4
68082 -4
68083 -4
68084 -4
68085 -4
68086 -4
68087 -4
68088 -4
68089 -4
68090 -4
68091 -4
68092 -4
68093 -4
68094 -4
68095 -4
68096 -4
68097 -4
68098 -4
68099 -4
68100 -4
68101 -4
68102 -4
68103 -4
68104 -4
68105 -4
68106 -4
68107 -4
68108 -4
68109 -4
68110 -4
68111 -4
68112 -4
68113 -4
68114 -4
68115 -4
68116 -4
68117 -4
68118 -4
68119 -4
68120 -4
68121 -4
68122 -4
68123 -4
68124 -4
68125 -4
68126 -4
68127 -4
68128 -4
68129 -4
68130 -4
68131 -4
68132 -4
68133 -4
68134 -4
68135 -4
68136 -4
68137 -4
68138 -4
68139 -4
68140 -4
68141 -4
68142 -4
68143 -4
68144 -4
68145 -4
68146 -4
68147 -4
68148 -4
68149 -4
68150 -4
68151 -4
68152 -4
68153 -4
68154 -4
68155 -4
68156 -4
68157 -4
68158 -4
68159 -4
68160 -4
68161 -4
68162 -4
68163 -4
68164 -4
68165 -4
68166 -4
68167 -4
68168 -4
68169 -4
68170 -4
68171 -4
68172 -4
68173 -4
68174 -4
68175 -4
68176 -4
68177 -4
68178 -4
68179 -4
68180 -4
68181 -4
68182 -4
68183 -4
68184 -4
68185 -4
68186 -4
68187 -4
68188 -4
68189 -4
68190 -4
68191 -4
68192 -4
68193 -4
68194 -4
68195 -4
68196 -4
68197 -4
68198 -4
68199 -4
68200 -4
68201 -4
68202 -4
68203 -4
68204 -4
68205 -4
68206 -4
68207 -4
68208 -4
68209 -4
68210 -4
68211 -4
68212 -4
68213 -4
68214 -4
68215 -4
68216 -4
68217 -4
68218 -4
68219 -4
68220 -4
68221 -4
68222 -4
68223 -4
68224 -4
68225 -4
68226 -4
68227 -4
68228 -4
68229 -4
68230 -4
68231 -4
68232 -4
68233 -4
68234 -4
68235 -4
68236 -4
68237 -4
68238 -4
68239 -4
68240 -4
68241 -4
68242 -4
68243 -4
68244 -4
68245 -4
68246 -4
68247 -4
68248 -4
68249 -4
68250 -4
68251 -4
68252 -4
68253 -4
68254 -4
68255 -4
68256 -4
68257 -4
68258 -4
68259 -4
68260 -4
68261 -4
68262 -4
68263 -4
68264 -4
68265 -4
68266 -4
68267 -4
68268 -4
68269 -4
68270 -4
68271 -4
68272 -4
68273 -4
68274 -4
68275 -4
68276 -4
68277 -4
68278 -4
68279 -4
68280 -4
68281 -4
68282 -4
68283 -4
68284 -4
68285 -4
68286 -4
68287 -4
68288 -4
68289 -4
68290 -4
68291 -4
68292 -4
68293 -4
68294 -4
68295 -4
68296 -4
68297 -4
68298 -4
68299 -4
68300 -4
68301 -4
68302 -4
68303 -4
68304 -4
68305 -4
68306 -4
68307 -4
68308 -4
68309 -4
68310 -4
68311 -4
68312 -4
68313 -4
68314 -4
68315 -4
68316 -4
68317 -4
68318 -4
68319 -4
68320 -4
68321 -4
68322 -4
68323 -4
68324 -4
68325 -4
68326 -4
68327 -4
68328 -4
68329 -4
68330 -4
68331 -4
68332 -4
68333 -4
68334 -4
68335 -4
68336 -4
68337 -4
68338 -4
68339 -4
68340 -4
68341 -4
68342 -4
68343 -4
68344 -4
68345 -4
68346 -4
68347 -4
68348 -4
68349 -4
68350 -4
68351 -4
68352 -4
68353 -4
68354 -4
68355 -4
68356 -4
68357 -4
68358 -4
68359 -4
68360 -4
68361 -4
68362 -4
68363 -4
68364 -4
68365 -4
68366 -4
68367 -4
68368 -4
68369 -4
68370 -4
68371 -4
68372 -4
68373 -4
68374 -4
68375 -4
68376 -4
68377 -4
68378 -4
68379 -4
68380 -4
68381 -4
68382 -4
68383 -4
68384 -4
68385 -4
68386 -4
68387 -4
68388 -4
68389 -4
68390 -4
68391 -4
68392 -4
68393 -4
68394 -4
68395 -4
68396 -4
68397 -4
68398 -4
68399 -4
68400 -4
68401 -4
68402 -4
68403 -4
68404 -4
68405 -4
68406 -4
68407 -4
68408 -4
68409 -4
68410 -4
68411 -4
68412 -4
68413 -4
68414 -4
68415 -4
68416 -4
68417 -4
68418 -4
68419 -4
68420 -4
68421 -4
68422 -4
68423 -4
68424 -4
68425 -4
68426 -4
68427 -4
68428 -4
68429 -4
68430 -4
68431 -4
68432 -4
68433 -4
68434 -4
68435 -4
68436 -4
68437 -4
68438 -4
68439 -4
68440 -4
68441 -4
68442 -4
68443 -4
68444 -4
68445 -4
68446 -4
68447 -4
68448 -4
68449 -4
68450 -4
68451 -4
68452 -4
68453 -4
68454 -4
68455 -4
68456 -4
68457 -4
68458 -4
68459 -4
68460 -4
68461 -4
68462 -4
68463 -4
68464 -4
68465 -4
68466 -4
68467 -4
68468 -4
68469 -4
68470 -4
68471 -4
68472 -4
68473 -4
68474 -4
68475 -4
68476 -4
68477 -4
68478 -4
68479 -4
68480 -4
68481 -4
68482 -4
68483 -4
68484 -4
68485 -4
68486 -4
68487 -4
68488 -4
68489 -4
68490 -4
68491 -4
68492 -4
68493 -4
68494 -4
68495 -4
68496 -4
68497 -4
68498 -4
68499 -4
68500 -4
68501 -4
68502 -4
68503 -4
68504 -4
68505 -4
68506 -4
68507 -4
68508 -4
68509 -4
68510 -4
68511 -4
68512 -4
68513 -4
68514 -4
68515 -4
68516 -4
68517 -4
68518 -4
68519 -4
68520 -4
68521 -4
68522 -4
68523 -4
68524 -4
68525 -4
68526 -4
68527 -4
68528 -4
68529 -4
68530 -4
68531 -4
68532 -4
68533 -4
68534 -4
68535 -4
68536 -4
68537 -4
68538 -4
68539 -4
68540 -4
68541 -4
68542 -4
68543 -4
68544 -4
68545 -4
68546 -4
68547 -4
68548 -4
68549 -4
68550 -4
68551 -4
68552 -4
68553 -4
68554 -4
68555 -4
68556 -4
68557 -4
68558 -4
68559 -4
68560 -4
68561 -4
68562 -4
68563 -4
68564 -4
68565 -4
68566 -4
68567 -4
68568 -4
68569 -4
68570 -4
68571 -4
68572 -4
68573 -4
68574 -4
68575 -4
68576 -4
68577 -4
68578 -4
68579 -4
68580 -4
68581 -4
68582 -4
68583 -4
68584 -4
68585 -4
68586 -4
68587 -4
68588 -4
68589 -4
68590 -4
68591 -4
68592 -4
68593 -4
68594 -4
68595 -4
68596 -4
68597 -4
68598 -4
68599 -4
68600 -4
68601 -4
68602 -4
68603 -4
68604 -4
68605 -4
68606 -4
68607 -4
68608 -4
68609 -4
68610 -4
68611 -4
68612 -4
68613 -4
68614 -4
68615 -4
68616 -4
68617 -4
68618 -4
68619 -4
68620 -4
68621 -4
68622 -4
68623 -4
68624 -4
68625 -4
68626 -4
68627 -4
68628 -4
68629 -4
68630 -4
68631 -4
68632 -4
68633 -4
68634 -4
68635 -4
68636 -4
68637 -4
68638 -4
68639 -4
68640 -4
68641 -4
68642 -4
68643 -4
68644 -4
68645 -4
68646 -4
68647 -4
68648 -4
68649 -4
68650 -4
68651 -4
68652 -4
68653 -4
68654 -4
68655 -4
68656 -4
68657 -4
68658 -4
68659 -4
68660 -4
68661 -4
68662 -4
68663 -4
68664 -4
68665 -4
68666 -4
68667 -4
68668 -4
68669 -4
68670 -4
68671 -4
68672 -4
68673 -4
68674 -4
68675 -4
68676 -4
68677 -4
68678 -4
68679 -4
68680 -4
68681 -4
68682 -4
68683 -4
68684 -4
68685 -4
68686 -4
68687 -4
68688 -4
68689 -4
68690 -4
68691 -4
68692 -4
68693 -4
68694 -4
68695 -4
68696 -4
68697 -4
68698 -4
68699 -4
68700 -4
68701 -4
68702 -4
68703 -4
68704 -4
68705 -4
68706 -4
68707 -4
68708 -4
68709 -4
68710 -4
68711 -4
68712 -4
68713 -4
68714 -4
68715 -4
68716 -4
68717 -4
68718 -4
68719 -4
68720 -4
68721 -4
68722 -4
68723 -4
68724 -4
68725 -4
68726 -4
68727 -4
68728 -4
68729 -4
68730 -4
68731 -4
68732 -4
68733 -4
68734 -4
68735 -4
68736 -5
68737 -5
68738 -5
68739 -5
68740 -5
68741 -5
68742 -5
68743 -5
68744 -5
68745 -5
68746 -5
68747 -5
68748 -5
68749 -5
68750 -5
68751 -5
68752 -5
68753 -5
68754 -5
68755 -5
68756 -5
68757 -5
68758 -5
68759 -5
68760 -5
68761 -5
68762 -5
68763 -5
68764 -5
68765 -5
68766 -5
68767 -5
68768 -5
68769 -5
68770 -5
68771 -5
68772 -5
68773 -5
68774 -5
68775 -5
68776 -5
68777 -5
68778 -5
68779 -5
68780 -5
68781 -5
68782 -5
68783 -5
68784 -5
68785 -5
68786 -5
68787 -5
68788 -5
68789 -5
68790 -5
68791 -5
68792 -5
68793 -5
68794 -5
68795 -5
68796 -5
68797 -5
68798 -5
68799 -5
68800 -5
68801 -5
68802 -5
68803 -5
68804 -5
68805 -5
68806 -5
68807 -5
68808 -5
68809 -5
68810 -5
68811 -5
68812 -5
68813 -5
68814 -5
68815 -5
68816 -5
68817 -5
68818 -5
68819 -5
68820 -5
68821 -5
68822 -5
68823 -5
68824 -5
68825 -5
68826 -5
68827 -5
68828 -5
68829 -5
68830 -5
68831 -5
68832 -5
68833 -5
68834 -5
68835 -5
68836 -5
68837 -5
68838 -5
68839 -5
68840 -5
68841 -5
68842 -5
68843 -5
68844 -5
68845 -5
68846 -5
68847 -5
68848 -5
68849 -5
68850 -5
68851 -5
68852 -5
68853 -5
68854 -5
68855 -5
68856 -5
68857 -5
68858 -5
68859 -5
68860 -5
68861 -5
68862 -5
68863 -5
68864 -5
68865 -5
68866 -5
68867 -5
68868 -5
68869 -5
68870 -5
68871 -5
68872 -5
68873 -5
68874 -5
68875 -5
68876 -5
68877 -5
68878 -5
68879 -5
68880 -5
68881 -5
68882 -5
68883 -5
68884 -5
68885 -5
68886 -5
68887 -5
68888 -5
68889 -5
68890 -5
68891 -5
68892 -5
68893 -5
68894 -5
68895 -5
68896 -5
68897 -5
68898 -5
68899 -5
68900 -5
68901 -5
68902 -5
68903 -5
68904 -5
68905 -5
68906 -5
68907 -5
68908 -5
68909 -5
68910 -5
68911 -5
68912 -5
68913 -5
68914 -5
68915 -5
68916 -5
68917 -5
68918 -5
68919 -5
68920 -5
68921 -5
68922 -5
68923 -5
68924 -5
68925 -5
68926 -5
68927 -5
68928 -4
68929 -4
68930 -4
68931 -4
68932 -4
68933 -4
68934 -4
68935 -4
68936 -4
68937 -4
68938 -4
68939 -4
68940 -4
68941 -4
68942 -4
68943 -4
68944 -4
68945 -4
68946 -4
68947 -4
68948 -4
68949 -4
68950 -4
68951 -4
68952 -4
68953 -4
68954 -4
68955 -4
68956 -4
68957 -4
68958 -4
68959 -4
68960 -4
68961 -4
68962 -4
68963 -4
68964 -4
68965 -4
68966 -4
68967 -4
68968 -4
68969 -4
68970 -4
68971 -4
68972 -4
68973 -4
68974 -4
68975 -4
68976 -4
68977 -4
68978 -4
68979 -4
68980 -4
68981 -4
68982 -4
68983 -4
68984 -4
68985 -4
68986 -4
68987 -4
68988 -4
68989 -4
68990 -4
68991 -4
68992 -4
68993 -4
68994 -4
68995 -4
68996 -4
68997 -4
68998 -4
68999 -4
69000 -4
69001 -4
69002 -4
69003 -4
69004 -4
69005 -4
69006 -4
69007 -4
69008 -4
69009 -4
69010 -4
69011 -4
69012 -4
69013 -4
69014 -4
69015 -4
69016 -4
69017 -4
69018 -4
69019 -4
69020 -4
69021 -4
69022 -4
69023 -4
69024 -4
69025 -4
69026 -4
69027 -4
69028 -4
69029 -4
69030 -4
69031 -4
69032 -4
69033 -4
69034 -4
69035 -4
69036 -4
69037 -4
69038 -4
69039 -4
69040 -4
69041 -4
69042 -4
69043 -4
69044 -4
69045 -4
69046 -4
69047 -4
69048 -4
69049 -4
69050 -4
69051 -4
69052 -4
69053 -4
69054 -4
69055 -4
69056 -4
69057 -4
69058 -4
69059 -4
69060 -4
69061 -4
69062 -4
69063 -4
69064 -4
69065 -4
69066 -4
69067 -4
69068 -4
69069 -4
69070 -4
69071 -4
69072 -4
69073 -4
69074 -4
69075 -4
69076 -4
69077 -4
69078 -4
69079 -4
69080 -4
69081 -4
69082 -4
69083 -4
69084 -4
69085 -4
69086 -4
69087 -4
69088 -4
69089 -4
69090 -4
69091 -4
69092 -4
69093 -4
69094 -4
69095 -4
69096 -4
69097 -4
69098 -4
69099 -4
69100 -4
69101 -4
69102 -4
69103 -4
69104 -4
69105 -4
69106 -4
69107 -4
69108 -4
69109 -4
69110 -4
69111 -4
69112 -4
69113 -4
69114 -4
69115 -4
69116 -4
69117 -4
69118 -4
69119 -4
69120 -5
69121 -5
69122 -5
69123 -5
69124 -5
69125 -5
69126 -5
69127 -5
69128 -5
69129 -5
69130 -5
69131 -5
69132 -5
69133 -5
69134 -5
69135 -5
69136 -5
69137 -5
69138 -5
69139 -5
69140 -5
69141 -5
69142 -5
69143 -5
69144 -5
69145 -5
69146 -5
69147 -5
69148 -5
69149 -5
69150 -5
69151 -5
69152 -5
69153 -5
69154 -5
69155 -5
69156 -5
69157 -5
69158 -5
69159 -5
69160 -5
69161 -5
69162 -5
69163 -5
69164 -5
69165 -5
69166 -5
69167 -5
69168 -5
69169 -5
69170 -5
69171 -5
69172 -5
69173 -5
69174 -5
69175 -5
69176 -5
69177 -5
69178 -5
69179 -5
69180 -5
69181 -5
69182 -5
69183 -5
69184 -5
69185 -5
69186 -5
69187 -5
69188 -5
69189 -5
69190 -5
69191 -5
69192 -5
69193 -5
69194 -5
69195 -5
69196 -5
69197 -5
69198 -5
69199 -5
69200 -5
69201 -5
69202 -5
69203 -5
69204 -5
69205 -5
69206 -5
69207 -5
69208 -5
69209 -5
69210 -5
69211 -5
69212 -5
69213 -5
69214 -5
69215 -5
69216 -5
69217 -5
69218 -5
69219 -5
69220 -5
69221 -5
69222 -5
69223 -5
69224 -5
69225 -5
69226 -5
69227 -5
69228 -5
69229 -5
69230 -5
69231 -5
69232 -5
69233 -5
69234 -5
69235 -5
69236 -5
69237 -5
69238 -5
69239 -5
69240 -5
69241 -5
69242 -5
69243 -5
69244 -5
69245 -5
69246 -5
69247 -5
69248 -5
69249 -5
69250 -5
69251 -5
69252 -5
69253 -5
69254 -5
69255 -5
69256 -5
69257 -5
69258 -5
69259 -5
69260 -5
69261 -5
69262 -5
69263 -5
69264 -5
69265 -5
69266 -5
69267 -5
69268 -5
69269 -5
69270 -5
69271 -5
69272 -5
69273 -5
69274 -5
69275 -5
69276 -5
69277 -5
69278 -5
69279 -5
69280 -5
69281 -5
69282 -5
69283 -5
69284 -5
69285 -5
69286 -5
69287 -5
69288 -5
69289 -5
69290 -5
69291 -5
69292 -5
69293 -5
69294 -5
69295 -5
69296 -5
69297 -5
69298 -5
69299 -5
69300 -5
69301 -5
69302 -5
69303 -5
69304 -5
69305 -5
69306 -5
69307 -5
69308 -5
69309 -5
69310 -5
69311 -5
69312 -5
69313 -5
69314 -5
69315 -5
69316 -5
69317 -5
69318 -5
69319 -5
69320 -5
69321 -5
69322 -5
69323 -5
69324 -5
69325 -5
69326 -5
69327 -5
69328 -5
69329 -5
69330 -5
69331 -5
69332 -5
69333 -5
69334 -5
69335 -5
69336 -5
69337 -5
69338 -5
69339 -5
69340 -5
69341 -5
69342 -5
69343 -5
69344 -5
69345 -5
69346 -5
69347 -5
69348 -5
69349 -5
69350 -5
69351 -5
69352 -5
69353 -5
69354 -5
69355 -5
69356 -5
69357 -5
69358 -5
69359 -5
69360 -5
69361 -5
69362 -5
69363 -5
69364 -5
69365 -5
69366 -5
69367 -5
69368 -5
69369 -5
69370 -5
69371 -5
69372 -5
69373 -5
69374 -5
69375 -5
69376 -5
69377 -5
69378 -5
69379 -5
69380 -5
69381 -5
69382 -5
69383 -5
69384 -5
69385 -5
69386 -5
69387 -5
69388 -5
69389 -5
69390 -5
69391 -5
69392 -5
69393 -5
69394 -5
69395 -5
69396 -5
69397 -5
69398 -5
69399 -5
69400 -5
69401 -5
69402 -5
69403 -5
69404 -5
69405 -5
69406 -5
69407 -5
69408 -5
69409 -5
69410 -5
69411 -5
69412 -5
69413 -5
69414 -5
69415 -5
69416 -5
69417 -5
69418 -5
69419 -5
69420 -5
69421 -5
69422 -5
69423 -5
69424 -5
69425 -5
69426 -5
69427 -5
69428 -5
69429 -5
69430 -5
69431 -5
69432 -5
69433 -5
69434 -5
69435 -5
69436 -5
69437 -5
69438 -5
69439 -5
69440 -5
69441 -5
69442 -5
69443 -5
69444 -5
69445 -5
69446 -5
69447 -5
69448 -5
69449 -5
69450 -5
69451 -5
69452 -5
69453 -5
69454 -5
69455 -5
69456 -5
69457 -5
69458 -5
69459 -5
69460 -5
69461 -5
69462 -5
69463 -5
69464 -5
69465 -5
69466 -5
69467 -5
69468 -5
69469 -5
69470 -5
69471 -5
69472 -5
69473 -5
69474 -5
69475 -5
69476 -5
69477 -5
69478 -5
69479 -5
69480 -5
69481 -5
69482 -5
69483 -5
69484 -5
69485 -5
69486 -5
69487 -5
69488 -5
69489 -5
69490 -5
69491 -5
69492 -5
69493 -5
69494 -5
69495 -5
69496 -5
69497 -5
69498 -5
69499 -5
69500 -5
69501 -5
69502 -5
69503 -5
69504 -5
69505 -5
69506 -5
69507 -5
69508 -5
69509 -5
69510 -5
69511 -5
69512 -5
69513 -5
69514 -5
69515 -5
69516 -5
69517 -5
69518 -5
69519 -5
69520 -5
69521 -5
69522 -5
69523 -5
69524 -5
69525 -5
69526 -5
69527 -5
69528 -5
69529 -5
69530 -5
69531 -5
69532 -5
69533 -5
69534 -5
69535 -5
69536 -5
69537 -5
69538 -5
69539 -5
69540 -5
69541 -5
69542 -5
69543 -5
69544 -5
69545 -5
69546 -5
69547 -5
69548 -5
69549 -5
69550 -5
69551 -5
69552 -5
69553 -5
69554 -5
69555 -5
69556 -5
69557 -5
69558 -5
69559 -5
69560 -5
69561 -5
69562 -5
69563 -5
69564 -5
69565 -5
69566 -5
69567 -5
69568 -5
69569 -5
69570 -5
69571 -5
69572 -5
69573 -5
69574 -5
69575 -5
69576 -5
69577 -5
69578 -5
69579 -5
69580 -5
69581 -5
69582 -5
69583 -5
69584 -5
69585 -5
69586 -5
69587 -5
69588 -5
69589 -5
69590 -5
69591 -5
69592 -5
69593 -5
69594 -5
69595 -5
69596 -5
69597 -5
69598 -5
69599 -5
69600 -5
69601 -5
69602 -5
69603 -5
69604 -5
69605 -5
69606 -5
69607 -5
69608 -5
69609 -5
69610 -5
69611 -5
69612 -5
69613 -5
69614 -5
69615 -5
69616 -5
69617 -5
69618 -5
69619 -5
69620 -5
69621 -5
69622 -5
69623 -5
69624 -5
69625 -5
69626 -5
69627 -5
69628 -5
69629 -5
69630 -5
69631 -5
69632 -5
69633 -5
69634 -5
69635 -5
69636 -5
69637 -5
69638 -5
69639 -5
69640 -5
69641 -5
69642 -5
69643 -5
69644 -5
69645 -5
69646 -5
69647 -5
69648 -5
69649 -5
69650 -5
69651 -5
69652 -5
69653 -5
69654 -5
69655 -5
69656 -5
69657 -5
69658 -5
69659 -5
69660 -5
69661 -5
69662 -5
69663 -5
69664 -5
69665 -5
69666 -5
69667 -5
69668 -5
69669 -5
69670 -5
69671 -5
69672 -5
69673 -5
69674 -5
69675 -5
69676 -5
69677 -5
69678 -5
69679 -5
69680 -5
69681 -5
69682 -5
69683 -5
69684 -5
69685 -5
69686 -5
69687 -5
69688 -5
69689 -5
69690 -5
69691 -5
69692 -5
69693 -5
69694 -5
69695 -5
69696 -5
69697 -5
69698 -5
69699 -5
69700 -5
69701 -5
69702 -5
69703 -5
69704 -5
69705 -5
69706 -5
69707 -5
69708 -5
69709 -5
69710 -5
69711 -5
69712 -5
69713 -5
69714 -5
69715 -5
69716 -5
69717 -5
69718 -5
69719 -5
69720 -5
69721 -5
69722 -5
69723 -5
69724 -5
69725 -5
69726 -5
69727 -5
69728 -5
69729 -5
69730 -5
69731 -5
69732 -5
69733 -5
69734 -5
69735 -5
69736 -5
69737 -5
69738 -5
69739 -5
69740 -5
69741 -5
69742 -5
69743 -5
69744 -5
69745 -5
69746 -5
69747 -5
69748 -5
69749 -5
69750 -5
69751 -5
69752 -5
69753 -5
69754 -5
69755 -5
69756 -5
69757 -5
69758 -5
69759 -5
69760 -5
69761 -5
69762 -5
69763 -5
69764 -5
69765 -5
69766 -5
69767 -5
69768 -5
69769 -5
69770 -5
69771 -5
69772 -5
69773 -5
69774 -5
69775 -5
69776 -5
69777 -5
69778 -5
69779 -5
69780 -5
69781 -5
69782 -5
69783 -5
69784 -5
69785 -5
69786 -5
69787 -5
69788 -5
69789 -5
69790 -5
69791 -5
69792 -5
69793 -5
69794 -5
69795 -5
69796 -5
69797 -5
69798 -5
69799 -5
69800 -5
69801 -5
69802 -5
69803 -5
69804 -5
69805 -5
69806 -5
69807 -5
69808 -5
69809 -5
69810 -5
69811 -5
69812 -5
69813 -5
69814 -5
69815 -5
69816 -5
69817 -5
69818 -5
69819 -5
69820 -5
69821 -5
69822 -5
69823 -5
69824 -5
69825 -5
69826 -5
69827 -5
69828 -5
69829 -5
69830 -5
69831 -5
69832 -5
69833 -5
69834 -5
69835 -5
69836 -5
69837 -5
69838 -5
69839 -5
69840 -5
69841 -5
69842 -5
69843 -5
69844 -5
69845 -5
69846 -5
69847 -5
69848 -5
69849 -5
69850 -5
69851 -5
69852 -5
69853 -5
69854 -5
69855 -5
69856 -5
69857 -5
69858 -5
69859 -5
69860 -5
69861 -5
69862 -5
69863 -5
69864 -5
69865 -5
69866 -5
69867 -5
69868 -5
69869 -5
69870 -5
69871 -5
69872 -5
69873 -5
69874 -5
69875 -5
69876 -5
69877 -5
69878 -5
69879 -5
69880 -5
69881 -5
69882 -5
69883 -5
69884 -5
69885 -5
69886 -5
69887 -5
69888 -6
69889 -6
69890 -6
69891 -6
69892 -6
69893 -6
69894 -6
69895 -6
69896 -6
69897 -6
69898 -6
69899 -6
69900 -6
69901 -6
69902 -6
69903 -6
69904 -6
69905 -6
69906 -6
69907 -6
69908 -6
69909 -6
69910 -6
69911 -6
69912 -6
69913 -6
69914 -6
69915 -6
69916 -6
69917 -6
69918 -6
69919 -6
69920 -6
69921 -6
69922 -6
69923 -6
69924 -6
69925 -6
69926 -6
69927 -6
69928 -6
69929 -6
69930 -6
69931 -6
69932 -6
69933 -6
69934 -6
69935 -6
69936 -6
69937 -6
69938 -6
69939 -6
69940 -6
69941 -6
69942 -6
69943 -6
69944 -6
69945 -6
69946 -6
69947 -6
69948 -6
69949 -6
69950 -6
69951 -6
69952 -6
69953 -6
69954 -6
69955 -6
69956 -6
69957 -6
69958 -6
69959 -6
69960 -6
69961 -6
69962 -6
69963 -6
69964 -6
69965 -6
69966 -6
69967 -6
69968 -6
69969 -6
69970 -6
69971 -6
69972 -6
69973 -6
69974 -6
69975 -6
69976 -6
69977 -6
69978 -6
69979 -6
69980 -6
69981 -6
69982 -6
69983 -6
69984 -6
69985 -6
69986 -6
69987 -6
69988 -6
69989 -6
69990 -6
69991 -6
69992 -6
69993 -6
69994 -6
69995 -6
69996 -6
69997 -6
69998 -6
69999 -6
70000 -6
70001 -6
70002 -6
70003 -6
70004 -6
70005 -6
70006 -6
70007 -6
70008 -6
70009 -6
70010 -6
70011 -6
70012 -6
70013 -6
70014 -6
70015 -6
70016 -6
70017 -6
70018 -6
70019 -6
70020 -6
70021 -6
70022 -6
70023 -6
70024 -6
70025 -6
70026 -6
70027 -6
70028 -6
70029 -6
70030 -6
70031 -6
70032 -6
70033 -6
70034 -6
70035 -6
70036 -6
70037 -6
70038 -6
70039 -6
70040 -6
70041 -6
70042 -6
70043 -6
70044 -6
70045 -6
70046 -6
70047 -6
70048 -6
70049 -6
70050 -6
70051 -6
70052 -6
70053 -6
70054 -6
70055 -6
70056 -6
70057 -6
70058 -6
70059 -6
70060 -6
70061 -6
70062 -6
70063 -6
70064 -6
70065 -6
70066 -6
70067 -6
70068 -6
70069 -6
70070 -6
70071 -6
70072 -6
70073 -6
70074 -6
70075 -6
70076 -6
70077 -6
70078 -6
70079 -6
70080 -6
70081 -6
70082 -6
70083 -6
70084 -6
70085 -6
70086 -6
70087 -6
70088 -6
70089 -6
70090 -6
70091 -6
70092 -6
70093 -6
70094 -6
70095 -6
70096 -6
70097 -6
70098 -6
70099 -6
70100 -6
70101 -6
70102 -6
70103 -6
70104 -6
70105 -6
70106 -6
70107 -6
70108 -6
70109 -6
70110 -6
70111 -6
70112 -6
70113 -6
70114 -6
70115 -6
70116 -6
70117 -6
70118 -6
70119 -6
70120 -6
70121 -6
70122 -6
70123 -6
70124 -6
70125 -6
70126 -6
70127 -6
70128 -6
70129 -6
70130 -6
70131 -6
70132 -6
70133 -6
70134 -6
70135 -6
70136 -6
70137 -6
70138 -6
70139 -6
70140 -6
70141 -6
70142 -6
70143 -6
70144 -6
70145 -6
70146 -6
70147 -6
70148 -6
70149 -6
70150 -6
70151 -6
70152 -6
70153 -6
70154 -6
70155 -6
70156 -6
70157 -6
70158 -6
70159 -6
70160 -6
70161 -6
70162 -6
70163 -6
70164 -6
70165 -6
70166 -6
70167 -6
70168 -6
70169 -6
70170 -6
70171 -6
70172 -6
70173 -6
70174 -6
70175 -6
70176 -6
70177 -6
70178 -6
70179 -6
70180 -6
70181 -6
70182 -6
70183 -6
70184 -6
70185 -6
70186 -6
70187 -6
70188 -6
70189 -6
70190 -6
70191 -6
70192 -6
70193 -6
70194 -6
70195 -6
70196 -6
70197 -6
70198 -6
70199 -6
70200 -6
70201 -6
70202 -6
70203 -6
70204 -6
70205 -6
70206 -6
70207 -6
70208 -6
70209 -6
70210 -6
70211 -6
70212 -6
70213 -6
70214 -6
70215 -6
70216 -6
70217 -6
70218 -6
70219 -6
70220 -6
70221 -6
70222 -6
70223 -6
70224 -6
70225 -6
70226 -6
70227 -6
70228 -6
70229 -6
70230 -6
70231 -6
70232 -6
70233 -6
70234 -6
70235 -6
70236 -6
70237 -6
70238 -6
70239 -6
70240 -6
70241 -6
70242 -6
70243 -6
70244 -6
70245 -6
70246 -6
70247 -6
70248 -6
70249 -6
70250 -6
70251 -6
70252 -6
70253 -6
70254 -6
70255 -6
70256 -6
70257 -6
70258 -6
70259 -6
70260 -6
70261 -6
70262 -6
70263 -6
70264 -6
70265 -6
70266 -6
70267 -6
70268 -6
70269 -6
70270 -6
70271 -6
70272 -3
70273 -3
70274 -3
70275 -3
70276 -3
70277 -3
70278 -3
70279 -3
70280 -3
70281 -3
70282 -3
70283 -3
70284 -3
70285 -3
70286 -3
70287 -3
70288 -3
70289 -3
70290 -3
70291 -3
70292 -3
70293 -3
70294 -3
70295 -3
70296 -3
70297 -3
70298 -3
70299 -3
70300 -3
70301 -3
70302 -3
70303 -3
70304 -3
70305 -3
70306 -3
70307 -3
70308 -3
70309 -3
70310 -3
70311 -3
70312 -3
70313 -3
70314 -3
70315 -3
70316 -3
70317 -3
70318 -3
70319 -3
70320 -3
70321 -3
70322 -3
70323 -3
70324 -3
70325 -3
70326 -3
70327 -3
70328 -3
70329 -3
70330 -3
70331 -3
70332 -3
70333 -3
70334 -3
70335 -3
70336 -3
70337 -3
70338 -3
70339 -3
70340 -3
70341 -3
70342 -3
70343 -3
70344 -3
70345 -3
70346 -3
70347 -3
70348 -3
70349 -3
70350 -3
70351 -3
70352 -3
70353 -3
70354 -3
70355 -3
70356 -3
70357 -3
70358 -3
70359 -3
70360 -3
70361 -3
70362 -3
70363 -3
70364 -3
70365 -3
70366 -3
70367 -3
70368 -3
70369 -3
70370 -3
70371 -3
70372 -3
70373 -3
70374 -3
70375 -3
70376 -3
70377 -3
70378 -3
70379 -3
70380 -3
70381 -3
70382 -3
70383 -3
70384 -3
70385 -3
70386 -3
70387 -3
70388 -3
70389 -3
70390 -3
70391 -3
70392 -3
70393 -3
70394 -3
70395 -3
70396 -3
70397 -3
70398 -3
70399 -3
70400 -3
70401 -3
70402 -3
70403 -3
70404 -3
70405 -3
70406 -3
70407 -3
70408 -3
70409 -3
70410 -3
70411 -3
70412 -3
70413 -3
70414 -3
70415 -3
70416 -3
70417 -3
70418 -3
70419 -3
70420 -3
70421 -3
70422 -3
70423 -3
70424 -3
70425 -3
70426 -3
70427 -3
70428 -3
70429 -3
70430 -3
70431 -3
70432 -3
70433 -3
70434 -3
70435 -3
70436 -3
70437 -3
70438 -3
70439 -3
70440 -3
70441 -3
70442 -3
70443 -3
70444 -3
70445 -3
70446 -3
70447 -3
70448 -3
70449 -3
70450 -3
70451 -3
70452 -3
70453 -3
70454 -3
70455 -3
70456 -3
70457 -3
70458 -3
70459 -3
70460 -3
70461 -3
70462 -3
70463 -3
70464 -3
70465 -3
70466 -3
70467 -3
70468 -3
70469 -3
70470 -3
70471 -3
70472 -3
70473 -3
70474 -3
70475 -3
70476 -3
70477 -3
70478 -3
70479 -3
70480 -3
70481 -3
70482 -3
70483 -3
70484 -3
70485 -3
70486 -3
70487 -3
70488 -3
70489 -3
70490 -3
70491 -3
70492 -3
70493 -3
70494 -3
70495 -3
70496 -3
70497 -3
70498 -3
70499 -3
70500 -3
70501 -3
70502 -3
70503 -3
70504 -3
70505 -3
70506 -3
70507 -3
70508 -3
70509 -3
70510 -3
70511 -3
70512 -3
70513 -3
70514 -3
70515 -3
70516 -3
70517 -3
70518 -3
70519 -3
70520 -3
70521 -3
70522 -3
70523 -3
70524 -3
70525 -3
70526 -3
70527 -3
70528 -3
70529 -3
70530 -3
70531 -3
70532 -3
70533 -3
70534 -3
70535 -3
70536 -3
70537 -3
70538 -3
70539 -3
70540 -3
70541 -3
70542 -3
70543 -3
70544 -3
70545 -3
70546 -3
70547 -3
70548 -3
70549 -3
70550 -3
70551 -3
70552 -3
70553 -3
70554 -3
70555 -3
70556 -3
70557 -3
70558 -3
70559 -3
70560 -3
70561 -3
70562 -3
70563 -3
70564 -3
70565 -3
70566 -3
70567 -3
70568 -3
70569 -3
70570 -3
70571 -3
70572 -3
70573 -3
70574 -3
70575 -3
70576 -3
70577 -3
70578 -3
70579 -3
70580 -3
70581 -3
70582 -3
70583 -3
70584 -3
70585 -3
70586 -3
70587 -3
70588 -3
70589 -3
70590 -3
70591 -3
70592 -3
70593 -3
70594 -3
70595 -3
70596 -3
70597 -3
70598 -3
70599 -3
70600 -3
70601 -3
70602 -3
70603 -3
70604 -3
70605 -3
70606 -3
70607 -3
70608 -3
70609 -3
70610 -3
70611 -3
70612 -3
70613 -3
70614 -3
70615 -3
70616 -3
70617 -3
70618 -3
70619 -3
70620 -3
70621 -3
70622 -3
70623 -3
70624 -3
70625 -3
70626 -3
70627 -3
70628 -3
70629 -3
70630 -3
70631 -3
70632 -3
70633 -3
70634 -3
70635 -3
70636 -3
70637 -3
70638 -3
70639 -3
70640 -3
70641 -3
70642 -3
70643 -3
70644 -3
70645 -3
70646 -3
70647 -3
70648 -3
70649 -3
70650 -3
70651 -3
70652 -3
70653 -3
70654 -3
70655 -3
70656 -4
70657 -4
70658 -4
70659 -4
70660 -4
70661 -4
70662 -4
70663 -4
70664 -4
70665 -4
70666 -4
70667 -4
70668 -4
70669 -4
70670 -4
70671 -4
70672 -4
70673 -4
70674 -4
70675 -4
70676 -4
70677 -4
70678 -4
70679 -4
70680 -4
70681 -4
70682 -4
70683 -4
70684 -4
70685 -4
70686 -4
70687 -4
70688 -4
70689 -4
70690 -4
70691 -4
70692 -4
70693 -4
70694 -4
70695 -4
70696 -4
70697 -4
70698 -4
70699 -4
70700 -4
70701 -4
70702 -4
70703 -4
70704 -4
70705 -4
70706 -4
70707 -4
70708 -4
70709 -4
70710 -4
70711 -4
70712 -4
70713 -4
70714 -4
70715 -4
70716 -4
70717 -4
70718 -4
70719 -4
70720 -4
70721 -4
70722 -4
70723 -4
70724 -4
70725 -4
70726 -4
70727 -4
70728 -4
70729 -4
70730 -4
70731 -4
70732 -4
70733 -4
70734 -4
70735 -4
70736 -4
70737 -4
70738 -4
70739 -4
70740 -4
70741 -4
70742 -4
70743 -4
70744 -4
70745 -4
70746 -4
70747 -4
70748 -4
70749 -4
70750 -4
70751 -4
70752 -4
70753 -4
70754 -4
70755 -4
70756 -4
70757 -4
70758 -4
70759 -4
70760 -4
70761 -4
70762 -4
70763 -4
70764 -4
70765 -4
70766 -4
70767 -4
70768 -4
70769 -4
70770 -4
70771 -4
70772 -4
70773 -4
70774 -4
70775 -4
70776 -4
70777 -4
70778 -4
70779 -4
70780 -4
70781 -4
70782 -4
70783 -4
70784 -4
70785 -4
70786 -4
70787 -4
70788 -4
70789 -4
70790 -4
70791 -4
70792 -4
70793 -4
70794 -4
70795 -4
70796 -4
70797 -4
70798 -4
70799 -4
70800 -4
70801 -4
70802 -4
70803 -4
70804 -4
70805 -4
70806 -4
70807 -4
70808 -4
70809 -4
70810 -4
70811 -4
70812 -4
70813 -4
70814 -4
70815 -4
70816 -4
70817 -4
70818 -4
70819 -4
70820 -4
70821 -4
70822 -4
70823 -4
70824 -4
70825 -4
70826 -4
70827 -4
70828 -4
70829 -4
70830 -4
70831 -4
70832 -4
70833 -4
70834 -4
70835 -4
70836 -4
70837 -4
70838 -4
70839 -4
70840 -4
70841 -4
70842 -4
70843 -4
70844 -4
70845 -4
70846 -4
70847 -4
70848 -3
70849 -3
70850 -3
70851 -3
70852 -3
70853 -3
70854 -3
70855 -3
70856 -3
70857 -3
70858 -3
70859 -3
70860 -3
70861 -3
70862 -3
70863 -3
70864 -3
70865 -3
70866 -3
70867 -3
70868 -3
70869 -3
70870 -3
70871 -3
70872 -3
70873 -3
70874 -3
70875 -3
70876 -3
70877 -3
70878 -3
70879 -3
70880 -3
70881 -3
70882 -3
70883 -3
70884 -3
70885 -3
70886 -3
70887 -3
70888 -3
70889 -3
70890 -3
70891 -3
70892 -3
70893 -3
70894 -3
70895 -3
70896 -3
70897 -3
70898 -3
70899 -3
70900 -3
70901 -3
70902 -3
70903 -3
70904 -3
70905 -3
70906 -3
70907 -3
70908 -3
70909 -3
70910 -3
70911 -3
70912 -3
70913 -3
70914 -3
70915 -3
70916 -3
70917 -3
70918 -3
70919 -3
70920 -3
70921 -3
70922 -3
70923 -3
70924 -3
70925 -3
70926 -3
70927 -3
70928 -3
70929 -3
70930 -3
70931 -3
70932 -3
70933 -3
70934 -3
70935 -3
70936 -3
70937 -3
70938 -3
70939 -3
70940 -3
70941 -3
70942 -3
70943 -3
70944 -3
70945 -3
70946 -3
70947 -3
70948 -3
70949 -3
70950 -3
70951 -3
70952 -3
70953 -3
70954 -3
70955 -3
70956 -3
70957 -3
70958 -3
70959 -3
70960 -3
70961 -3
70962 -3
70963 -3
70964 -3
70965 -3
70966 -3
70967 -3
70968 -3
70969 -3
70970 -3
70971 -3
70972 -3
70973 -3
70974 -3
70975 -3
70976 -3
70977 -3
70978 -3
70979 -3
70980 -3
70981 -3
70982 -3
70983 -3
70984 -3
70985 -3
70986 -3
70987 -3
70988 -3
70989 -3
70990 -3
70991 -3
70992 -3
70993 -3
70994 -3
70995 -3
70996 -3
70997 -3
70998 -3
70999 -3
71000 -3
71001 -3
71002 -3
71003 -3
71004 -3
71005 -3
71006 -3
71007 -3
71008 -3
71009 -3
71010 -3
71011 -3
71012 -3
71013 -3
71014 -3
71015 -3
71016 -3
71017 -3
71018 -3
71019 -3
71020 -3
71021 -3
71022 -3
71023 -3
71024 -3
71025 -3
71026 -3
71027 -3
71028 -3
71029 -3
71030 -3
71031 -3
71032 -3
71033 -3
71034 -3
71035 -3
71036 -3
71037 -3
71038 -3
71039 -3
71040 -4
71041 -4
71042 -4
71043 -4
71044 -4
71045 -4
71046 -4
71047 -4
71048 -4
71049 -4
71050 -4
71051 -4
71052 -4
71053 -4
71054 -4
71055 -4
71056 -4
71057 -4
71058 -4
71059 -4
71060 -4
71061 -4
71062 -4
71063 -4
71064 -4
71065 -4
71066 -4
71067 -4
71068 -4
71069 -4
71070 -4
71071 -4
71072 -4
71073 -4
71074 -4
71075 -4
71076 -4
71077 -4
71078 -4
71079 -4
71080 -4
71081 -4
71082 -4
71083 -4
71084 -4
71085 -4
71086 -4
71087 -4
71088 -4
71089 -4
71090 -4
71091 -4
71092 -4
71093 -4
71094 -4
71095 -4
71096 -4
71097 -4
71098 -4
71099 -4
71100 -4
71101 -4
71102 -4
71103 -4
71104 -4
71105 -4
71106 -4
71107 -4
71108 -4
71109 -4
71110 -4
71111 -4
71112 -4
71113 -4
71114 -4
71115 -4
71116 -4
71117 -4
71118 -4
71119 -4
71120 -4
71121 -4
71122 -4
71123 -4
71124 -4
71125 -4
71126 -4
71127 -4
71128 -4
71129 -4
71130 -4
71131 -4
71132 -4
71133 -4
71134 -4
71135 -4
71136 -4
71137 -4
71138 -4
71139 -4
71140 -4
71141 -4
71142 -4
71143 -4
71144 -4
71145 -4
71146 -4
71147 -4
71148 -4
71149 -4
71150 -4
71151 -4
71152 -4
71153 -4
71154 -4
71155 -4
71156 -4
71157 -4
71158 -4
71159 -4
71160 -4
71161 -4
71162 -4
71163 -4
71164 -4
71165 -4
71166 -4
71167 -4
71168 -4
71169 -4
71170 -4
71171 -4
71172 -4
71173 -4
71174 -4
71175 -4
71176 -4
71177 -4
71178 -4
71179 -4
71180 -4
71181 -4
71182 -4
71183 -4
71184 -4
71185 -4
71186 -4
71187 -4
71188 -4
71189 -4
71190 -4
71191 -4
71192 -4
71193 -4
71194 -4
71195 -4
71196 -4
71197 -4
71198 -4
71199 -4
71200 -4
71201 -4
71202 -4
71203 -4
71204 -4
71205 -4
71206 -4
71207 -4
71208 -4
71209 -4
71210 -4
71211 -4
71212 -4
71213 -4
71214 -4
71215 -4
71216 -4
71217 -4
71218 -4
71219 -4
71220 -4
71221 -4
71222 -4
71223 -4
71224 -4
71225 -4
71226 -4
71227 -4
71228 -4
71229 -4
71230 -4
71231 -4
71232 -3
71233 -3
71234 -3
71235 -3
71236 -3
71237 -3
71238 -3
71239 -3
71240 -3
71241 -3
71242 -3
71243 -3
71244 -3
71245 -3
71246 -3
71247 -3
71248 -3
71249 -3
71250 -3
71251 -3
71252 -3
71253 -3
71254 -3
71255 -3
71256 -3
71257 -3
71258 -3
71259 -3
71260 -3
71261 -3
71262 -3
71263 -3
71264 -3
71265 -3
71266 -3
71267 -3
71268 -3
71269 -3
71270 -3
71271 -3
71272 -3
71273 -3
71274 -3
71275 -3
71276 -3
71277 -3
71278 -3
71279 -3
71280 -3
71281 -3
71282 -3
71283 -3
71284 -3
71285 -3
71286 -3
71287 -3
71288 -3
71289 -3
71290 -3
71291 -3
71292 -3
71293 -3
71294 -3
71295 -3
71296 -3
71297 -3
71298 -3
71299 -3
71300 -3
71301 -3
71302 -3
71303 -3
71304 -3
71305 -3
71306 -3
71307 -3
71308 -3
71309 -3
71310 -3
71311 -3
71312 -3
71313 -3
71314 -3
71315 -3
71316 -3
71317 -3
71318 -3
71319 -3
71320 -3
71321 -3
71322 -3
71323 -3
71324 -3
71325 -3
71326 -3
71327 -3
71328 -3
71329 -3
71330 -3
71331 -3
71332 -3
71333 -3
71334 -3
71335 -3
71336 -3
71337 -3
71338 -3
71339 -3
71340 -3
71341 -3
71342 -3
71343 -3
71344 -3
71345 -3
71346 -3
71347 -3
71348 -3
71349 -3
71350 -3
71351 -3
71352 -3
71353 -3
71354 -3
71355 -3
71356 -3
71357 -3
71358 -3
71359 -3
71360 -3
71361 -3
71362 -3
71363 -3
71364 -3
71365 -3
71366 -3
71367 -3
71368 -3
71369 -3
71370 -3
71371 -3
71372 -3
71373 -3
71374 -3
71375 -3
71376 -3
71377 -3
71378 -3
71379 -3
71380 -3
71381 -3
71382 -3
71383 -3
71384 -3
71385 -3
71386 -3
71387 -3
71388 -3
71389 -3
71390 -3
71391 -3
71392 -3
71393 -3
71394 -3
71395 -3
71396 -3
71397 -3
71398 -3
71399 -3
71400 -3
71401 -3
71402 -3
71403 -3
71404 -3
71405 -3
71406 -3
71407 -3
71408 -3
71409 -3
71410 -3
71411 -3
71412 -3
71413 -3
71414 -3
71415 -3
71416 -3
71417 -3
71418 -3
71419 -3
71420 -3
71421 -3
71422 -3
71423 -3
71424 -5
71425 -5
71426 -5
71427 -5
71428 -5
71429 -5
71430 -5
71431 -5
71432 -5
71433 -5
71434 -5
71435 -5
71436 -5
71437 -5
71438 -5
71439 -5
71440 -5
71441 -5
71442 -5
71443 -5
71444 -5
71445 -5
71446 -5
71447 -5
71448 -5
71449 -5
71450 -5
71451 -5
71452 -5
71453 -5
71454 -5
71455 -5
71456 -5
71457 -5
71458 -5
71459 -5
71460 -5
71461 -5
71462 -5
71463 -5
71464 -5
71465 -5
71466 -5
71467 -5
71468 -5
71469 -5
71470 -5
71471 -5
71472 -5
71473 -5
71474 -5
71475 -5
71476 -5
71477 -5
71478 -5
71479 -5
71480 -5
71481 -5
71482 -5
71483 -5
71484 -5
71485 -5
71486 -5
71487 -5
71488 -5
71489 -5
71490 -5
71491 -5
71492 -5
71493 -5
71494 -5
71495 -5
71496 -5
71497 -5
71498 -5
71499 -5
71500 -5
71501 -5
71502 -5
71503 -5
71504 -5
71505 -5
71506 -5
71507 -5
71508 -5
71509 -5
71510 -5
71511 -5
71512 -5
71513 -5
71514 -5
71515 -5
71516 -5
71517 -5
71518 -5
71519 -5
71520 -5
71521 -5
71522 -5
71523 -5
71524 -5
71525 -5
71526 -5
71527 -5
71528 -5
71529 -5
71530 -5
71531 -5
71532 -5
71533 -5
71534 -5
71535 -5
71536 -5
71537 -5
71538 -5
71539 -5
71540 -5
71541 -5
71542 -5
71543 -5
71544 -5
71545 -5
71546 -5
71547 -5
71548 -5
71549 -5
71550 -5
71551 -5
71552 -5
71553 -5
71554 -5
71555 -5
71556 -5
71557 -5
71558 -5
71559 -5
71560 -5
71561 -5
71562 -5
71563 -5
71564 -5
71565 -5
71566 -5
71567 -5
71568 -5
71569 -5
71570 -5
71571 -5
71572 -5
71573 -5
71574 -5
71575 -5
71576 -5
71577 -5
71578 -5
71579 -5
71580 -5
71581 -5
71582 -5
71583 -5
71584 -5
71585 -5
71586 -5
71587 -5
71588 -5
71589 -5
71590 -5
71591 -5
71592 -5
71593 -5
71594 -5
71595 -5
71596 -5
71597 -5
71598 -5
71599 -5
71600 -5
71601 -5
71602 -5
71603 -5
71604 -5
71605 -5
71606 -5
71607 -5
71608 -5
71609 -5
71610 -5
71611 -5
71612 -5
71613 -5
71614 -5
71615 -5
71616 -4
71617 -4
71618 -4
71619 -4
71620 -4
71621 -4
71622 -4
71623 -4
71624 -4
71625 -4
71626 -4
71627 -4
71628 -4
71629 -4
71630 -4
71631 -4
71632 -4
71633 -4
71634 -4
71635 -4
71636 -4
71637 -4
71638 -4
71639 -4
71640 -4
71641 -4
71642 -4
71643 -4
71644 -4
71645 -4
71646 -4
71647 -4
71648 -4
71649 -4
71650 -4
71651 -4
71652 -4
71653 -4
71654 -4
71655 -4
71656 -4
71657 -4
71658 -4
71659 -4
71660 -4
71661 -4
71662 -4
71663 -4
71664 -4
71665 -4
71666 -4
71667 -4
71668 -4
71669 -4
71670 -4
71671 -4
71672 -4
71673 -4
71674 -4
71675 -4
71676 -4
71677 -4
71678 -4
71679 -4
71680 -4
71681 -4
71682 -4
71683 -4
71684 -4
71685 -4
71686 -4
71687 -4
71688 -4
71689 -4
71690 -4
71691 -4
71692 -4
71693 -4
71694 -4
71695 -4
71696 -4
71697 -4
71698 -4
71699 -4
71700 -4
71701 -4
71702 -4
71703 -4
71704 -4
71705 -4
71706 -4
71707 -4
71708 -4
71709 -4
71710 -4
71711 -4
71712 -4
71713 -4
71714 -4
71715 -4
71716 -4
71717 -4
71718 -4
71719 -4
71720 -4
71721 -4
71722 -4
71723 -4
71724 -4
71725 -4
71726 -4
71727 -4
71728 -4
71729 -4
71730 -4
71731 -4
71732 -4
71733 -4
71734 -4
71735 -4
71736 -4
71737 -4
71738 -4
71739 -4
71740 -4
71741 -4
71742 -4
71743 -4
71744 -4
71745 -4
71746 -4
71747 -4
71748 -4
71749 -4
71750 -4
71751 -4
71752 -4
71753 -4
71754 -4
71755 -4
71756 -4
71757 -4
71758 -4
71759 -4
71760 -4
71761 -4
71762 -4
71763 -4
71764 -4
71765 -4
71766 -4
71767 -4
71768 -4
71769 -4
71770 -4
71771 -4
71772 -4
71773 -4
71774 -4
71775 -4
71776 -4
71777 -4
71778 -4
71779 -4
71780 -4
71781 -4
71782 -4
71783 -4
71784 -4
71785 -4
71786 -4
71787 -4
71788 -4
71789 -4
71790 -4
71791 -4
71792 -4
71793 -4
71794 -4
71795 -4
71796 -4
71797 -4
71798 -4
71799 -4
71800 -4
71801 -4
71802 -4
71803 -4
71804 -4
71805 -4
71806 -4
71807 -4
71808 -5
71809 -5
71810 -5
71811 -5
71812 -5
71813 -5
71814 -5
71815 -5
71816 -5
71817 -5
71818 -5
71819 -5
71820 -5
71821 -5
71822 -5
71823 -5
71824 -5
71825 -5
71826 -5
71827 -5
71828 -5
71829 -5
71830 -5
71831 -5
71832 -5
71833 -5
71834 -5
71835 -5
71836 -5
71837 -5
71838 -5
71839 -5
71840 -5
71841 -5
71842 -5
71843 -5
71844 -5
71845 -5
71846 -5
71847 -5
71848 -5
71849 -5
71850 -5
71851 -5
71852 -5
71853 -5
71854 -5
71855 -5
71856 -5
71857 -5
71858 -5
71859 -5
71860 -5
71861 -5
71862 -5
71863 -5
71864 -5
71865 -5
71866 -5
71867 -5
71868 -5
71869 -5
71870 -5
71871 -5
71872 -5
71873 -5
71874 -5
71875 -5
71876 -5
71877 -5
71878 -5
71879 -5
71880 -5
71881 -5
71882 -5
71883 -5
71884 -5
71885 -5
71886 -5
71887 -5
71888 -5
71889 -5
71890 -5
71891 -5
71892 -5
71893 -5
71894 -5
71895 -5
71896 -5
71897 -5
71898 -5
71899 -5
71900 -5
71901 -5
71902 -5
71903 -5
71904 -5
71905 -5
71906 -5
71907 -5
71908 -5
71909 -5
71910 -5
71911 -5
71912 -5
71913 -5
71914 -5
71915 -5
71916 -5
71917 -5
71918 -5
71919 -5
71920 -5
71921 -5
71922 -5
71923 -5
71924 -5
71925 -5
71926 -5
71927 -5
71928 -5
71929 -5
71930 -5
71931 -5
71932 -5
71933 -5
71934 -5
71935 -5
71936 -5
71937 -5
71938 -5
71939 -5
71940 -5
71941 -5
71942 -5
71943 -5
71944 -5
71945 -5
71946 -5
71947 -5
71948 -5
71949 -5
71950 -5
71951 -5
71952 -5
71953 -5
71954 -5
71955 -5
71956 -5
71957 -5
71958 -5
71959 -5
71960 -5
71961 -5
71962 -5
71963 -5
71964 -5
71965 -5
71966 -5
71967 -5
71968 -5
71969 -5
71970 -5
71971 -5
71972 -5
71973 -5
71974 -5
71975 -5
71976 -5
71977 -5
71978 -5
71979 -5
71980 -5
71981 -5
71982 -5
71983 -5
71984 -5
71985 -5
71986 -5
71987 -5
71988 -5
71989 -5
71990 -5
71991 -5
71992 -5
71993 -5
71994 -5
71995 -5
71996 -5
71997 -5
71998 -5
71999 -5
72000 -4
72001 -4
72002 -4
72003 -4
72004 -4
72005 -4
72006 -4
72007 -4
72008 -4
72009 -4
72010 -4
72011 -4
72012 -4
72013 -4
72014 -4
72015 -4
72016 -4
72017 -4
72018 -4
72019 -4
72020 -4
72021 -4
72022 -4
72023 -4
72024 -4
72025 -4
72026 -4
72027 -4
72028 -4
72029 -4
72030 -4
72031 -4
72032 -4
72033 -4
72034 -4
72035 -4
72036 -4
72037 -4
72038 -4
72039 -4
72040 -4
72041 -4
72042 -4
72043 -4
72044 -4
72045 -4
72046 -4
72047 -4
72048 -4
72049 -4
72050 -4
72051 -4
72052 -4
72053 -4
72054 -4
72055 -4
72056 -4
72057 -4
72058 -4
72059 -4
72060 -4
72061 -4
72062 -4
72063 -4
72064 -4
72065 -4
72066 -4
72067 -4
72068 -4
72069 -4
72070 -4
72071 -4
72072 -4
72073 -4
72074 -4
72075 -4
72076 -4
72077 -4
72078 -4
72079 -4
72080 -4
72081 -4
72082 -4
72083 -4
72084 -4
72085 -4
72086 -4
72087 -4
72088 -4
72089 -4
72090 -4
72091 -4
72092 -4
72093 -4
72094 -4
72095 -4
72096 -4
72097 -4
72098 -4
72099 -4
72100 -4
72101 -4
72102 -4
72103 -4
72104 -4
72105 -4
72106 -4
72107 -4
72108 -4
72109 -4
72110 -4
72111 -4
72112 -4
72113 -4
72114 -4
72115 -4
72116 -4
72117 -4
72118 -4
72119 -4
72120 -4
72121 -4
72122 -4
72123 -4
72124 -4
72125 -4
72126 -4
72127 -4
72128 -4
72129 -4
72130 -4
72131 -4
72132 -4
72133 -4
72134 -4
72135 -4
72136 -4
72137 -4
72138 -4
72139 -4
72140 -4
72141 -4
72142 -4
72143 -4
72144 -4
72145 -4
72146 -4
72147 -4
72148 -4
72149 -4
72150 -4
72151 -4
72152 -4
72153 -4
72154 -4
72155 -4
72156 -4
72157 -4
72158 -4
72159 -4
72160 -4
72161 -4
72162 -4
72163 -4
72164 -4
72165 -4
72166 -4
72167 -4
72168 -4
72169 -4
72170 -4
72171 -4
72172 -4
72173 -4
72174 -4
72175 -4
72176 -4
72177 -4
72178 -4
72179 -4
72180 -4
72181 -4
72182 -4
72183 -4
72184 -4
72185 -4
72186 -4
72187 -4
72188 -4
72189 -4
72190 -4
72191 -4
72192 -6
72193 -6
72194 -6
72195 -6
72196 -6
72197 -6
72198 -6
72199 -6
72200 -6
72201 -6
72202 -6
72203 -6
72204 -6
72205 -6
72206 -6
72207 -6
72208 -6
72209 -6
72210 -6
72211 -6
72212 -6
72213 -6
72214 -6
72215 -6
72216 -6
72217 -6
72218 -6
72219 -6
72220 -6
72221 -6
72222 -6
72223 -6
72224 -6
72225 -6
72226 -6
72227 -6
72228 -6
72229 -6
72230 -6
72231 -6
72232 -6
72233 -6
72234 -6
72235 -6
72236 -6
72237 -6
72238 -6
72239 -6
72240 -6
72241 -6
72242 -6
72243 -6
72244 -6
72245 -6
72246 -6
72247 -6
72248 -6
72249 -6
72250 -6
72251 -6
72252 -6
72253 -6
72254 -6
72255 -6
72256 -6
72257 -6
72258 -6
72259 -6
72260 -6
72261 -6
72262 -6
72263 -6
72264 -6
72265 -6
72266 -6
72267 -6
72268 -6
72269 -6
72270 -6
72271 -6
72272 -6
72273 -6
72274 -6
72275 -6
72276 -6
72277 -6
72278 -6
72279 -6
72280 -6
72281 -6
72282 -6
72283 -6
72284 -6
72285 -6
72286 -6
72287 -6
72288 -6
72289 -6
72290 -6
72291 -6
72292 -6
72293 -6
72294 -6
72295 -6
72296 -6
72297 -6
72298 -6
72299 -6
72300 -6
72301 -6
72302 -6
72303 -6
72304 -6
72305 -6
72306 -6
72307 -6
72308 -6
72309 -6
72310 -6
72311 -6
72312 -6
72313 -6
72314 -6
72315 -6
72316 -6
72317 -6
72318 -6
72319 -6
72320 -6
72321 -6
72322 -6
72323 -6
72324 -6
72325 -6
72326 -6
72327 -6
72328 -6
72329 -6
72330 -6
72331 -6
72332 -6
72333 -6
72334 -6
72335 -6
72336 -6
72337 -6
72338 -6
72339 -6
72340 -6
72341 -6
72342 -6
72343 -6
72344 -6
72345 -6
72346 -6
72347 -6
72348 -6
72349 -6
72350 -6
72351 -6
72352 -6
72353 -6
72354 -6
72355 -6
72356 -6
72357 -6
72358 -6
72359 -6
72360 -6
72361 -6
72362 -6
72363 -6
72364 -6
72365 -6
72366 -6
72367 -6
72368 -6
72369 -6
72370 -6
72371 -6
72372 -6
72373 -6
72374 -6
72375 -6
72376 -6
72377 -6
72378 -6
72379 -6
72380 -6
72381 -6
72382 -6
72383 -6
72384 -5
72385 -5
72386 -5
72387 -5
72388 -5
72389 -5
72390 -5
72391 -5
72392 -5
72393 -5
72394 -5
72395 -5
72396 -5
72397 -5
72398 -5
72399 -5
72400 -5
72401 -5
72402 -5
72403 -5
72404 -5
72405 -5
72406 -5
72407 -5
72408 -5
72409 -5
72410 -5
72411 -5
72412 -5
72413 -5
72414 -5
72415 -5
72416 -5
72417 -5
72418 -5
72419 -5
72420 -5
72421 -5
72422 -5
72423 -5
72424 -5
72425 -5
72426 -5
72427 -5
72428 -5
72429 -5
72430 -5
72431 -5
72432 -5
72433 -5
72434 -5
72435 -5
72436 -5
72437 -5
72438 -5
72439 -5
72440 -5
72441 -5
72442 -5
72443 -5
72444 -5
72445 -5
72446 -5
72447 -5
72448 -5
72449 -5
72450 -5
72451 -5
72452 -5
72453 -5
72454 -5
72455 -5
72456 -5
72457 -5
72458 -5
72459 -5
72460 -5
72461 -5
72462 -5
72463 -5
72464 -5
72465 -5
72466 -5
72467 -5
72468 -5
72469 -5
72470 -5
72471 -5
72472 -5
72473 -5
72474 -5
72475 -5
72476 -5
72477 -5
72478 -5
72479 -5
72480 -5
72481 -5
72482 -5
72483 -5
72484 -5
72485 -5
72486 -5
72487 -5
72488 -5
72489 -5
72490 -5
72491 -5
72492 -5
72493 -5
72494 -5
72495 -5
72496 -5
72497 -5
72498 -5
72499 -5
72500 -5
72501 -5
72502 -5
72503 -5
72504 -5
72505 -5
72506 -5
72507 -5
72508 -5
72509 -5
72510 -5
72511 -5
72512 -5
72513 -5
72514 -5
72515 -5
72516 -5
72517 -5
72518 -5
72519 -5
72520 -5
72521 -5
72522 -5
72523 -5
72524 -5
72525 -5
72526 -5
72527 -5
72528 -5
72529 -5
72530 -5
72531 -5
72532 -5
72533 -5
72534 -5
72535 -5
72536 -5
72537 -5
72538 -5
72539 -5
72540 -5
72541 -5
72542 -5
72543 -5
72544 -5
72545 -5
72546 -5
72547 -5
72548 -5
72549 -5
72550 -5
72551 -5
72552 -5
72553 -5
72554 -5
72555 -5
72556 -5
72557 -5
72558 -5
72559 -5
72560 -5
72561 -5
72562 -5
72563 -5
72564 -5
72565 -5
72566 -5
72567 -5
72568 -5
72569 -5
72570 -5
72571 -5
72572 -5
72573 -5
72574 -5
72575 -5
72576 -6
72577 -6
72578 -6
72579 -6
72580 -6
72581 -6
72582 -6
72583 -6
72584 -6
72585 -6
72586 -6
72587 -6
72588 -6
72589 -6
72590 -6
72591 -6
72592 -6
72593 -6
72594 -6
72595 -6
72596 -6
72597 -6
72598 -6
72599 -6
72600 -6
72601 -6
72602 -6
72603 -6
72604 -6
72605 -6
72606 -6
72607 -6
72608 -6
72609 -6
72610 -6
72611 -6
72612 -6
72613 -6
72614 -6
72615 -6
72616 -6
72617 -6
72618 -6
72619 -6
72620 -6
72621 -6
72622 -6
72623 -6
72624 -6
72625 -6
72626 -6
72627 -6
72628 -6
72629 -6
72630 -6
72631 -6
72632 -6
72633 -6
72634 -6
72635 -6
72636 -6
72637 -6
72638 -6
72639 -6
72640 -6
72641 -6
72642 -6
72643 -6
72644 -6
72645 -6
72646 -6
72647 -6
72648 -6
72649 -6
72650 -6
72651 -6
72652 -6
72653 -6
72654 -6
72655 -6
72656 -6
72657 -6
72658 -6
72659 -6
72660 -6
72661 -6
72662 -6
72663 -6
72664 -6
72665 -6
72666 -6
72667 -6
72668 -6
72669 -6
72670 -6
72671 -6
72672 -6
72673 -6
72674 -6
72675 -6
72676 -6
72677 -6
72678 -6
72679 -6
72680 -6
72681 -6
72682 -6
72683 -6
72684 -6
72685 -6
72686 -6
72687 -6
72688 -6
72689 -6
72690 -6
72691 -6
72692 -6
72693 -6
72694 -6
72695 -6
72696 -6
72697 -6
72698 -6
72699 -6
72700 -6
72701 -6
72702 -6
72703 -6
72704 -6
72705 -6
72706 -6
72707 -6
72708 -6
72709 -6
72710 -6
72711 -6
72712 -6
72713 -6
72714 -6
72715 -6
72716 -6
72717 -6
72718 -6
72719 -6
72720 -6
72721 -6
72722 -6
72723 -6
72724 -6
72725 -6
72726 -6
72727 -6
72728 -6
72729 -6
72730 -6
72731 -6
72732 -6
72733 -6
72734 -6
72735 -6
72736 -6
72737 -6
72738 -6
72739 -6
72740 -6
72741 -6
72742 -6
72743 -6
72744 -6
72745 -6
72746 -6
72747 -6
72748 -6
72749 -6
72750 -6
72751 -6
72752 -6
72753 -6
72754 -6
72755 -6
72756 -6
72757 -6
72758 -6
72759 -6
72760 -6
72761 -6
72762 -6
72763 -6
72764 -6
72765 -6
72766 -6
72767 -6
72768 -5
72769 -5
72770 -5
72771 -5
72772 -5
72773 -5
72774 -5
72775 -5
72776 -5
72777 -5
72778 -5
72779 -5
72780 -5
72781 -5
72782 -5
72783 -5
72784 -5
72785 -5
72786 -5
72787 -5
72788 -5
72789 -5
72790 -5
72791 -5
72792 -5
72793 -5
72794 -5
72795 -5
72796 -5
72797 -5
72798 -5
72799 -5
72800 -5
72801 -5
72802 -5
72803 -5
72804 -5
72805 -5
72806 -5
72807 -5
72808 -5
72809 -5
72810 -5
72811 -5
72812 -5
72813 -5
72814 -5
72815 -5
72816 -5
72817 -5
72818 -5
72819 -5
72820 -5
72821 -5
72822 -5
72823 -5
72824 -5
72825 -5
72826 -5
72827 -5
72828 -5
72829 -5
72830 -5
72831 -5
72832 -5
72833 -5
72834 -5
72835 -5
72836 -5
72837 -5
72838 -5
72839 -5
72840 -5
72841 -5
72842 -5
72843 -5
72844 -5
72845 -5
72846 -5
72847 -5
72848 -5
72849 -5
72850 -5
72851 -5
72852 -5
72853 -5
72854 -5
72855 -5
72856 -5
72857 -5
72858 -5
72859 -5
72860 -5
72861 -5
72862 -5
72863 -5
72864 -5
72865 -5
72866 -5
72867 -5
72868 -5
72869 -5
72870 -5
72871 -5
72872 -5
72873 -5
72874 -5
72875 -5
72876 -5
72877 -5
72878 -5
72879 -5
72880 -5
72881 -5
72882 -5
72883 -5
72884 -5
72885 -5
72886 -5
72887 -5
72888 -5
72889 -5
72890 -5
72891 -5
72892 -5
72893 -5
72894 -5
72895 -5
72896 -5
72897 -5
72898 -5
72899 -5
72900 -5
72901 -5
72902 -5
72903 -5
72904 -5
72905 -5
72906 -5
72907 -5
72908 -5
72909 -5
72910 -5
72911 -5
72912 -5
72913 -5
72914 -5
72915 -5
72916 -5
72917 -5
72918 -5
72919 -5
72920 -5
72921 -5
72922 -5
72923 -5
72924 -5
72925 -5
72926 -5
72927 -5
72928 -5
72929 -5
72930 -5
72931 -5
72932 -5
72933 -5
72934 -5
72935 -5
72936 -5
72937 -5
72938 -5
72939 -5
72940 -5
72941 -5
72942 -5
72943 -5
72944 -5
72945 -5
72946 -5
72947 -5
72948 -5
72949 -5
72950 -5
72951 -5
72952 -5
72953 -5
72954 -5
72955 -5
72956 -5
72957 -5
72958 -5
72959 -5
72960 -7
72961 -7
72962 -7
72963 -7
72964 -7
72965 -7
72966 -7
72967 -7
72968 -7
72969 -7
72970 -7
72971 -7
72972 -7
72973 -7
72974 -7
72975 -7
72976 -7
72977 -7
72978 -7
72979 -7
72980 -7
72981 -7
72982 -7
72983 -7
72984 -7
72985 -7
72986 -7
72987 -7
72988 -7
72989 -7
72990 -7
72991 -7
72992 -7
72993 -7
72994 -7
72995 -7
72996 -7
72997 -7
72998 -7
72999 -7
73000 -7
73001 -7
73002 -7
73003 -7
73004 -7
73005 -7
73006 -7
73007 -7
73008 -7
73009 -7
73010 -7
73011 -7
73012 -7
73013 -7
73014 -7
73015 -7
73016 -7
73017 -7
73018 -7
73019 -7
73020 -7
73021 -7
73022 -7
73023 -7
73024 -7
73025 -7
73026 -7
73027 -7
73028 -7
73029 -7
73030 -7
73031 -7
73032 -7
73033 -7
73034 -7
73035 -7
73036 -7
73037 -7
73038 -7
73039 -7
73040 -7
73041 -7
73042 -7
73043 -7
73044 -7
73045 -7
73046 -7
73047 -7
73048 -7
73049 -7
73050 -7
73051 -7
73052 -7
73053 -7
73054 -7
73055 -7
73056 -7
73057 -7
73058 -7
73059 -7
73060 -7
73061 -7
73062 -7
73063 -7
73064 -7
73065 -7
73066 -7
73067 -7
73068 -7
73069 -7
73070 -7
73071 -7
73072 -7
73073 -7
73074 -7
73075 -7
73076 -7
73077 -7
73078 -7
73079 -7
73080 -7
73081 -7
73082 -7
73083 -7
73084 -7
73085 -7
73086 -7
73087 -7
73088 -7
73089 -7
73090 -7
73091 -7
73092 -7
73093 -7
73094 -7
73095 -7
73096 -7
73097 -7
73098 -7
73099 -7
73100 -7
73101 -7
73102 -7
73103 -7
73104 -7
73105 -7
73106 -7
73107 -7
73108 -7
73109 -7
73110 -7
73111 -7
73112 -7
73113 -7
73114 -7
73115 -7
73116 -7
73117 -7
73118 -7
73119 -7
73120 -7
73121 -7
73122 -7
73123 -7
73124 -7
73125 -7
73126 -7
73127 -7
73128 -7
73129 -7
73130 -7
73131 -7
73132 -7
73133 -7
73134 -7
73135 -7
73136 -7
73137 -7
73138 -7
73139 -7
73140 -7
73141 -7
73142 -7
73143 -7
73144 -7
73145 -7
73146 -7
73147 -7
73148 -7
73149 -7
73150 -7
73151 -7
73152 -6
73153 -6
73154 -6
73155 -6
73156 -6
73157 -6
73158 -6
73159 -6
73160 -6
73161 -6
73162 -6
73163 -6
73164 -6
73165 -6
73166 -6
73167 -6
73168 -6
73169 -6
73170 -6
73171 -6
73172 -6
73173 -6
73174 -6
73175 -6
73176 -6
73177 -6
73178 -6
73179 -6
73180 -6
73181 -6
73182 -6
73183 -6
73184 -6
73185 -6
73186 -6
73187 -6
73188 -6
73189 -6
73190 -6
73191 -6
73192 -6
73193 -6
73194 -6
73195 -6
73196 -6
73197 -6
73198 -6
73199 -6
73200 -6
73201 -6
73202 -6
73203 -6
73204 -6
73205 -6
73206 -6
73207 -6
73208 -6
73209 -6
73210 -6
73211 -6
73212 -6
73213 -6
73214 -6
73215 -6
73216 -6
73217 -6
73218 -6
73219 -6
73220 -6
73221 -6
73222 -6
73223 -6
73224 -6
73225 -6
73226 -6
73227 -6
73228 -6
73229 -6
73230 -6
73231 -6
73232 -6
73233 -6
73234 -6
73235 -6
73236 -6
73237 -6
73238 -6
73239 -6
73240 -6
73241 -6
73242 -6
73243 -6
73244 -6
73245 -6
73246 -6
73247 -6
73248 -6
73249 -6
73250 -6
73251 -6
73252 -6
73253 -6
73254 -6
73255 -6
73256 -6
73257 -6
73258 -6
73259 -6
73260 -6
73261 -6
73262 -6
73263 -6
73264 -6
73265 -6
73266 -6
73267 -6
73268 -6
73269 -6
73270 -6
73271 -6
73272 -6
73273 -6
73274 -6
73275 -6
73276 -6
73277 -6
73278 -6
73279 -6
73280 -6
73281 -6
73282 -6
73283 -6
73284 -6
73285 -6
73286 -6
73287 -6
73288 -6
73289 -6
73290 -6
73291 -6
73292 -6
73293 -6
73294 -6
73295 -6
73296 -6
73297 -6
73298 -6
73299 -6
73300 -6
73301 -6
73302 -6
73303 -6
73304 -6
73305 -6
73306 -6
73307 -6
73308 -6
73309 -6
73310 -6
73311 -6
73312 -6
73313 -6
73314 -6
73315 -6
73316 -6
73317 -6
73318 -6
73319 -6
73320 -6
73321 -6
73322 -6
73323 -6
73324 -6
73325 -6
73326 -6
73327 -6
73328 -6
73329 -6
73330 -6
73331 -6
73332 -6
73333 -6
73334 -6
73335 -6
73336 -6
73337 -6
73338 -6
73339 -6
73340 -6
73341 -6
73342 -6
73343 -6
73344 -6
73345 -6
73346 -6
73347 -6
73348 -6
73349 -6
73350 -6
73351 -6
73352 -6
73353 -6
73354 -6
73355 -6
73356 -6
73357 -6
73358 -6
73359 -6
73360 -6
73361 -6
73362 -6
73363 -6
73364 -6
73365 -6
73366 -6
73367 -6
73368 -6
73369 -6
73370 -6
73371 -6
73372 -6
73373 -6
73374 -6
73375 -6
73376 -6
73377 -6
73378 -6
73379 -6
73380 -6
73381 -6
73382 -6
73383 -6
73384 -6
73385 -6
73386 -6
73387 -6
73388 -6
73389 -6
73390 -6
73391 -6
73392 -6
73393 -6
73394 -6
73395 -6
73396 -6
73397 -6
73398 -6
73399 -6
73400 -6
73401 -6
73402 -6
73403 -6
73404 -6
73405 -6
73406 -6
73407 -6
73408 -6
73409 -6
73410 -6
73411 -6
73412 -6
73413 -6
73414 -6
73415 -6
73416 -6
73417 -6
73418 -6
73419 -6
73420 -6
73421 -6
73422 -6
73423 -6
73424 -6
73425 -6
73426 -6
73427 -6
73428 -6
73429 -6
73430 -6
73431 -6
73432 -6
73433 -6
73434 -6
73435 -6
73436 -6
73437 -6
73438 -6
73439 -6
73440 -6
73441 -6
73442 -6
73443 -6
73444 -6
73445 -6
73446 -6
73447 -6
73448 -6
73449 -6
73450 -6
73451 -6
73452 -6
73453 -6
73454 -6
73455 -6
73456 -6
73457 -6
73458 -6
73459 -6
73460 -6
73461 -6
73462 -6
73463 -6
73464 -6
73465 -6
73466 -6
73467 -6
73468 -6
73469 -6
73470 -6
73471 -6
73472 -6
73473 -6
73474 -6
73475 -6
73476 -6
73477 -6
73478 -6
73479 -6
73480 -6
73481 -6
73482 -6
73483 -6
73484 -6
73485 -6
73486 -6
73487 -6
73488 -6
73489 -6
73490 -6
73491 -6
73492 -6
73493 -6
73494 -6
73495 -6
73496 -6
73497 -6
73498 -6
73499 -6
73500 -6
73501 -6
73502 -6
73503 -6
73504 -6
73505 -6
73506 -6
73507 -6
73508 -6
73509 -6
73510 -6
73511 -6
73512 -6
73513 -6
73514 -6
73515 -6
73516 -6
73517 -6
73518 -6
73519 -6
73520 -6
73521 -6
73522 -6
73523 -6
73524 -6
73525 -6
73526 -6
73527 -6
73528 -6
73529 -6
73530 -6
73531 -6
73532 -6
73533 -6
73534 -6
73535 -6
73536 -6
73537 -6
73538 -6
73539 -6
73540 -6
73541 -6
73542 -6
73543 -6
73544 -6
73545 -6
73546 -6
73547 -6
73548 -6
73549 -6
73550 -6
73551 -6
73552 -6
73553 -6
73554 -6
73555 -6
73556 -6
73557 -6
73558 -6
73559 -6
73560 -6
73561 -6
73562 -6
73563 -6
73564 -6
73565 -6
73566 -6
73567 -6
73568 -6
73569 -6
73570 -6
73571 -6
73572 -6
73573 -6
73574 -6
73575 -6
73576 -6
73577 -6
73578 -6
73579 -6
73580 -6
73581 -6
73582 -6
73583 -6
73584 -6
73585 -6
73586 -6
73587 -6
73588 -6
73589 -6
73590 -6
73591 -6
73592 -6
73593 -6
73594 -6
73595 -6
73596 -6
73597 -6
73598 -6
73599 -6
73600 -6
73601 -6
73602 -6
73603 -6
73604 -6
73605 -6
73606 -6
73607 -6
73608 -6
73609 -6
73610 -6
73611 -6
73612 -6
73613 -6
73614 -6
73615 -6
73616 -6
73617 -6
73618 -6
73619 -6
73620 -6
73621 -6
73622 -6
73623 -6
73624 -6
73625 -6
73626 -6
73627 -6
73628 -6
73629 -6
73630 -6
73631 -6
73632 -6
73633 -6
73634 -6
73635 -6
73636 -6
73637 -6
73638 -6
73639 -6
73640 -6
73641 -6
73642 -6
73643 -6
73644 -6
73645 -6
73646 -6
73647 -6
73648 -6
73649 -6
73650 -6
73651 -6
73652 -6
73653 -6
73654 -6
73655 -6
73656 -6
73657 -6
73658 -6
73659 -6
73660 -6
73661 -6
73662 -6
73663 -6
73664 -6
73665 -6
73666 -6
73667 -6
73668 -6
73669 -6
73670 -6
73671 -6
73672 -6
73673 -6
73674 -6
73675 -6
73676 -6
73677 -6
73678 -6
73679 -6
73680 -6
73681 -6
73682 -6
73683 -6
73684 -6
73685 -6
73686 -6
73687 -6
73688 -6
73689 -6
73690 -6
73691 -6
73692 -6
73693 -6
73694 -6
73695 -6
73696 -6
73697 -6
73698 -6
73699 -6
73700 -6
73701 -6
73702 -6
73703 -6
73704 -6
73705 -6
73706 -6
73707 -6
73708 -6
73709 -6
73710 -6
73711 -6
73712 -6
73713 -6
73714 -6
73715 -6
73716 -6
73717 -6
73718 -6
73719 -6
73720 -6
73721 -6
73722 -6
73723 -6
73724 -6
73725 -6
73726 -6
73727 -6
73728 -3
73729 -3
73730 -3
73731 -3
73732 -3
73733 -3
73734 -3
73735 -3
73736 -3
73737 -3
73738 -3
73739 -3
73740 -3
73741 -3
73742 -3
73743 -3
73744 -3
73745 -3
73746 -3
73747 -3
73748 -3
73749 -3
73750 -3
73751 -3
73752 -3
73753 -3
73754 -3
73755 -3
73756 -3
73757 -3
73758 -3
73759 -3
73760 -3
73761 -3
73762 -3
73763 -3
73764 -3
73765 -3
73766 -3
73767 -3
73768 -3
73769 -3
73770 -3
73771 -3
73772 -3
73773 -3
73774 -3
73775 -3
73776 -3
73777 -3
73778 -3
73779 -3
73780 -3
73781 -3
73782 -3
73783 -3
73784 -3
73785 -3
73786 -3
73787 -3
73788 -3
73789 -3
73790 -3
73791 -3
73792 -3
73793 -3
73794 -3
73795 -3
73796 -3
73797 -3
73798 -3
73799 -3
73800 -3
73801 -3
73802 -3
73803 -3
73804 -3
73805 -3
73806 -3
73807 -3
73808 -3
73809 -3
73810 -3
73811 -3
73812 -3
73813 -3
73814 -3
73815 -3
73816 -3
73817 -3
73818 -3
73819 -3
73820 -3
73821 -3
73822 -3
73823 -3
73824 -3
73825 -3
73826 -3
73827 -3
73828 -3
73829 -3
73830 -3
73831 -3
73832 -3
73833 -3
73834 -3
73835 -3
73836 -3
73837 -3
73838 -3
73839 -3
73840 -3
73841 -3
73842 -3
73843 -3
73844 -3
73845 -3
73846 -3
73847 -3
73848 -3
73849 -3
73850 -3
73851 -3
73852 -3
73853 -3
73854 -3
73855 -3
73856 -3
73857 -3
73858 -3
73859 -3
73860 -3
73861 -3
73862 -3
73863 -3
73864 -3
73865 -3
73866 -3
73867 -3
73868 -3
73869 -3
73870 -3
73871 -3
73872 -3
73873 -3
73874 -3
73875 -3
73876 -3
73877 -3
73878 -3
73879 -3
73880 -3
73881 -3
73882 -3
73883 -3
73884 -3
73885 -3
73886 -3
73887 -3
73888 -3
73889 -3
73890 -3
73891 -3
73892 -3
73893 -3
73894 -3
73895 -3
73896 -3
73897 -3
73898 -3
73899 -3
73900 -3
73901 -3
73902 -3
73903 -3
73904 -3
73905 -3
73906 -3
73907 -3
73908 -3
73909 -3
73910 -3
73911 -3
73912 -3
73913 -3
73914 -3
73915 -3
73916 -3
73917 -3
73918 -3
73919 -3
73920 -4
73921 -4
73922 -4
73923 -4
73924 -4
73925 -4
73926 -4
73927 -4
73928 -4
73929 -4
73930 -4
73931 -4
73932 -4
73933 -4
73934 -4
73935 -4
73936 -4
73937 -4
73938 -4
73939 -4
73940 -4
73941 -4
73942 -4
73943 -4
73944 -4
73945 -4
73946 -4
73947 -4
73948 -4
73949 -4
73950 -4
73951 -4
73952 -4
73953 -4
73954 -4
73955 -4
73956 -4
73957 -4
73958 -4
73959 -4
73960 -4
73961 -4
73962 -4
73963 -4
73964 -4
73965 -4
73966 -4
73967 -4
73968 -4
73969 -4
73970 -4
73971 -4
73972 -4
73973 -4
73974 -4
73975 -4
73976 -4
73977 -4
73978 -4
73979 -4
73980 -4
73981 -4
73982 -4
73983 -4
73984 -4
73985 -4
73986 -4
73987 -4
73988 -4
73989 -4
73990 -4
73991 -4
73992 -4
73993 -4
73994 -4
73995 -4
73996 -4
73997 -4
73998 -4
73999 -4
74000 -4
74001 -4
74002 -4
74003 -4
74004 -4
74005 -4
74006 -4
74007 -4
74008 -4
74009 -4
74010 -4
74011 -4
74012 -4
74013 -4
74014 -4
74015 -4
74016 -4
74017 -4
74018 -4
74019 -4
74020 -4
74021 -4
74022 -4
74023 -4
74024 -4
74025 -4
74026 -4
74027 -4
74028 -4
74029 -4
74030 -4
74031 -4
74032 -4
74033 -4
74034 -4
74035 -4
74036 -4
74037 -4
74038 -4
74039 -4
74040 -4
74041 -4
74042 -4
74043 -4
74044 -4
74045 -4
74046 -4
74047 -4
74048 -4
74049 -4
74050 -4
74051 -4
74052 -4
74053 -4
74054 -4
74055 -4
74056 -4
74057 -4
74058 -4
74059 -4
74060 -4
74061 -4
74062 -4
74063 -4
74064 -4
74065 -4
74066 -4
74067 -4
74068 -4
74069 -4
74070 -4
74071 -4
74072 -4
74073 -4
74074 -4
74075 -4
74076 -4
74077 -4
74078 -4
74079 -4
74080 -4
74081 -4
74082 -4
74083 -4
74084 -4
74085 -4
74086 -4
74087 -4
74088 -4
74089 -4
74090 -4
74091 -4
74092 -4
74093 -4
74094 -4
74095 -4
74096 -4
74097 -4
74098 -4
74099 -4
74100 -4
74101 -4
74102 -4
74103 -4
74104 -4
74105 -4
74106 -4
74107 -4
74108 -4
74109 -4
74110 -4
74111 -4
74112 -3
74113 -3
74114 -3
74115 -3
74116 -3
74117 -3
74118 -3
74119 -3
74120 -3
74121 -3
74122 -3
74123 -3
74124 -3
74125 -3
74126 -3
74127 -3
74128 -3
74129 -3
74130 -3
74131 -3
74132 -3
74133 -3
74134 -3
74135 -3
74136 -3
74137 -3
74138 -3
74139 -3
74140 -3
74141 -3
74142 -3
74143 -3
74144 -3
74145 -3
74146 -3
74147 -3
74148 -3
74149 -3
74150 -3
74151 -3
74152 -3
74153 -3
74154 -3
74155 -3
74156 -3
74157 -3
74158 -3
74159 -3
74160 -3
74161 -3
74162 -3
74163 -3
74164 -3
74165 -3
74166 -3
74167 -3
74168 -3
74169 -3
74170 -3
74171 -3
74172 -3
74173 -3
74174 -3
74175 -3
74176 -3
74177 -3
74178 -3
74179 -3
74180 -3
74181 -3
74182 -3
74183 -3
74184 -3
74185 -3
74186 -3
74187 -3
74188 -3
74189 -3
74190 -3
74191 -3
74192 -3
74193 -3
74194 -3
74195 -3
74196 -3
74197 -3
74198 -3
74199 -3
74200 -3
74201 -3
74202 -3
74203 -3
74204 -3
74205 -3
74206 -3
74207 -3
74208 -3
74209 -3
74210 -3
74211 -3
74212 -3
74213 -3
74214 -3
74215 -3
74216 -3
74217 -3
74218 -3
74219 -3
74220 -3
74221 -3
74222 -3
74223 -3
74224 -3
74225 -3
74226 -3
74227 -3
74228 -3
74229 -3
74230 -3
74231 -3
74232 -3
74233 -3
74234 -3
74235 -3
74236 -3
74237 -3
74238 -3
74239 -3
74240 -3
74241 -3
74242 -3
74243 -3
74244 -3
74245 -3
74246 -3
74247 -3
74248 -3
74249 -3
74250 -3
74251 -3
74252 -3
74253 -3
74254 -3
74255 -3
74256 -3
74257 -3
74258 -3
74259 -3
74260 -3
74261 -3
74262 -3
74263 -3
74264 -3
74265 -3
74266 -3
74267 -3
74268 -3
74269 -3
74270 -3
74271 -3
74272 -3
74273 -3
74274 -3
74275 -3
74276 -3
74277 -3
74278 -3
74279 -3
74280 -3
74281 -3
74282 -3
74283 -3
74284 -3
74285 -3
74286 -3
74287 -3
74288 -3
74289 -3
74290 -3
74291 -3
74292 -3
74293 -3
74294 -3
74295 -3
74296 -3
74297 -3
74298 -3
74299 -3
74300 -3
74301 -3
74302 -3
74303 -3
74304 -4
74305 -4
74306 -4
74307 -4
74308 -4
74309 -4
74310 -4
74311 -4
74312 -4
74313 -4
74314 -4
74315 -4
74316 -4
74317 -4
74318 -4
74319 -4
74320 -4
74321 -4
74322 -4
74323 -4
74324 -4
74325 -4
74326 -4
74327 -4
74328 -4
74329 -4
74330 -4
74331 -4
74332 -4
74333 -4
74334 -4
74335 -4
74336 -4
74337 -4
74338 -4
74339 -4
74340 -4
74341 -4
74342 -4
74343 -4
74344 -4
74345 -4
74346 -4
74347 -4
74348 -4
74349 -4
74350 -4
74351 -4
74352 -4
74353 -4
74354 -4
74355 -4
74356 -4
74357 -4
74358 -4
74359 -4
74360 -4
74361 -4
74362 -4
74363 -4
74364 -4
74365 -4
74366 -4
74367 -4
74368 -4
74369 -4
74370 -4
74371 -4
74372 -4
74373 -4
74374 -4
74375 -4
74376 -4
74377 -4
74378 -4
74379 -4
74380 -4
74381 -4
74382 -4
74383 -4
74384 -4
74385 -4
74386 -4
74387 -4
74388 -4
74389 -4
74390 -4
74391 -4
74392 -4
74393 -4
74394 -4
74395 -4
74396 -4
74397 -4
74398 -4
74399 -4
74400 -4
74401 -4
74402 -4
74403 -4
74404 -4
74405 -4
74406 -4
74407 -4
74408 -4
74409 -4
74410 -4
74411 -4
74412 -4
74413 -4
74414 -4
74415 -4
74416 -4
74417 -4
74418 -4
74419 -4
74420 -4
74421 -4
74422 -4
74423 -4
74424 -4
74425 -4
74426 -4
74427 -4
74428 -4
74429 -4
74430 -4
74431 -4
74432 -4
74433 -4
74434 -4
74435 -4
74436 -4
74437 -4
74438 -4
74439 -4
74440 -4
74441 -4
74442 -4
74443 -4
74444 -4
74445 -4
74446 -4
74447 -4
74448 -4
74449 -4
74450 -4
74451 -4
74452 -4
74453 -4
74454 -4
74455 -4
74456 -4
74457 -4
74458 -4
74459 -4
74460 -4
74461 -4
74462 -4
74463 -4
74464 -4
74465 -4
74466 -4
74467 -4
74468 -4
74469 -4
74470 -4
74471 -4
74472 -4
74473 -4
74474 -4
74475 -4
74476 -4
74477 -4
74478 -4
74479 -4
74480 -4
74481 -4
74482 -4
74483 -4
74484 -4
74485 -4
74486 -4
74487 -4
74488 -4
74489 -4
74490 -4
74491 -4
74492 -4
74493 -4
74494 -4
74495 -4
74496 -4
74497 -4
74498 -4
74499 -4
74500 -4
74501 -4
74502 -4
74503 -4
74504 -4
74505 -4
74506 -4
74507 -4
74508 -4
74509 -4
74510 -4
74511 -4
74512 -4
74513 -4
74514 -4
74515 -4
74516 -4
74517 -4
74518 -4
74519 -4
74520 -4
74521 -4
74522 -4
74523 -4
74524 -4
74525 -4
74526 -4
74527 -4
74528 -4
74529 -4
74530 -4
74531 -4
74532 -4
74533 -4
74534 -4
74535 -4
74536 -4
74537 -4
74538 -4
74539 -4
74540 -4
74541 -4
74542 -4
74543 -4
74544 -4
74545 -4
74546 -4
74547 -4
74548 -4
74549 -4
74550 -4
74551 -4
74552 -4
74553 -4
74554 -4
74555 -4
74556 -4
74557 -4
74558 -4
74559 -4
74560 -4
74561 -4
74562 -4
74563 -4
74564 -4
74565 -4
74566 -4
74567 -4
74568 -4
74569 -4
74570 -4
74571 -4
74572 -4
74573 -4
74574 -4
74575 -4
74576 -4
74577 -4
74578 -4
74579 -4
74580 -4
74581 -4
74582 -4
74583 -4
74584 -4
74585 -4
74586 -4
74587 -4
74588 -4
74589 -4
74590 -4
74591 -4
74592 -4
74593 -4
74594 -4
74595 -4
74596 -4
74597 -4
74598 -4
74599 -4
74600 -4
74601 -4
74602 -4
74603 -4
74604 -4
74605 -4
74606 -4
74607 -4
74608 -4
74609 -4
74610 -4
74611 -4
74612 -4
74613 -4
74614 -4
74615 -4
74616 -4
74617 -4
74618 -4
74619 -4
74620 -4
74621 -4
74622 -4
74623 -4
74624 -4
74625 -4
74626 -4
74627 -4
74628 -4
74629 -4
74630 -4
74631 -4
74632 -4
74633 -4
74634 -4
74635 -4
74636 -4
74637 -4
74638 -4
74639 -4
74640 -4
74641 -4
74642 -4
74643 -4
74644 -4
74645 -4
74646 -4
74647 -4
74648 -4
74649 -4
74650 -4
74651 -4
74652 -4
74653 -4
74654 -4
74655 -4
74656 -4
74657 -4
74658 -4
74659 -4
74660 -4
74661 -4
74662 -4
74663 -4
74664 -4
74665 -4
74666 -4
74667 -4
74668 -4
74669 -4
74670 -4
74671 -4
74672 -4
74673 -4
74674 -4
74675 -4
74676 -4
74677 -4
74678 -4
74679 -4
74680 -4
74681 -4
74682 -4
74683 -4
74684 -4
74685 -4
74686 -4
74687 -4
74688 -4
74689 -4
74690 -4
74691 -4
74692 -4
74693 -4
74694 -4
74695 -4
74696 -4
74697 -4
74698 -4
74699 -4
74700 -4
74701 -4
74702 -4
74703 -4
74704 -4
74705 -4
74706 -4
74707 -4
74708 -4
74709 -4
74710 -4
74711 -4
74712 -4
74713 -4
74714 -4
74715 -4
74716 -4
74717 -4
74718 -4
74719 -4
74720 -4
74721 -4
74722 -4
74723 -4
74724 -4
74725 -4
74726 -4
74727 -4
74728 -4
74729 -4
74730 -4
74731 -4
74732 -4
74733 -4
74734 -4
74735 -4
74736 -4
74737 -4
74738 -4
74739 -4
74740 -4
74741 -4
74742 -4
74743 -4
74744 -4
74745 -4
74746 -4
74747 -4
74748 -4
74749 -4
74750 -4
74751 -4
74752 -4
74753 -4
74754 -4
74755 -4
74756 -4
74757 -4
74758 -4
74759 -4
74760 -4
74761 -4
74762 -4
74763 -4
74764 -4
74765 -4
74766 -4
74767 -4
74768 -4
74769 -4
74770 -4
74771 -4
74772 -4
74773 -4
74774 -4
74775 -4
74776 -4
74777 -4
74778 -4
74779 -4
74780 -4
74781 -4
74782 -4
74783 -4
74784 -4
74785 -4
74786 -4
74787 -4
74788 -4
74789 -4
74790 -4
74791 -4
74792 -4
74793 -4
74794 -4
74795 -4
74796 -4
74797 -4
74798 -4
74799 -4
74800 -4
74801 -4
74802 -4
74803 -4
74804 -4
74805 -4
74806 -4
74807 -4
74808 -4
74809 -4
74810 -4
74811 -4
74812 -4
74813 -4
74814 -4
74815 -4
74816 -4
74817 -4
74818 -4
74819 -4
74820 -4
74821 -4
74822 -4
74823 -4
74824 -4
74825 -4
74826 -4
74827 -4
74828 -4
74829 -4
74830 -4
74831 -4
74832 -4
74833 -4
74834 -4
74835 -4
74836 -4
74837 -4
74838 -4
74839 -4
74840 -4
74841 -4
74842 -4
74843 -4
74844 -4
74845 -4
74846 -4
74847 -4
74848 -4
74849 -4
74850 -4
74851 -4
74852 -4
74853 -4
74854 -4
74855 -4
74856 -4
74857 -4
74858 -4
74859 -4
74860 -4
74861 -4
74862 -4
74863 -4
74864 -4
74865 -4
74866 -4
74867 -4
74868 -4
74869 -4
74870 -4
74871 -4
74872 -4
74873 -4
74874 -4
74875 -4
74876 -4
74877 -4
74878 -4
74879 -4
74880 -4
74881 -4
74882 -4
74883 -4
74884 -4
74885 -4
74886 -4
74887 -4
74888 -4
74889 -4
74890 -4
74891 -4
74892 -4
74893 -4
74894 -4
74895 -4
74896 -4
74897 -4
74898 -4
74899 -4
74900 -4
74901 -4
74902 -4
74903 -4
74904 -4
74905 -4
74906 -4
74907 -4
74908 -4
74909 -4
74910 -4
74911 -4
74912 -4
74913 -4
74914 -4
74915 -4
74916 -4
74917 -4
74918 -4
74919 -4
74920 -4
74921 -4
74922 -4
74923 -4
74924 -4
74925 -4
74926 -4
74927 -4
74928 -4
74929 -4
74930 -4
74931 -4
74932 -4
74933 -4
74934 -4
74935 -4
74936 -4
74937 -4
74938 -4
74939 -4
74940 -4
74941 -4
74942 -4
74943 -4
74944 -4
74945 -4
74946 -4
74947 -4
74948 -4
74949 -4
74950 -4
74951 -4
74952 -4
74953 -4
74954 -4
74955 -4
74956 -4
74957 -4
74958 -4
74959 -4
74960 -4
74961 -4
74962 -4
74963 -4
74964 -4
74965 -4
74966 -4
74967 -4
74968 -4
74969 -4
74970 -4
74971 -4
74972 -4
74973 -4
74974 -4
74975 -4
74976 -4
74977 -4
74978 -4
74979 -4
74980 -4
74981 -4
74982 -4
74983 -4
74984 -4
74985 -4
74986 -4
74987 -4
74988 -4
74989 -4
74990 -4
74991 -4
74992 -4
74993 -4
74994 -4
74995 -4
74996 -4
74997 -4
74998 -4
74999 -4
75000 -4
75001 -4
75002 -4
75003 -4
75004 -4
75005 -4
75006 -4
75007 -4
75008 -4
75009 -4
75010 -4
75011 -4
75012 -4
75013 -4
75014 -4
75015 -4
75016 -4
75017 -4
75018 -4
75019 -4
75020 -4
75021 -4
75022 -4
75023 -4
75024 -4
75025 -4
75026 -4
75027 -4
75028 -4
75029 -4
75030 -4
75031 -4
75032 -4
75033 -4
75034 -4
75035 -4
75036 -4
75037 -4
75038 -4
75039 -4
75040 -4
75041 -4
75042 -4
75043 -4
75044 -4
75045 -4
75046 -4
75047 -4
75048 -4
75049 -4
75050 -4
75051 -4
75052 -4
75053 -4
75054 -4
75055 -4
75056 -4
75057 -4
75058 -4
75059 -4
75060 -4
75061 -4
75062 -4
75063 -4
75064 -4
75065 -4
75066 -4
75067 -4
75068 -4
75069 -4
75070 -4
75071 -4
75072 -4
75073 -4
75074 -4
75075 -4
75076 -4
75077 -4
75078 -4
75079 -4
75080 -4
75081 -4
75082 -4
75083 -4
75084 -4
75085 -4
75086 -4
75087 -4
75088 -4
75089 -4
75090 -4
75091 -4
75092 -4
75093 -4
75094 -4
75095 -4
75096 -4
75097 -4
75098 -4
75099 -4
75100 -4
75101 -4
75102 -4
75103 -4
75104 -4
75105 -4
75106 -4
75107 -4
75108 -4
75109 -4
75110 -4
75111 -4
75112 -4
75113 -4
75114 -4
75115 -4
75116 -4
75117 -4
75118 -4
75119 -4
75120 -4
75121 -4
75122 -4
75123 -4
75124 -4
75125 -4
75126 -4
75127 -4
75128 -4
75129 -4
75130 -4
75131 -4
75132 -4
75133 -4
75134 -4
75135 -4
75136 -4
75137 -4
75138 -4
75139 -4
75140 -4
75141 -4
75142 -4
75143 -4
75144 -4
75145 -4
75146 -4
75147 -4
75148 -4
75149 -4
75150 -4
75151 -4
75152 -4
75153 -4
75154 -4
75155 -4
75156 -4
75157 -4
75158 -4
75159 -4
75160 -4
75161 -4
75162 -4
75163 -4
75164 -4
75165 -4
75166 -4
75167 -4
75168 -4
75169 -4
75170 -4
75171 -4
75172 -4
75173 -4
75174 -4
75175 -4
75176 -4
75177 -4
75178 -4
75179 -4
75180 -4
75181 -4
75182 -4
75183 -4
75184 -4
75185 -4
75186 -4
75187 -4
75188 -4
75189 -4
75190 -4
75191 -4
75192 -4
75193 -4
75194 -4
75195 -4
75196 -4
75197 -4
75198 -4
75199 -4
75200 -4
75201 -4
75202 -4
75203 -4
75204 -4
75205 -4
75206 -4
75207 -4
75208 -4
75209 -4
75210 -4
75211 -4
75212 -4
75213 -4
75214 -4
75215 -4
75216 -4
75217 -4
75218 -4
75219 -4
75220 -4
75221 -4
75222 -4
75223 -4
75224 -4
75225 -4
75226 -4
75227 -4
75228 -4
75229 -4
75230 -4
75231 -4
75232 -4
75233 -4
75234 -4
75235 -4
75236 -4
75237 -4
75238 -4
75239 -4
75240 -4
75241 -4
75242 -4
75243 -4
75244 -4
75245 -4
75246 -4
75247 -4
75248 -4
75249 -4
75250 -4
75251 -4
75252 -4
75253 -4
75254 -4
75255 -4
75256 -4
75257 -4
75258 -4
75259 -4
75260 -4
75261 -4
75262 -4
75263 -4
75264 -4
75265 -4
75266 -4
75267 -4
75268 -4
75269 -4
75270 -4
75271 -4
75272 -4
75273 -4
75274 -4
75275 -4
75276 -4
75277 -4
75278 -4
75279 -4
75280 -4
75281 -4
75282 -4
75283 -4
75284 -4
75285 -4
75286 -4
75287 -4
75288 -4
75289 -4
75290 -4
75291 -4
75292 -4
75293 -4
75294 -4
75295 -4
75296 -4
75297 -4
75298 -4
75299 -4
75300 -4
75301 -4
75302 -4
75303 -4
75304 -4
75305 -4
75306 -4
75307 -4
75308 -4
75309 -4
75310 -4
75311 -4
75312 -4
75313 -4
75314 -4
75315 -4
75316 -4
75317 -4
75318 -4
75319 -4
75320 -4
75321 -4
75322 -4
75323 -4
75324 -4
75325 -4
75326 -4
75327 -4
75328 -4
75329 -4
75330 -4
75331 -4
75332 -4
75333 -4
75334 -4
75335 -4
75336 -4
75337 -4
75338 -4
75339 -4
75340 -4
75341 -4
75342 -4
75343 -4
75344 -4
75345 -4
75346 -4
75347 -4
75348 -4
75349 -4
75350 -4
75351 -4
75352 -4
75353 -4
75354 -4
75355 -4
75356 -4
75357 -4
75358 -4
75359 -4
75360 -4
75361 -4
75362 -4
75363 -4
75364 -4
75365 -4
75366 -4
75367 -4
75368 -4
75369 -4
75370 -4
75371 -4
75372 -4
75373 -4
75374 -4
75375 -4
75376 -4
75377 -4
75378 -4
75379 -4
75380 -4
75381 -4
75382 -4
75383 -4
75384 -4
75385 -4
75386 -4
75387 -4
75388 -4
75389 -4
75390 -4
75391 -4
75392 -4
75393 -4
75394 -4
75395 -4
75396 -4
75397 -4
75398 -4
75399 -4
75400 -4
75401 -4
75402 -4
75403 -4
75404 -4
75405 -4
75406 -4
75407 -4
75408 -4
75409 -4
75410 -4
75411 -4
75412 -4
75413 -4
75414 -4
75415 -4
75416 -4
75417 -4
75418 -4
75419 -4
75420 -4
75421 -4
75422 -4
75423 -4
75424 -4
75425 -4
75426 -4
75427 -4
75428 -4
75429 -4
75430 -4
75431 -4
75432 -4
75433 -4
75434 -4
75435 -4
75436 -4
75437 -4
75438 -4
75439 -4
75440 -4
75441 -4
75442 -4
75443 -4
75444 -4
75445 -4
75446 -4
75447 -4
75448 -4
75449 -4
75450 -4
75451 -4
75452 -4
75453 -4
75454 -4
75455 -4
75456 -4
75457 -4
75458 -4
75459 -4
75460 -4
75461 -4
75462 -4
75463 -4
75464 -4
75465 -4
75466 -4
75467 -4
75468 -4
75469 -4
75470 -4
75471 -4
75472 -4
75473 -4
75474 -4
75475 -4
75476 -4
75477 -4
75478 -4
75479 -4
75480 -4
75481 -4
75482 -4
75483 -4
75484 -4
75485 -4
75486 -4
75487 -4
75488 -4
75489 -4
75490 -4
75491 -4
75492 -4
75493 -4
75494 -4
75495 -4
75496 -4
75497 -4
75498 -4
75499 -4
75500 -4
75501 -4
75502 -4
75503 -4
75504 -4
75505 -4
75506 -4
75507 -4
75508 -4
75509 -4
75510 -4
75511 -4
75512 -4
75513 -4
75514 -4
75515 -4
75516 -4
75517 -4
75518 -4
75519 -4
75520 -4
75521 -4
75522 -4
75523 -4
75524 -4
75525 -4
75526 -4
75527 -4
75528 -4
75529 -4
75530 -4
75531 -4
75532 -4
75533 -4
75534 -4
75535 -4
75536 -4
75537 -4
75538 -4
75539 -4
75540 -4
75541 -4
75542 -4
75543 -4
75544 -4
75545 -4
75546 -4
75547 -4
75548 -4
75549 -4
75550 -4
75551 -4
75552 -4
75553 -4
75554 -4
75555 -4
75556 -4
75557 -4
75558 -4
75559 -4
75560 -4
75561 -4
75562 -4
75563 -4
75564 -4
75565 -4
75566 -4
75567 -4
75568 -4
75569 -4
75570 -4
75571 -4
75572 -4
75573 -4
75574 -4
75575 -4
75576 -4
75577 -4
75578 -4
75579 -4
75580 -4
75581 -4
75582 -4
75583 -4
75584 -4
75585 -4
75586 -4
75587 -4
75588 -4
75589 -4
75590 -4
75591 -4
75592 -4
75593 -4
75594 -4
75595 -4
75596 -4
75597 -4
75598 -4
75599 -4
75600 -4
75601 -4
75602 -4
75603 -4
75604 -4
75605 -4
75606 -4
75607 -4
75608 -4
75609 -4
75610 -4
75611 -4
75612 -4
75613 -4
75614 -4
75615 -4
75616 -4
75617 -4
75618 -4
75619 -4
75620 -4
75621 -4
75622 -4
75623 -4
75624 -4
75625 -4
75626 -4
75627 -4
75628 -4
75629 -4
75630 -4
75631 -4
75632 -4
75633 -4
75634 -4
75635 -4
75636 -4
75637 -4
75638 -4
75639 -4
75640 -4
75641 -4
75642 -4
75643 -4
75644 -4
75645 -4
75646 -4
75647 -4
75648 -4
75649 -4
75650 -4
75651 -4
75652 -4
75653 -4
75654 -4
75655 -4
75656 -4
75657 -4
75658 -4
75659 -4
75660 -4
75661 -4
75662 -4
75663 -4
75664 -4
75665 -4
75666 -4
75667 -4
75668 -4
75669 -4
75670 -4
75671 -4
75672 -4
75673 -4
75674 -4
75675 -4
75676 -4
75677 -4
75678 -4
75679 -4
75680 -4
75681 -4
75682 -4
75683 -4
75684 -4
75685 -4
75686 -4
75687 -4
75688 -4
75689 -4
75690 -4
75691 -4
75692 -4
75693 -4
75694 -4
75695 -4
75696 -4
75697 -4
75698 -4
75699 -4
75700 -4
75701 -4
75702 -4
75703 -4
75704 -4
75705 -4
75706 -4
75707 -4
75708 -4
75709 -4
75710 -4
75711 -4
75712 -4
75713 -4
75714 -4
75715 -4
75716 -4
75717 -4
75718 -4
75719 -4
75720 -4
75721 -4
75722 -4
75723 -4
75724 -4
75725 -4
75726 -4
75727 -4
75728 -4
75729 -4
75730 -4
75731 -4
75732 -4
75733 -4
75734 -4
75735 -4
75736 -4
75737 -4
75738 -4
75739 -4
75740 -4
75741 -4
75742 -4
75743 -4
75744 -4
75745 -4
75746 -4
75747 -4
75748 -4
75749 -4
75750 -4
75751 -4
75752 -4
75753 -4
75754 -4
75755 -4
75756 -4
75757 -4
75758 -4
75759 -4
75760 -4
75761 -4
75762 -4
75763 -4
75764 -4
75765 -4
75766 -4
75767 -4
75768 -4
75769 -4
75770 -4
75771 -4
75772 -4
75773 -4
75774 -4
75775 -4
75776 -4
75777 -4
75778 -4
75779 -4
75780 -4
75781 -4
75782 -4
75783 -4
75784 -4
75785 -4
75786 -4
75787 -4
75788 -4
75789 -4
75790 -4
75791 -4
75792 -4
75793 -4
75794 -4
75795 -4
75796 -4
75797 -4
75798 -4
75799 -4
75800 -4
75801 -4
75802 -4
75803 -4
75804 -4
75805 -4
75806 -4
75807 -4
75808 -4
75809 -4
75810 -4
75811 -4
75812 -4
75813 -4
75814 -4
75815 -4
75816 -4
75817 -4
75818 -4
75819 -4
75820 -4
75821 -4
75822 -4
75823 -4
75824 -4
75825 -4
75826 -4
75827 -4
75828 -4
75829 -4
75830 -4
75831 -4
75832 -4
75833 -4
75834 -4
75835 -4
75836 -4
75837 -4
75838 -4
75839 -4
75840 -4
75841 -4
75842 -4
75843 -4
75844 -4
75845 -4
75846 -4
75847 -4
75848 -4
75849 -4
75850 -4
75851 -4
75852 -4
75853 -4
75854 -4
75855 -4
75856 -4
75857 -4
75858 -4
75859 -4
75860 -4
75861 -4
75862 -4
75863 -4
75864 -4
75865 -4
75866 -4
75867 -4
75868 -4
75869 -4
75870 -4
75871 -4
75872 -4
75873 -4
75874 -4
75875 -4
75876 -4
75877 -4
75878 -4
75879 -4
75880 -4
75881 -4
75882 -4
75883 -4
75884 -4
75885 -4
75886 -4
75887 -4
75888 -4
75889 -4
75890 -4
75891 -4
75892 -4
75893 -4
75894 -4
75895 -4
75896 -4
75897 -4
75898 -4
75899 -4
75900 -4
75901 -4
75902 -4
75903 -4
75904 -4
75905 -4
75906 -4
75907 -4
75908 -4
75909 -4
75910 -4
75911 -4
75912 -4
75913 -4
75914 -4
75915 -4
75916 -4
75917 -4
75918 -4
75919 -4
75920 -4
75921 -4
75922 -4
75923 -4
75924 -4
75925 -4
75926 -4
75927 -4
75928 -4
75929 -4
75930 -4
75931 -4
75932 -4
75933 -4
75934 -4
75935 -4
75936 -4
75937 -4
75938 -4
75939 -4
75940 -4
75941 -4
75942 -4
75943 -4
75944 -4
75945 -4
75946 -4
75947 -4
75948 -4
75949 -4
75950 -4
75951 -4
75952 -4
75953 -4
75954 -4
75955 -4
75956 -4
75957 -4
75958 -4
75959 -4
75960 -4
75961 -4
75962 -4
75963 -4
75964 -4
75965 -4
75966 -4
75967 -4
75968 -4
75969 -4
75970 -4
75971 -4
75972 -4
75973 -4
75974 -4
75975 -4
75976 -4
75977 -4
75978 -4
75979 -4
75980 -4
75981 -4
75982 -4
75983 -4
75984 -4
75985 -4
75986 -4
75987 -4
75988 -4
75989 -4
75990 -4
75991 -4
75992 -4
75993 -4
75994 -4
75995 -4
75996 -4
75997 -4
75998 -4
75999 -4
76000 -4
76001 -4
76002 -4
76003 -4
76004 -4
76005 -4
76006 -4
76007 -4
76008 -4
76009 -4
76010 -4
76011 -4
76012 -4
76013 -4
76014 -4
76015 -4
76016 -4
76017 -4
76018 -4
76019 -4
76020 -4
76021 -4
76022 -4
76023 -4
76024 -4
76025 -4
76026 -4
76027 -4
76028 -4
76029 -4
76030 -4
76031 -4
76032 -5
76033 -5
76034 -5
76035 -5
76036 -5
76037 -5
76038 -5
76039 -5
76040 -5
76041 -5
76042 -5
76043 -5
76044 -5
76045 -5
76046 -5
76047 -5
76048 -5
76049 -5
76050 -5
76051 -5
76052 -5
76053 -5
76054 -5
76055 -5
76056 -5
76057 -5
76058 -5
76059 -5
76060 -5
76061 -5
76062 -5
76063 -5
76064 -5
76065 -5
76066 -5
76067 -5
76068 -5
76069 -5
76070 -5
76071 -5
76072 -5
76073 -5
76074 -5
76075 -5
76076 -5
76077 -5
76078 -5
76079 -5
76080 -5
76081 -5
76082 -5
76083 -5
76084 -5
76085 -5
76086 -5
76087 -5
76088 -5
76089 -5
76090 -5
76091 -5
76092 -5
76093 -5
76094 -5
76095 -5
76096 -5
76097 -5
76098 -5
76099 -5
76100 -5
76101 -5
76102 -5
76103 -5
76104 -5
76105 -5
76106 -5
76107 -5
76108 -5
76109 -5
76110 -5
76111 -5
76112 -5
76113 -5
76114 -5
76115 -5
76116 -5
76117 -5
76118 -5
76119 -5
76120 -5
76121 -5
76122 -5
76123 -5
76124 -5
76125 -5
76126 -5
76127 -5
76128 -5
76129 -5
76130 -5
76131 -5
76132 -5
76133 -5
76134 -5
76135 -5
76136 -5
76137 -5
76138 -5
76139 -5
76140 -5
76141 -5
76142 -5
76143 -5
76144 -5
76145 -5
76146 -5
76147 -5
76148 -5
76149 -5
76150 -5
76151 -5
76152 -5
76153 -5
76154 -5
76155 -5
76156 -5
76157 -5
76158 -5
76159 -5
76160 -5
76161 -5
76162 -5
76163 -5
76164 -5
76165 -5
76166 -5
76167 -5
76168 -5
76169 -5
76170 -5
76171 -5
76172 -5
76173 -5
76174 -5
76175 -5
76176 -5
76177 -5
76178 -5
76179 -5
76180 -5
76181 -5
76182 -5
76183 -5
76184 -5
76185 -5
76186 -5
76187 -5
76188 -5
76189 -5
76190 -5
76191 -5
76192 -5
76193 -5
76194 -5
76195 -5
76196 -5
76197 -5
76198 -5
76199 -5
76200 -5
76201 -5
76202 -5
76203 -5
76204 -5
76205 -5
76206 -5
76207 -5
76208 -5
76209 -5
76210 -5
76211 -5
76212 -5
76213 -5
76214 -5
76215 -5
76216 -5
76217 -5
76218 -5
76219 -5
76220 -5
76221 -5
76222 -5
76223 -5
76224 -4
76225 -4
76226 -4
76227 -4
76228 -4
76229 -4
76230 -4
76231 -4
76232 -4
76233 -4
76234 -4
76235 -4
76236 -4
76237 -4
76238 -4
76239 -4
76240 -4
76241 -4
76242 -4
76243 -4
76244 -4
76245 -4
76246 -4
76247 -4
76248 -4
76249 -4
76250 -4
76251 -4
76252 -4
76253 -4
76254 -4
76255 -4
76256 -4
76257 -4
76258 -4
76259 -4
76260 -4
76261 -4
76262 -4
76263 -4
76264 -4
76265 -4
76266 -4
76267 -4
76268 -4
76269 -4
76270 -4
76271 -4
76272 -4
76273 -4
76274 -4
76275 -4
76276 -4
76277 -4
76278 -4
76279 -4
76280 -4
76281 -4
76282 -4
76283 -4
76284 -4
76285 -4
76286 -4
76287 -4
76288 -4
76289 -4
76290 -4
76291 -4
76292 -4
76293 -4
76294 -4
76295 -4
76296 -4
76297 -4
76298 -4
76299 -4
76300 -4
76301 -4
76302 -4
76303 -4
76304 -4
76305 -4
76306 -4
76307 -4
76308 -4
76309 -4
76310 -4
76311 -4
76312 -4
76313 -4
76314 -4
76315 -4
76316 -4
76317 -4
76318 -4
76319 -4
76320 -4
76321 -4
76322 -4
76323 -4
76324 -4
76325 -4
76326 -4
76327 -4
76328 -4
76329 -4
76330 -4
76331 -4
76332 -4
76333 -4
76334 -4
76335 -4
76336 -4
76337 -4
76338 -4
76339 -4
76340 -4
76341 -4
76342 -4
76343 -4
76344 -4
76345 -4
76346 -4
76347 -4
76348 -4
76349 -4
76350 -4
76351 -4
76352 -4
76353 -4
76354 -4
76355 -4
76356 -4
76357 -4
76358 -4
76359 -4
76360 -4
76361 -4
76362 -4
76363 -4
76364 -4
76365 -4
76366 -4
76367 -4
76368 -4
76369 -4
76370 -4
76371 -4
76372 -4
76373 -4
76374 -4
76375 -4
76376 -4
76377 -4
76378 -4
76379 -4
76380 -4
76381 -4
76382 -4
76383 -4
76384 -4
76385 -4
76386 -4
76387 -4
76388 -4
76389 -4
76390 -4
76391 -4
76392 -4
76393 -4
76394 -4
76395 -4
76396 -4
76397 -4
76398 -4
76399 -4
76400 -4
76401 -4
76402 -4
76403 -4
76404 -4
76405 -4
76406 -4
76407 -4
76408 -4
76409 -4
76410 -4
76411 -4
76412 -4
76413 -4
76414 -4
76415 -4
76416 -6
76417 -6
76418 -6
76419 -6
76420 -6
76421 -6
76422 -6
76423 -6
76424 -6
76425 -6
76426 -6
76427 -6
76428 -6
76429 -6
76430 -6
76431 -6
76432 -6
76433 -6
76434 -6
76435 -6
76436 -6
76437 -6
76438 -6
76439 -6
76440 -6
76441 -6
76442 -6
76443 -6
76444 -6
76445 -6
76446 -6
76447 -6
76448 -6
76449 -6
76450 -6
76451 -6
76452 -6
76453 -6
76454 -6
76455 -6
76456 -6
76457 -6
76458 -6
76459 -6
76460 -6
76461 -6
76462 -6
76463 -6
76464 -6
76465 -6
76466 -6
76467 -6
76468 -6
76469 -6
76470 -6
76471 -6
76472 -6
76473 -6
76474 -6
76475 -6
76476 -6
76477 -6
76478 -6
76479 -6
76480 -6
76481 -6
76482 -6
76483 -6
76484 -6
76485 -6
76486 -6
76487 -6
76488 -6
76489 -6
76490 -6
76491 -6
76492 -6
76493 -6
76494 -6
76495 -6
76496 -6
76497 -6
76498 -6
76499 -6
76500 -6
76501 -6
76502 -6
76503 -6
76504 -6
76505 -6
76506 -6
76507 -6
76508 -6
76509 -6
76510 -6
76511 -6
76512 -6
76513 -6
76514 -6
76515 -6
76516 -6
76517 -6
76518 -6
76519 -6
76520 -6
76521 -6
76522 -6
76523 -6
76524 -6
76525 -6
76526 -6
76527 -6
76528 -6
76529 -6
76530 -6
76531 -6
76532 -6
76533 -6
76534 -6
76535 -6
76536 -6
76537 -6
76538 -6
76539 -6
76540 -6
76541 -6
76542 -6
76543 -6
76544 -6
76545 -6
76546 -6
76547 -6
76548 -6
76549 -6
76550 -6
76551 -6
76552 -6
76553 -6
76554 -6
76555 -6
76556 -6
76557 -6
76558 -6
76559 -6
76560 -6
76561 -6
76562 -6
76563 -6
76564 -6
76565 -6
76566 -6
76567 -6
76568 -6
76569 -6
76570 -6
76571 -6
76572 -6
76573 -6
76574 -6
76575 -6
76576 -6
76577 -6
76578 -6
76579 -6
76580 -6
76581 -6
76582 -6
76583 -6
76584 -6
76585 -6
76586 -6
76587 -6
76588 -6
76589 -6
76590 -6
76591 -6
76592 -6
76593 -6
76594 -6
76595 -6
76596 -6
76597 -6
76598 -6
76599 -6
76600 -6
76601 -6
76602 -6
76603 -6
76604 -6
76605 -6
76606 -6
76607 -6
76608 -6
76609 -6
76610 -6
76611 -6
76612 -6
76613 -6
76614 -6
76615 -6
76616 -6
76617 -6
76618 -6
76619 -6
76620 -6
76621 -6
76622 -6
76623 -6
76624 -6
76625 -6
76626 -6
76627 -6
76628 -6
76629 -6
76630 -6
76631 -6
76632 -6
76633 -6
76634 -6
76635 -6
76636 -6
76637 -6
76638 -6
76639 -6
76640 -6
76641 -6
76642 -6
76643 -6
76644 -6
76645 -6
76646 -6
76647 -6
76648 -6
76649 -6
76650 -6
76651 -6
76652 -6
76653 -6
76654 -6
76655 -6
76656 -6
76657 -6
76658 -6
76659 -6
76660 -6
76661 -6
76662 -6
76663 -6
76664 -6
76665 -6
76666 -6
76667 -6
76668 -6
76669 -6
76670 -6
76671 -6
76672 -6
76673 -6
76674 -6
76675 -6
76676 -6
76677 -6
76678 -6
76679 -6
76680 -6
76681 -6
76682 -6
76683 -6
76684 -6
76685 -6
76686 -6
76687 -6
76688 -6
76689 -6
76690 -6
76691 -6
76692 -6
76693 -6
76694 -6
76695 -6
76696 -6
76697 -6
76698 -6
76699 -6
76700 -6
76701 -6
76702 -6
76703 -6
76704 -6
76705 -6
76706 -6
76707 -6
76708 -6
76709 -6
76710 -6
76711 -6
76712 -6
76713 -6
76714 -6
76715 -6
76716 -6
76717 -6
76718 -6
76719 -6
76720 -6
76721 -6
76722 -6
76723 -6
76724 -6
76725 -6
76726 -6
76727 -6
76728 -6
76729 -6
76730 -6
76731 -6
76732 -6
76733 -6
76734 -6
76735 -6
76736 -6
76737 -6
76738 -6
76739 -6
76740 -6
76741 -6
76742 -6
76743 -6
76744 -6
76745 -6
76746 -6
76747 -6
76748 -6
76749 -6
76750 -6
76751 -6
76752 -6
76753 -6
76754 -6
76755 -6
76756 -6
76757 -6
76758 -6
76759 -6
76760 -6
76761 -6
76762 -6
76763 -6
76764 -6
76765 -6
76766 -6
76767 -6
76768 -6
76769 -6
76770 -6
76771 -6
76772 -6
76773 -6
76774 -6
76775 -6
76776 -6
76777 -6
76778 -6
76779 -6
76780 -6
76781 -6
76782 -6
76783 -6
76784 -6
76785 -6
76786 -6
76787 -6
76788 -6
76789 -6
76790 -6
76791 -6
76792 -6
76793 -6
76794 -6
76795 -6
76796 -6
76797 -6
76798 -6
76799 -6
76800 -3
76801 -3
76802 -3
76803 -3
76804 -3
76805 -3
76806 -3
76807 -3
76808 -3
76809 -3
76810 -3
76811 -3
76812 -3
76813 -3
76814 -3
76815 -3
76816 -3
76817 -3
76818 -3
76819 -3
76820 -3
76821 -3
76822 -3
76823 -3
76824 -3
76825 -3
76826 -3
76827 -3
76828 -3
76829 -3
76830 -3
76831 -3
76832 -3
76833 -3
76834 -3
76835 -3
76836 -3
76837 -3
76838 -3
76839 -3
76840 -3
76841 -3
76842 -3
76843 -3
76844 -3
76845 -3
76846 -3
76847 -3
76848 -3
76849 -3
76850 -3
76851 -3
76852 -3
76853 -3
76854 -3
76855 -3
76856 -3
76857 -3
76858 -3
76859 -3
76860 -3
76861 -3
76862 -3
76863 -3
76864 -3
76865 -3
76866 -3
76867 -3
76868 -3
76869 -3
76870 -3
76871 -3
76872 -3
76873 -3
76874 -3
76875 -3
76876 -3
76877 -3
76878 -3
76879 -3
76880 -3
76881 -3
76882 -3
76883 -3
76884 -3
76885 -3
76886 -3
76887 -3
76888 -3
76889 -3
76890 -3
76891 -3
76892 -3
76893 -3
76894 -3
76895 -3
76896 -3
76897 -3
76898 -3
76899 -3
76900 -3
76901 -3
76902 -3
76903 -3
76904 -3
76905 -3
76906 -3
76907 -3
76908 -3
76909 -3
76910 -3
76911 -3
76912 -3
76913 -3
76914 -3
76915 -3
76916 -3
76917 -3
76918 -3
76919 -3
76920 -3
76921 -3
76922 -3
76923 -3
76924 -3
76925 -3
76926 -3
76927 -3
76928 -3
76929 -3
76930 -3
76931 -3
76932 -3
76933 -3
76934 -3
76935 -3
76936 -3
76937 -3
76938 -3
76939 -3
76940 -3
76941 -3
76942 -3
76943 -3
76944 -3
76945 -3
76946 -3
76947 -3
76948 -3
76949 -3
76950 -3
76951 -3
76952 -3
76953 -3
76954 -3
76955 -3
76956 -3
76957 -3
76958 -3
76959 -3
76960 -3
76961 -3
76962 -3
76963 -3
76964 -3
76965 -3
76966 -3
76967 -3
76968 -3
76969 -3
76970 -3
76971 -3
76972 -3
76973 -3
76974 -3
76975 -3
76976 -3
76977 -3
76978 -3
76979 -3
76980 -3
76981 -3
76982 -3
76983 -3
76984 -3
76985 -3
76986 -3
76987 -3
76988 -3
76989 -3
76990 -3
76991 -3
76992 -3
76993 -3
76994 -3
76995 -3
76996 -3
76997 -3
76998 -3
76999 -3
77000 -3
77001 -3
77002 -3
77003 -3
77004 -3
77005 -3
77006 -3
77007 -3
77008 -3
77009 -3
77010 -3
77011 -3
77012 -3
77013 -3
77014 -3
77015 -3
77016 -3
77017 -3
77018 -3
77019 -3
77020 -3
77021 -3
77022 -3
77023 -3
77024 -3
77025 -3
77026 -3
77027 -3
77028 -3
77029 -3
77030 -3
77031 -3
77032 -3
77033 -3
77034 -3
77035 -3
77036 -3
77037 -3
77038 -3
77039 -3
77040 -3
77041 -3
77042 -3
77043 -3
77044 -3
77045 -3
77046 -3
77047 -3
77048 -3
77049 -3
77050 -3
77051 -3
77052 -3
77053 -3
77054 -3
77055 -3
77056 -3
77057 -3
77058 -3
77059 -3
77060 -3
77061 -3
77062 -3
77063 -3
77064 -3
77065 -3
77066 -3
77067 -3
77068 -3
77069 -3
77070 -3
77071 -3
77072 -3
77073 -3
77074 -3
77075 -3
77076 -3
77077 -3
77078 -3
77079 -3
77080 -3
77081 -3
77082 -3
77083 -3
77084 -3
77085 -3
77086 -3
77087 -3
77088 -3
77089 -3
77090 -3
77091 -3
77092 -3
77093 -3
77094 -3
77095 -3
77096 -3
77097 -3
77098 -3
77099 -3
77100 -3
77101 -3
77102 -3
77103 -3
77104 -3
77105 -3
77106 -3
77107 -3
77108 -3
77109 -3
77110 -3
77111 -3
77112 -3
77113 -3
77114 -3
77115 -3
77116 -3
77117 -3
77118 -3
77119 -3
77120 -3
77121 -3
77122 -3
77123 -3
77124 -3
77125 -3
77126 -3
77127 -3
77128 -3
77129 -3
77130 -3
77131 -3
77132 -3
77133 -3
77134 -3
77135 -3
77136 -3
77137 -3
77138 -3
77139 -3
77140 -3
77141 -3
77142 -3
77143 -3
77144 -3
77145 -3
77146 -3
77147 -3
77148 -3
77149 -3
77150 -3
77151 -3
77152 -3
77153 -3
77154 -3
77155 -3
77156 -3
77157 -3
77158 -3
77159 -3
77160 -3
77161 -3
77162 -3
77163 -3
77164 -3
77165 -3
77166 -3
77167 -3
77168 -3
77169 -3
77170 -3
77171 -3
77172 -3
77173 -3
77174 -3
77175 -3
77176 -3
77177 -3
77178 -3
77179 -3
77180 -3
77181 -3
77182 -3
77183 -3
77184 -3
77185 -3
77186 -3
77187 -3
77188 -3
77189 -3
77190 -3
77191 -3
77192 -3
77193 -3
77194 -3
77195 -3
77196 -3
77197 -3
77198 -3
77199 -3
77200 -3
77201 -3
77202 -3
77203 -3
77204 -3
77205 -3
77206 -3
77207 -3
77208 -3
77209 -3
77210 -3
77211 -3
77212 -3
77213 -3
77214 -3
77215 -3
77216 -3
77217 -3
77218 -3
77219 -3
77220 -3
77221 -3
77222 -3
77223 -3
77224 -3
77225 -3
77226 -3
77227 -3
77228 -3
77229 -3
77230 -3
77231 -3
77232 -3
77233 -3
77234 -3
77235 -3
77236 -3
77237 -3
77238 -3
77239 -3
77240 -3
77241 -3
77242 -3
77243 -3
77244 -3
77245 -3
77246 -3
77247 -3
77248 -3
77249 -3
77250 -3
77251 -3
77252 -3
77253 -3
77254 -3
77255 -3
77256 -3
77257 -3
77258 -3
77259 -3
77260 -3
77261 -3
77262 -3
77263 -3
77264 -3
77265 -3
77266 -3
77267 -3
77268 -3
77269 -3
77270 -3
77271 -3
77272 -3
77273 -3
77274 -3
77275 -3
77276 -3
77277 -3
77278 -3
77279 -3
77280 -3
77281 -3
77282 -3
77283 -3
77284 -3
77285 -3
77286 -3
77287 -3
77288 -3
77289 -3
77290 -3
77291 -3
77292 -3
77293 -3
77294 -3
77295 -3
77296 -3
77297 -3
77298 -3
77299 -3
77300 -3
77301 -3
77302 -3
77303 -3
77304 -3
77305 -3
77306 -3
77307 -3
77308 -3
77309 -3
77310 -3
77311 -3
77312 -3
77313 -3
77314 -3
77315 -3
77316 -3
77317 -3
77318 -3
77319 -3
77320 -3
77321 -3
77322 -3
77323 -3
77324 -3
77325 -3
77326 -3
77327 -3
77328 -3
77329 -3
77330 -3
77331 -3
77332 -3
77333 -3
77334 -3
77335 -3
77336 -3
77337 -3
77338 -3
77339 -3
77340 -3
77341 -3
77342 -3
77343 -3
77344 -3
77345 -3
77346 -3
77347 -3
77348 -3
77349 -3
77350 -3
77351 -3
77352 -3
77353 -3
77354 -3
77355 -3
77356 -3
77357 -3
77358 -3
77359 -3
77360 -3
77361 -3
77362 -3
77363 -3
77364 -3
77365 -3
77366 -3
77367 -3
77368 -3
77369 -3
77370 -3
77371 -3
77372 -3
77373 -3
77374 -3
77375 -3
77376 -4
77377 -4
77378 -4
77379 -4
77380 -4
77381 -4
77382 -4
77383 -4
77384 -4
77385 -4
77386 -4
77387 -4
77388 -4
77389 -4
77390 -4
77391 -4
77392 -4
77393 -4
77394 -4
77395 -4
77396 -4
77397 -4
77398 -4
77399 -4
77400 -4
77401 -4
77402 -4
77403 -4
77404 -4
77405 -4
77406 -4
77407 -4
77408 -4
77409 -4
77410 -4
77411 -4
77412 -4
77413 -4
77414 -4
77415 -4
77416 -4
77417 -4
77418 -4
77419 -4
77420 -4
77421 -4
77422 -4
77423 -4
77424 -4
77425 -4
77426 -4
77427 -4
77428 -4
77429 -4
77430 -4
77431 -4
77432 -4
77433 -4
77434 -4
77435 -4
77436 -4
77437 -4
77438 -4
77439 -4
77440 -4
77441 -4
77442 -4
77443 -4
77444 -4
77445 -4
77446 -4
77447 -4
77448 -4
77449 -4
77450 -4
77451 -4
77452 -4
77453 -4
77454 -4
77455 -4
77456 -4
77457 -4
77458 -4
77459 -4
77460 -4
77461 -4
77462 -4
77463 -4
77464 -4
77465 -4
77466 -4
77467 -4
77468 -4
77469 -4
77470 -4
77471 -4
77472 -4
77473 -4
77474 -4
77475 -4
77476 -4
77477 -4
77478 -4
77479 -4
77480 -4
77481 -4
77482 -4
77483 -4
77484 -4
77485 -4
77486 -4
77487 -4
77488 -4
77489 -4
77490 -4
77491 -4
77492 -4
77493 -4
77494 -4
77495 -4
77496 -4
77497 -4
77498 -4
77499 -4
77500 -4
77501 -4
77502 -4
77503 -4
77504 -4
77505 -4
77506 -4
77507 -4
77508 -4
77509 -4
77510 -4
77511 -4
77512 -4
77513 -4
77514 -4
77515 -4
77516 -4
77517 -4
77518 -4
77519 -4
77520 -4
77521 -4
77522 -4
77523 -4
77524 -4
77525 -4
77526 -4
77527 -4
77528 -4
77529 -4
77530 -4
77531 -4
77532 -4
77533 -4
77534 -4
77535 -4
77536 -4
77537 -4
77538 -4
77539 -4
77540 -4
77541 -4
77542 -4
77543 -4
77544 -4
77545 -4
77546 -4
77547 -4
77548 -4
77549 -4
77550 -4
77551 -4
77552 -4
77553 -4
77554 -4
77555 -4
77556 -4
77557 -4
77558 -4
77559 -4
77560 -4
77561 -4
77562 -4
77563 -4
77564 -4
77565 -4
77566 -4
77567 -4
77568 -4
77569 -4
77570 -4
77571 -4
77572 -4
77573 -4
77574 -4
77575 -4
77576 -4
77577 -4
77578 -4
77579 -4
77580 -4
77581 -4
77582 -4
77583 -4
77584 -4
77585 -4
77586 -4
77587 -4
77588 -4
77589 -4
77590 -4
77591 -4
77592 -4
77593 -4
77594 -4
77595 -4
77596 -4
77597 -4
77598 -4
77599 -4
77600 -4
77601 -4
77602 -4
77603 -4
77604 -4
77605 -4
77606 -4
77607 -4
77608 -4
77609 -4
77610 -4
77611 -4
77612 -4
77613 -4
77614 -4
77615 -4
77616 -4
77617 -4
77618 -4
77619 -4
77620 -4
77621 -4
77622 -4
77623 -4
77624 -4
77625 -4
77626 -4
77627 -4
77628 -4
77629 -4
77630 -4
77631 -4
77632 -4
77633 -4
77634 -4
77635 -4
77636 -4
77637 -4
77638 -4
77639 -4
77640 -4
77641 -4
77642 -4
77643 -4
77644 -4
77645 -4
77646 -4
77647 -4
77648 -4
77649 -4
77650 -4
77651 -4
77652 -4
77653 -4
77654 -4
77655 -4
77656 -4
77657 -4
77658 -4
77659 -4
77660 -4
77661 -4
77662 -4
77663 -4
77664 -4
77665 -4
77666 -4
77667 -4
77668 -4
77669 -4
77670 -4
77671 -4
77672 -4
77673 -4
77674 -4
77675 -4
77676 -4
77677 -4
77678 -4
77679 -4
77680 -4
77681 -4
77682 -4
77683 -4
77684 -4
77685 -4
77686 -4
77687 -4
77688 -4
77689 -4
77690 -4
77691 -4
77692 -4
77693 -4
77694 -4
77695 -4
77696 -4
77697 -4
77698 -4
77699 -4
77700 -4
77701 -4
77702 -4
77703 -4
77704 -4
77705 -4
77706 -4
77707 -4
77708 -4
77709 -4
77710 -4
77711 -4
77712 -4
77713 -4
77714 -4
77715 -4
77716 -4
77717 -4
77718 -4
77719 -4
77720 -4
77721 -4
77722 -4
77723 -4
77724 -4
77725 -4
77726 -4
77727 -4
77728 -4
77729 -4
77730 -4
77731 -4
77732 -4
77733 -4
77734 -4
77735 -4
77736 -4
77737 -4
77738 -4
77739 -4
77740 -4
77741 -4
77742 -4
77743 -4
77744 -4
77745 -4
77746 -4
77747 -4
77748 -4
77749 -4
77750 -4
77751 -4
77752 -4
77753 -4
77754 -4
77755 -4
77756 -4
77757 -4
77758 -4
77759 -4
77760 -4
77761 -4
77762 -4
77763 -4
77764 -4
77765 -4
77766 -4
77767 -4
77768 -4
77769 -4
77770 -4
77771 -4
77772 -4
77773 -4
77774 -4
77775 -4
77776 -4
77777 -4
77778 -4
77779 -4
77780 -4
77781 -4
77782 -4
77783 -4
77784 -4
77785 -4
77786 -4
77787 -4
77788 -4
77789 -4
77790 -4
77791 -4
77792 -4
77793 -4
77794 -4
77795 -4
77796 -4
77797 -4
77798 -4
77799 -4
77800 -4
77801 -4
77802 -4
77803 -4
77804 -4
77805 -4
77806 -4
77807 -4
77808 -4
77809 -4
77810 -4
77811 -4
77812 -4
77813 -4
77814 -4
77815 -4
77816 -4
77817 -4
77818 -4
77819 -4
77820 -4
77821 -4
77822 -4
77823 -4
77824 -4
77825 -4
77826 -4
77827 -4
77828 -4
77829 -4
77830 -4
77831 -4
77832 -4
77833 -4
77834 -4
77835 -4
77836 -4
77837 -4
77838 -4
77839 -4
77840 -4
77841 -4
77842 -4
77843 -4
77844 -4
77845 -4
77846 -4
77847 -4
77848 -4
77849 -4
77850 -4
77851 -4
77852 -4
77853 -4
77854 -4
77855 -4
77856 -4
77857 -4
77858 -4
77859 -4
77860 -4
77861 -4
77862 -4
77863 -4
77864 -4
77865 -4
77866 -4
77867 -4
77868 -4
77869 -4
77870 -4
77871 -4
77872 -4
77873 -4
77874 -4
77875 -4
77876 -4
77877 -4
77878 -4
77879 -4
77880 -4
77881 -4
77882 -4
77883 -4
77884 -4
77885 -4
77886 -4
77887 -4
77888 -4
77889 -4
77890 -4
77891 -4
77892 -4
77893 -4
77894 -4
77895 -4
77896 -4
77897 -4
77898 -4
77899 -4
77900 -4
77901 -4
77902 -4
77903 -4
77904 -4
77905 -4
77906 -4
77907 -4
77908 -4
77909 -4
77910 -4
77911 -4
77912 -4
77913 -4
77914 -4
77915 -4
77916 -4
77917 -4
77918 -4
77919 -4
77920 -4
77921 -4
77922 -4
77923 -4
77924 -4
77925 -4
77926 -4
77927 -4
77928 -4
77929 -4
77930 -4
77931 -4
77932 -4
77933 -4
77934 -4
77935 -4
77936 -4
77937 -4
77938 -4
77939 -4
77940 -4
77941 -4
77942 -4
77943 -4
77944 -4
77945 -4
77946 -4
77947 -4
77948 -4
77949 -4
77950 -4
77951 -4
77952 -4
77953 -4
77954 -4
77955 -4
77956 -4
77957 -4
77958 -4
77959 -4
77960 -4
77961 -4
77962 -4
77963 -4
77964 -4
77965 -4
77966 -4
77967 -4
77968 -4
77969 -4
77970 -4
77971 -4
77972 -4
77973 -4
77974 -4
77975 -4
77976 -4
77977 -4
77978 -4
77979 -4
77980 -4
77981 -4
77982 -4
77983 -4
77984 -4
77985 -4
77986 -4
77987 -4
77988 -4
77989 -4
77990 -4
77991 -4
77992 -4
77993 -4
77994 -4
77995 -4
77996 -4
77997 -4
77998 -4
77999 -4
78000 -4
78001 -4
78002 -4
78003 -4
78004 -4
78005 -4
78006 -4
78007 -4
78008 -4
78009 -4
78010 -4
78011 -4
78012 -4
78013 -4
78014 -4
78015 -4
78016 -4
78017 -4
78018 -4
78019 -4
78020 -4
78021 -4
78022 -4
78023 -4
78024 -4
78025 -4
78026 -4
78027 -4
78028 -4
78029 -4
78030 -4
78031 -4
78032 -4
78033 -4
78034 -4
78035 -4
78036 -4
78037 -4
78038 -4
78039 -4
78040 -4
78041 -4
78042 -4
78043 -4
78044 -4
78045 -4
78046 -4
78047 -4
78048 -4
78049 -4
78050 -4
78051 -4
78052 -4
78053 -4
78054 -4
78055 -4
78056 -4
78057 -4
78058 -4
78059 -4
78060 -4
78061 -4
78062 -4
78063 -4
78064 -4
78065 -4
78066 -4
78067 -4
78068 -4
78069 -4
78070 -4
78071 -4
78072 -4
78073 -4
78074 -4
78075 -4
78076 -4
78077 -4
78078 -4
78079 -4
78080 -4
78081 -4
78082 -4
78083 -4
78084 -4
78085 -4
78086 -4
78087 -4
78088 -4
78089 -4
78090 -4
78091 -4
78092 -4
78093 -4
78094 -4
78095 -4
78096 -4
78097 -4
78098 -4
78099 -4
78100 -4
78101 -4
78102 -4
78103 -4
78104 -4
78105 -4
78106 -4
78107 -4
78108 -4
78109 -4
78110 -4
78111 -4
78112 -4
78113 -4
78114 -4
78115 -4
78116 -4
78117 -4
78118 -4
78119 -4
78120 -4
78121 -4
78122 -4
78123 -4
78124 -4
78125 -4
78126 -4
78127 -4
78128 -4
78129 -4
78130 -4
78131 -4
78132 -4
78133 -4
78134 -4
78135 -4
78136 -4
78137 -4
78138 -4
78139 -4
78140 -4
78141 -4
78142 -4
78143 -4
78144 -4
78145 -4
78146 -4
78147 -4
78148 -4
78149 -4
78150 -4
78151 -4
78152 -4
78153 -4
78154 -4
78155 -4
78156 -4
78157 -4
78158 -4
78159 -4
78160 -4
78161 -4
78162 -4
78163 -4
78164 -4
78165 -4
78166 -4
78167 -4
78168 -4
78169 -4
78170 -4
78171 -4
78172 -4
78173 -4
78174 -4
78175 -4
78176 -4
78177 -4
78178 -4
78179 -4
78180 -4
78181 -4
78182 -4
78183 -4
78184 -4
78185 -4
78186 -4
78187 -4
78188 -4
78189 -4
78190 -4
78191 -4
78192 -4
78193 -4
78194 -4
78195 -4
78196 -4
78197 -4
78198 -4
78199 -4
78200 -4
78201 -4
78202 -4
78203 -4
78204 -4
78205 -4
78206 -4
78207 -4
78208 -4
78209 -4
78210 -4
78211 -4
78212 -4
78213 -4
78214 -4
78215 -4
78216 -4
78217 -4
78218 -4
78219 -4
78220 -4
78221 -4
78222 -4
78223 -4
78224 -4
78225 -4
78226 -4
78227 -4
78228 -4
78229 -4
78230 -4
78231 -4
78232 -4
78233 -4
78234 -4
78235 -4
78236 -4
78237 -4
78238 -4
78239 -4
78240 -4
78241 -4
78242 -4
78243 -4
78244 -4
78245 -4
78246 -4
78247 -4
78248 -4
78249 -4
78250 -4
78251 -4
78252 -4
78253 -4
78254 -4
78255 -4
78256 -4
78257 -4
78258 -4
78259 -4
78260 -4
78261 -4
78262 -4
78263 -4
78264 -4
78265 -4
78266 -4
78267 -4
78268 -4
78269 -4
78270 -4
78271 -4
78272 -4
78273 -4
78274 -4
78275 -4
78276 -4
78277 -4
78278 -4
78279 -4
78280 -4
78281 -4
78282 -4
78283 -4
78284 -4
78285 -4
78286 -4
78287 -4
78288 -4
78289 -4
78290 -4
78291 -4
78292 -4
78293 -4
78294 -4
78295 -4
78296 -4
78297 -4
78298 -4
78299 -4
78300 -4
78301 -4
78302 -4
78303 -4
78304 -4
78305 -4
78306 -4
78307 -4
78308 -4
78309 -4
78310 -4
78311 -4
78312 -4
78313 -4
78314 -4
78315 -4
78316 -4
78317 -4
78318 -4
78319 -4
78320 -4
78321 -4
78322 -4
78323 -4
78324 -4
78325 -4
78326 -4
78327 -4
78328 -4
78329 -4
78330 -4
78331 -4
78332 -4
78333 -4
78334 -4
78335 -4
78336 -4
78337 -4
78338 -4
78339 -4
78340 -4
78341 -4
78342 -4
78343 -4
78344 -4
78345 -4
78346 -4
78347 -4
78348 -4
78349 -4
78350 -4
78351 -4
78352 -4
78353 -4
78354 -4
78355 -4
78356 -4
78357 -4
78358 -4
78359 -4
78360 -4
78361 -4
78362 -4
78363 -4
78364 -4
78365 -4
78366 -4
78367 -4
78368 -4
78369 -4
78370 -4
78371 -4
78372 -4
78373 -4
78374 -4
78375 -4
78376 -4
78377 -4
78378 -4
78379 -4
78380 -4
78381 -4
78382 -4
78383 -4
78384 -4
78385 -4
78386 -4
78387 -4
78388 -4
78389 -4
78390 -4
78391 -4
78392 -4
78393 -4
78394 -4
78395 -4
78396 -4
78397 -4
78398 -4
78399 -4
78400 -4
78401 -4
78402 -4
78403 -4
78404 -4
78405 -4
78406 -4
78407 -4
78408 -4
78409 -4
78410 -4
78411 -4
78412 -4
78413 -4
78414 -4
78415 -4
78416 -4
78417 -4
78418 -4
78419 -4
78420 -4
78421 -4
78422 -4
78423 -4
78424 -4
78425 -4
78426 -4
78427 -4
78428 -4
78429 -4
78430 -4
78431 -4
78432 -4
78433 -4
78434 -4
78435 -4
78436 -4
78437 -4
78438 -4
78439 -4
78440 -4
78441 -4
78442 -4
78443 -4
78444 -4
78445 -4
78446 -4
78447 -4
78448 -4
78449 -4
78450 -4
78451 -4
78452 -4
78453 -4
78454 -4
78455 -4
78456 -4
78457 -4
78458 -4
78459 -4
78460 -4
78461 -4
78462 -4
78463 -4
78464 -4
78465 -4
78466 -4
78467 -4
78468 -4
78469 -4
78470 -4
78471 -4
78472 -4
78473 -4
78474 -4
78475 -4
78476 -4
78477 -4
78478 -4
78479 -4
78480 -4
78481 -4
78482 -4
78483 -4
78484 -4
78485 -4
78486 -4
78487 -4
78488 -4
78489 -4
78490 -4
78491 -4
78492 -4
78493 -4
78494 -4
78495 -4
78496 -4
78497 -4
78498 -4
78499 -4
78500 -4
78501 -4
78502 -4
78503 -4
78504 -4
78505 -4
78506 -4
78507 -4
78508 -4
78509 -4
78510 -4
78511 -4
78512 -4
78513 -4
78514 -4
78515 -4
78516 -4
78517 -4
78518 -4
78519 -4
78520 -4
78521 -4
78522 -4
78523 -4
78524 -4
78525 -4
78526 -4
78527 -4
78528 -4
78529 -4
78530 -4
78531 -4
78532 -4
78533 -4
78534 -4
78535 -4
78536 -4
78537 -4
78538 -4
78539 -4
78540 -4
78541 -4
78542 -4
78543 -4
78544 -4
78545 -4
78546 -4
78547 -4
78548 -4
78549 -4
78550 -4
78551 -4
78552 -4
78553 -4
78554 -4
78555 -4
78556 -4
78557 -4
78558 -4
78559 -4
78560 -4
78561 -4
78562 -4
78563 -4
78564 -4
78565 -4
78566 -4
78567 -4
78568 -4
78569 -4
78570 -4
78571 -4
78572 -4
78573 -4
78574 -4
78575 -4
78576 -4
78577 -4
78578 -4
78579 -4
78580 -4
78581 -4
78582 -4
78583 -4
78584 -4
78585 -4
78586 -4
78587 -4
78588 -4
78589 -4
78590 -4
78591 -4
78592 -4
78593 -4
78594 -4
78595 -4
78596 -4
78597 -4
78598 -4
78599 -4
78600 -4
78601 -4
78602 -4
78603 -4
78604 -4
78605 -4
78606 -4
78607 -4
78608 -4
78609 -4
78610 -4
78611 -4
78612 -4
78613 -4
78614 -4
78615 -4
78616 -4
78617 -4
78618 -4
78619 -4
78620 -4
78621 -4
78622 -4
78623 -4
78624 -4
78625 -4
78626 -4
78627 -4
78628 -4
78629 -4
78630 -4
78631 -4
78632 -4
78633 -4
78634 -4
78635 -4
78636 -4
78637 -4
78638 -4
78639 -4
78640 -4
78641 -4
78642 -4
78643 -4
78644 -4
78645 -4
78646 -4
78647 -4
78648 -4
78649 -4
78650 -4
78651 -4
78652 -4
78653 -4
78654 -4
78655 -4
78656 -4
78657 -4
78658 -4
78659 -4
78660 -4
78661 -4
78662 -4
78663 -4
78664 -4
78665 -4
78666 -4
78667 -4
78668 -4
78669 -4
78670 -4
78671 -4
78672 -4
78673 -4
78674 -4
78675 -4
78676 -4
78677 -4
78678 -4
78679 -4
78680 -4
78681 -4
78682 -4
78683 -4
78684 -4
78685 -4
78686 -4
78687 -4
78688 -4
78689 -4
78690 -4
78691 -4
78692 -4
78693 -4
78694 -4
78695 -4
78696 -4
78697 -4
78698 -4
78699 -4
78700 -4
78701 -4
78702 -4
78703 -4
78704 -4
78705 -4
78706 -4
78707 -4
78708 -4
78709 -4
78710 -4
78711 -4
78712 -4
78713 -4
78714 -4
78715 -4
78716 -4
78717 -4
78718 -4
78719 -4
78720 -4
78721 -4
78722 -4
78723 -4
78724 -4
78725 -4
78726 -4
78727 -4
78728 -4
78729 -4
78730 -4
78731 -4
78732 -4
78733 -4
78734 -4
78735 -4
78736 -4
78737 -4
78738 -4
78739 -4
78740 -4
78741 -4
78742 -4
78743 -4
78744 -4
78745 -4
78746 -4
78747 -4
78748 -4
78749 -4
78750 -4
78751 -4
78752 -4
78753 -4
78754 -4
78755 -4
78756 -4
78757 -4
78758 -4
78759 -4
78760 -4
78761 -4
78762 -4
78763 -4
78764 -4
78765 -4
78766 -4
78767 -4
78768 -4
78769 -4
78770 -4
78771 -4
78772 -4
78773 -4
78774 -4
78775 -4
78776 -4
78777 -4
78778 -4
78779 -4
78780 -4
78781 -4
78782 -4
78783 -4
78784 -4
78785 -4
78786 -4
78787 -4
78788 -4
78789 -4
78790 -4
78791 -4
78792 -4
78793 -4
78794 -4
78795 -4
78796 -4
78797 -4
78798 -4
78799 -4
78800 -4
78801 -4
78802 -4
78803 -4
78804 -4
78805 -4
78806 -4
78807 -4
78808 -4
78809 -4
78810 -4
78811 -4
78812 -4
78813 -4
78814 -4
78815 -4
78816 -4
78817 -4
78818 -4
78819 -4
78820 -4
78821 -4
78822 -4
78823 -4
78824 -4
78825 -4
78826 -4
78827 -4
78828 -4
78829 -4
78830 -4
78831 -4
78832 -4
78833 -4
78834 -4
78835 -4
78836 -4
78837 -4
78838 -4
78839 -4
78840 -4
78841 -4
78842 -4
78843 -4
78844 -4
78845 -4
78846 -4
78847 -4
78848 -4
78849 -4
78850 -4
78851 -4
78852 -4
78853 -4
78854 -4
78855 -4
78856 -4
78857 -4
78858 -4
78859 -4
78860 -4
78861 -4
78862 -4
78863 -4
78864 -4
78865 -4
78866 -4
78867 -4
78868 -4
78869 -4
78870 -4
78871 -4
78872 -4
78873 -4
78874 -4
78875 -4
78876 -4
78877 -4
78878 -4
78879 -4
78880 -4
78881 -4
78882 -4
78883 -4
78884 -4
78885 -4
78886 -4
78887 -4
78888 -4
78889 -4
78890 -4
78891 -4
78892 -4
78893 -4
78894 -4
78895 -4
78896 -4
78897 -4
78898 -4
78899 -4
78900 -4
78901 -4
78902 -4
78903 -4
78904 -4
78905 -4
78906 -4
78907 -4
78908 -4
78909 -4
78910 -4
78911 -4
78912 -4
78913 -4
78914 -4
78915 -4
78916 -4
78917 -4
78918 -4
78919 -4
78920 -4
78921 -4
78922 -4
78923 -4
78924 -4
78925 -4
78926 -4
78927 -4
78928 -4
78929 -4
78930 -4
78931 -4
78932 -4
78933 -4
78934 -4
78935 -4
78936 -4
78937 -4
78938 -4
78939 -4
78940 -4
78941 -4
78942 -4
78943 -4
78944 -4
78945 -4
78946 -4
78947 -4
78948 -4
78949 -4
78950 -4
78951 -4
78952 -4
78953 -4
78954 -4
78955 -4
78956 -4
78957 -4
78958 -4
78959 -4
78960 -4
78961 -4
78962 -4
78963 -4
78964 -4
78965 -4
78966 -4
78967 -4
78968 -4
78969 -4
78970 -4
78971 -4
78972 -4
78973 -4
78974 -4
78975 -4
78976 -4
78977 -4
78978 -4
78979 -4
78980 -4
78981 -4
78982 -4
78983 -4
78984 -4
78985 -4
78986 -4
78987 -4
78988 -4
78989 -4
78990 -4
78991 -4
78992 -4
78993 -4
78994 -4
78995 -4
78996 -4
78997 -4
78998 -4
78999 -4
79000 -4
79001 -4
79002 -4
79003 -4
79004 -4
79005 -4
79006 -4
79007 -4
79008 -4
79009 -4
79010 -4
79011 -4
79012 -4
79013 -4
79014 -4
79015 -4
79016 -4
79017 -4
79018 -4
79019 -4
79020 -4
79021 -4
79022 -4
79023 -4
79024 -4
79025 -4
79026 -4
79027 -4
79028 -4
79029 -4
79030 -4
79031 -4
79032 -4
79033 -4
79034 -4
79035 -4
79036 -4
79037 -4
79038 -4
79039 -4
79040 -4
79041 -4
79042 -4
79043 -4
79044 -4
79045 -4
79046 -4
79047 -4
79048 -4
79049 -4
79050 -4
79051 -4
79052 -4
79053 -4
79054 -4
79055 -4
79056 -4
79057 -4
79058 -4
79059 -4
79060 -4
79061 -4
79062 -4
79063 -4
79064 -4
79065 -4
79066 -4
79067 -4
79068 -4
79069 -4
79070 -4
79071 -4
79072 -4
79073 -4
79074 -4
79075 -4
79076 -4
79077 -4
79078 -4
79079 -4
79080 -4
79081 -4
79082 -4
79083 -4
79084 -4
79085 -4
79086 -4
79087 -4
79088 -4
79089 -4
79090 -4
79091 -4
79092 -4
79093 -4
79094 -4
79095 -4
79096 -4
79097 -4
79098 -4
79099 -4
79100 -4
79101 -4
79102 -4
79103 -4
79104 -5
79105 -5
79106 -5
79107 -5
79108 -5
79109 -5
79110 -5
79111 -5
79112 -5
79113 -5
79114 -5
79115 -5
79116 -5
79117 -5
79118 -5
79119 -5
79120 -5
79121 -5
79122 -5
79123 -5
79124 -5
79125 -5
79126 -5
79127 -5
79128 -5
79129 -5
79130 -5
79131 -5
79132 -5
79133 -5
79134 -5
79135 -5
79136 -5
79137 -5
79138 -5
79139 -5
79140 -5
79141 -5
79142 -5
79143 -5
79144 -5
79145 -5
79146 -5
79147 -5
79148 -5
79149 -5
79150 -5
79151 -5
79152 -5
79153 -5
79154 -5
79155 -5
79156 -5
79157 -5
79158 -5
79159 -5
79160 -5
79161 -5
79162 -5
79163 -5
79164 -5
79165 -5
79166 -5
79167 -5
79168 -5
79169 -5
79170 -5
79171 -5
79172 -5
79173 -5
79174 -5
79175 -5
79176 -5
79177 -5
79178 -5
79179 -5
79180 -5
79181 -5
79182 -5
79183 -5
79184 -5
79185 -5
79186 -5
79187 -5
79188 -5
79189 -5
79190 -5
79191 -5
79192 -5
79193 -5
79194 -5
79195 -5
79196 -5
79197 -5
79198 -5
79199 -5
79200 -5
79201 -5
79202 -5
79203 -5
79204 -5
79205 -5
79206 -5
79207 -5
79208 -5
79209 -5
79210 -5
79211 -5
79212 -5
79213 -5
79214 -5
79215 -5
79216 -5
79217 -5
79218 -5
79219 -5
79220 -5
79221 -5
79222 -5
79223 -5
79224 -5
79225 -5
79226 -5
79227 -5
79228 -5
79229 -5
79230 -5
79231 -5
79232 -5
79233 -5
79234 -5
79235 -5
79236 -5
79237 -5
79238 -5
79239 -5
79240 -5
79241 -5
79242 -5
79243 -5
79244 -5
79245 -5
79246 -5
79247 -5
79248 -5
79249 -5
79250 -5
79251 -5
79252 -5
79253 -5
79254 -5
79255 -5
79256 -5
79257 -5
79258 -5
79259 -5
79260 -5
79261 -5
79262 -5
79263 -5
79264 -5
79265 -5
79266 -5
79267 -5
79268 -5
79269 -5
79270 -5
79271 -5
79272 -5
79273 -5
79274 -5
79275 -5
79276 -5
79277 -5
79278 -5
79279 -5
79280 -5
79281 -5
79282 -5
79283 -5
79284 -5
79285 -5
79286 -5
79287 -5
79288 -5
79289 -5
79290 -5
79291 -5
79292 -5
79293 -5
79294 -5
79295 -5
79296 -4
79297 -4
79298 -4
79299 -4
79300 -4
79301 -4
79302 -4
79303 -4
79304 -4
79305 -4
79306 -4
79307 -4
79308 -4
79309 -4
79310 -4
79311 -4
79312 -4
79313 -4
79314 -4
79315 -4
79316 -4
79317 -4
79318 -4
79319 -4
79320 -4
79321 -4
79322 -4
79323 -4
79324 -4
79325 -4
79326 -4
79327 -4
79328 -4
79329 -4
79330 -4
79331 -4
79332 -4
79333 -4
79334 -4
79335 -4
79336 -4
79337 -4
79338 -4
79339 -4
79340 -4
79341 -4
79342 -4
79343 -4
79344 -4
79345 -4
79346 -4
79347 -4
79348 -4
79349 -4
79350 -4
79351 -4
79352 -4
79353 -4
79354 -4
79355 -4
79356 -4
79357 -4
79358 -4
79359 -4
79360 -4
79361 -4
79362 -4
79363 -4
79364 -4
79365 -4
79366 -4
79367 -4
79368 -4
79369 -4
79370 -4
79371 -4
79372 -4
79373 -4
79374 -4
79375 -4
79376 -4
79377 -4
79378 -4
79379 -4
79380 -4
79381 -4
79382 -4
79383 -4
79384 -4
79385 -4
79386 -4
79387 -4
79388 -4
79389 -4
79390 -4
79391 -4
79392 -4
79393 -4
79394 -4
79395 -4
79396 -4
79397 -4
79398 -4
79399 -4
79400 -4
79401 -4
79402 -4
79403 -4
79404 -4
79405 -4
79406 -4
79407 -4
79408 -4
79409 -4
79410 -4
79411 -4
79412 -4
79413 -4
79414 -4
79415 -4
79416 -4
79417 -4
79418 -4
79419 -4
79420 -4
79421 -4
79422 -4
79423 -4
79424 -4
79425 -4
79426 -4
79427 -4
79428 -4
79429 -4
79430 -4
79431 -4
79432 -4
79433 -4
79434 -4
79435 -4
79436 -4
79437 -4
79438 -4
79439 -4
79440 -4
79441 -4
79442 -4
79443 -4
79444 -4
79445 -4
79446 -4
79447 -4
79448 -4
79449 -4
79450 -4
79451 -4
79452 -4
79453 -4
79454 -4
79455 -4
79456 -4
79457 -4
79458 -4
79459 -4
79460 -4
79461 -4
79462 -4
79463 -4
79464 -4
79465 -4
79466 -4
79467 -4
79468 -4
79469 -4
79470 -4
79471 -4
79472 -4
79473 -4
79474 -4
79475 -4
79476 -4
79477 -4
79478 -4
79479 -4
79480 -4
79481 -4
79482 -4
79483 -4
79484 -4
79485 -4
79486 -4
79487 -4
79488 -3
79489 -3
79490 -3
79491 -3
79492 -3
79493 -3
79494 -3
79495 -3
79496 -3
79497 -3
79498 -3
79499 -3
79500 -3
79501 -3
79502 -3
79503 -3
79504 -3
79505 -3
79506 -3
79507 -3
79508 -3
79509 -3
79510 -3
79511 -3
79512 -3
79513 -3
79514 -3
79515 -3
79516 -3
79517 -3
79518 -3
79519 -3
79520 -3
79521 -3
79522 -3
79523 -3
79524 -3
79525 -3
79526 -3
79527 -3
79528 -3
79529 -3
79530 -3
79531 -3
79532 -3
79533 -3
79534 -3
79535 -3
79536 -3
79537 -3
79538 -3
79539 -3
79540 -3
79541 -3
79542 -3
79543 -3
79544 -3
79545 -3
79546 -3
79547 -3
79548 -3
79549 -3
79550 -3
79551 -3
79552 -3
79553 -3
79554 -3
79555 -3
79556 -3
79557 -3
79558 -3
79559 -3
79560 -3
79561 -3
79562 -3
79563 -3
79564 -3
79565 -3
79566 -3
79567 -3
79568 -3
79569 -3
79570 -3
79571 -3
79572 -3
79573 -3
79574 -3
79575 -3
79576 -3
79577 -3
79578 -3
79579 -3
79580 -3
79581 -3
79582 -3
79583 -3
79584 -3
79585 -3
79586 -3
79587 -3
79588 -3
79589 -3
79590 -3
79591 -3
79592 -3
79593 -3
79594 -3
79595 -3
79596 -3
79597 -3
79598 -3
79599 -3
79600 -3
79601 -3
79602 -3
79603 -3
79604 -3
79605 -3
79606 -3
79607 -3
79608 -3
79609 -3
79610 -3
79611 -3
79612 -3
79613 -3
79614 -3
79615 -3
79616 -3
79617 -3
79618 -3
79619 -3
79620 -3
79621 -3
79622 -3
79623 -3
79624 -3
79625 -3
79626 -3
79627 -3
79628 -3
79629 -3
79630 -3
79631 -3
79632 -3
79633 -3
79634 -3
79635 -3
79636 -3
79637 -3
79638 -3
79639 -3
79640 -3
79641 -3
79642 -3
79643 -3
79644 -3
79645 -3
79646 -3
79647 -3
79648 -3
79649 -3
79650 -3
79651 -3
79652 -3
79653 -3
79654 -3
79655 -3
79656 -3
79657 -3
79658 -3
79659 -3
79660 -3
79661 -3
79662 -3
79663 -3
79664 -3
79665 -3
79666 -3
79667 -3
79668 -3
79669 -3
79670 -3
79671 -3
79672 -3
79673 -3
79674 -3
79675 -3
79676 -3
79677 -3
79678 -3
79679 -3
79680 -3
79681 -3
79682 -3
79683 -3
79684 -3
79685 -3
79686 -3
79687 -3
79688 -3
79689 -3
79690 -3
79691 -3
79692 -3
79693 -3
79694 -3
79695 -3
79696 -3
79697 -3
79698 -3
79699 -3
79700 -3
79701 -3
79702 -3
79703 -3
79704 -3
79705 -3
79706 -3
79707 -3
79708 -3
79709 -3
79710 -3
79711 -3
79712 -3
79713 -3
79714 -3
79715 -3
79716 -3
79717 -3
79718 -3
79719 -3
79720 -3
79721 -3
79722 -3
79723 -3
79724 -3
79725 -3
79726 -3
79727 -3
79728 -3
79729 -3
79730 -3
79731 -3
79732 -3
79733 -3
79734 -3
79735 -3
79736 -3
79737 -3
79738 -3
79739 -3
79740 -3
79741 -3
79742 -3
79743 -3
79744 -3
79745 -3
79746 -3
79747 -3
79748 -3
79749 -3
79750 -3
79751 -3
79752 -3
79753 -3
79754 -3
79755 -3
79756 -3
79757 -3
79758 -3
79759 -3
79760 -3
79761 -3
79762 -3
79763 -3
79764 -3
79765 -3
79766 -3
79767 -3
79768 -3
79769 -3
79770 -3
79771 -3
79772 -3
79773 -3
79774 -3
79775 -3
79776 -3
79777 -3
79778 -3
79779 -3
79780 -3
79781 -3
79782 -3
79783 -3
79784 -3
79785 -3
79786 -3
79787 -3
79788 -3
79789 -3
79790 -3
79791 -3
79792 -3
79793 -3
79794 -3
79795 -3
79796 -3
79797 -3
79798 -3
79799 -3
79800 -3
79801 -3
79802 -3
79803 -3
79804 -3
79805 -3
79806 -3
79807 -3
79808 -3
79809 -3
79810 -3
79811 -3
79812 -3
79813 -3
79814 -3
79815 -3
79816 -3
79817 -3
79818 -3
79819 -3
79820 -3
79821 -3
79822 -3
79823 -3
79824 -3
79825 -3
79826 -3
79827 -3
79828 -3
79829 -3
79830 -3
79831 -3
79832 -3
79833 -3
79834 -3
79835 -3
79836 -3
79837 -3
79838 -3
79839 -3
79840 -3
79841 -3
79842 -3
79843 -3
79844 -3
79845 -3
79846 -3
79847 -3
79848 -3
79849 -3
79850 -3
79851 -3
79852 -3
79853 -3
79854 -3
79855 -3
79856 -3
79857 -3
79858 -3
79859 -3
79860 -3
79861 -3
79862 -3
79863 -3
79864 -3
79865 -3
79866 -3
79867 -3
79868 -3
79869 -3
79870 -3
79871 -3
79872 -2
79873 -2
79874 -2
79875 -2
79876 -2
79877 -2
79878 -2
79879 -2
79880 -2
79881 -2
79882 -2
79883 -2
79884 -2
79885 -2
79886 -2
79887 -2
79888 -2
79889 -2
79890 -2
79891 -2
79892 -2
79893 -2
79894 -2
79895 -2
79896 -2
79897 -2
79898 -2
79899 -2
79900 -2
79901 -2
79902 -2
79903 -2
79904 -2
79905 -2
79906 -2
79907 -2
79908 -2
79909 -2
79910 -2
79911 -2
79912 -2
79913 -2
79914 -2
79915 -2
79916 -2
79917 -2
79918 -2
79919 -2
79920 -2
79921 -2
79922 -2
79923 -2
79924 -2
79925 -2
79926 -2
79927 -2
79928 -2
79929 -2
79930 -2
79931 -2
79932 -2
79933 -2
79934 -2
79935 -2
79936 -2
79937 -2
79938 -2
79939 -2
79940 -2
79941 -2
79942 -2
79943 -2
79944 -2
79945 -2
79946 -2
79947 -2
79948 -2
79949 -2
79950 -2
79951 -2
79952 -2
79953 -2
79954 -2
79955 -2
79956 -2
79957 -2
79958 -2
79959 -2
79960 -2
79961 -2
79962 -2
79963 -2
79964 -2
79965 -2
79966 -2
79967 -2
79968 -2
79969 -2
79970 -2
79971 -2
79972 -2
79973 -2
79974 -2
79975 -2
79976 -2
79977 -2
79978 -2
79979 -2
79980 -2
79981 -2
79982 -2
79983 -2
79984 -2
79985 -2
79986 -2
79987 -2
79988 -2
79989 -2
79990 -2
79991 -2
79992 -2
79993 -2
79994 -2
79995 -2
79996 -2
79997 -2
79998 -2
79999 -2
80000 -2
80001 -2
80002 -2
80003 -2
80004 -2
80005 -2
80006 -2
80007 -2
80008 -2
80009 -2
80010 -2
80011 -2
80012 -2
80013 -2
80014 -2
80015 -2
80016 -2
80017 -2
80018 -2
80019 -2
80020 -2
80021 -2
80022 -2
80023 -2
80024 -2
80025 -2
80026 -2
80027 -2
80028 -2
80029 -2
80030 -2
80031 -2
80032 -2
80033 -2
80034 -2
80035 -2
80036 -2
80037 -2
80038 -2
80039 -2
80040 -2
80041 -2
80042 -2
80043 -2
80044 -2
80045 -2
80046 -2
80047 -2
80048 -2
80049 -2
80050 -2
80051 -2
80052 -2
80053 -2
80054 -2
80055 -2
80056 -2
80057 -2
80058 -2
80059 -2
80060 -2
80061 -2
80062 -2
80063 -2
80064 -2
80065 -2
80066 -2
80067 -2
80068 -2
80069 -2
80070 -2
80071 -2
80072 -2
80073 -2
80074 -2
80075 -2
80076 -2
80077 -2
80078 -2
80079 -2
80080 -2
80081 -2
80082 -2
80083 -2
80084 -2
80085 -2
80086 -2
80087 -2
80088 -2
80089 -2
80090 -2
80091 -2
80092 -2
80093 -2
80094 -2
80095 -2
80096 -2
80097 -2
80098 -2
80099 -2
80100 -2
80101 -2
80102 -2
80103 -2
80104 -2
80105 -2
80106 -2
80107 -2
80108 -2
80109 -2
80110 -2
80111 -2
80112 -2
80113 -2
80114 -2
80115 -2
80116 -2
80117 -2
80118 -2
80119 -2
80120 -2
80121 -2
80122 -2
80123 -2
80124 -2
80125 -2
80126 -2
80127 -2
80128 -2
80129 -2
80130 -2
80131 -2
80132 -2
80133 -2
80134 -2
80135 -2
80136 -2
80137 -2
80138 -2
80139 -2
80140 -2
80141 -2
80142 -2
80143 -2
80144 -2
80145 -2
80146 -2
80147 -2
80148 -2
80149 -2
80150 -2
80151 -2
80152 -2
80153 -2
80154 -2
80155 -2
80156 -2
80157 -2
80158 -2
80159 -2
80160 -2
80161 -2
80162 -2
80163 -2
80164 -2
80165 -2
80166 -2
80167 -2
80168 -2
80169 -2
80170 -2
80171 -2
80172 -2
80173 -2
80174 -2
80175 -2
80176 -2
80177 -2
80178 -2
80179 -2
80180 -2
80181 -2
80182 -2
80183 -2
80184 -2
80185 -2
80186 -2
80187 -2
80188 -2
80189 -2
80190 -2
80191 -2
80192 -2
80193 -2
80194 -2
80195 -2
80196 -2
80197 -2
80198 -2
80199 -2
80200 -2
80201 -2
80202 -2
80203 -2
80204 -2
80205 -2
80206 -2
80207 -2
80208 -2
80209 -2
80210 -2
80211 -2
80212 -2
80213 -2
80214 -2
80215 -2
80216 -2
80217 -2
80218 -2
80219 -2
80220 -2
80221 -2
80222 -2
80223 -2
80224 -2
80225 -2
80226 -2
80227 -2
80228 -2
80229 -2
80230 -2
80231 -2
80232 -2
80233 -2
80234 -2
80235 -2
80236 -2
80237 -2
80238 -2
80239 -2
80240 -2
80241 -2
80242 -2
80243 -2
80244 -2
80245 -2
80246 -2
80247 -2
80248 -2
80249 -2
80250 -2
80251 -2
80252 -2
80253 -2
80254 -2
80255 -2
80256 -2
80257 -2
80258 -2
80259 -2
80260 -2
80261 -2
80262 -2
80263 -2
80264 -2
80265 -2
80266 -2
80267 -2
80268 -2
80269 -2
80270 -2
80271 -2
80272 -2
80273 -2
80274 -2
80275 -2
80276 -2
80277 -2
80278 -2
80279 -2
80280 -2
80281 -2
80282 -2
80283 -2
80284 -2
80285 -2
80286 -2
80287 -2
80288 -2
80289 -2
80290 -2
80291 -2
80292 -2
80293 -2
80294 -2
80295 -2
80296 -2
80297 -2
80298 -2
80299 -2
80300 -2
80301 -2
80302 -2
80303 -2
80304 -2
80305 -2
80306 -2
80307 -2
80308 -2
80309 -2
80310 -2
80311 -2
80312 -2
80313 -2
80314 -2
80315 -2
80316 -2
80317 -2
80318 -2
80319 -2
80320 -2
80321 -2
80322 -2
80323 -2
80324 -2
80325 -2
80326 -2
80327 -2
80328 -2
80329 -2
80330 -2
80331 -2
80332 -2
80333 -2
80334 -2
80335 -2
80336 -2
80337 -2
80338 -2
80339 -2
80340 -2
80341 -2
80342 -2
80343 -2
80344 -2
80345 -2
80346 -2
80347 -2
80348 -2
80349 -2
80350 -2
80351 -2
80352 -2
80353 -2
80354 -2
80355 -2
80356 -2
80357 -2
80358 -2
80359 -2
80360 -2
80361 -2
80362 -2
80363 -2
80364 -2
80365 -2
80366 -2
80367 -2
80368 -2
80369 -2
80370 -2
80371 -2
80372 -2
80373 -2
80374 -2
80375 -2
80376 -2
80377 -2
80378 -2
80379 -2
80380 -2
80381 -2
80382 -2
80383 -2
80384 -2
80385 -2
80386 -2
80387 -2
80388 -2
80389 -2
80390 -2
80391 -2
80392 -2
80393 -2
80394 -2
80395 -2
80396 -2
80397 -2
80398 -2
80399 -2
80400 -2
80401 -2
80402 -2
80403 -2
80404 -2
80405 -2
80406 -2
80407 -2
80408 -2
80409 -2
80410 -2
80411 -2
80412 -2
80413 -2
80414 -2
80415 -2
80416 -2
80417 -2
80418 -2
80419 -2
80420 -2
80421 -2
80422 -2
80423 -2
80424 -2
80425 -2
80426 -2
80427 -2
80428 -2
80429 -2
80430 -2
80431 -2
80432 -2
80433 -2
80434 -2
80435 -2
80436 -2
80437 -2
80438 -2
80439 -2
80440 -2
80441 -2
80442 -2
80443 -2
80444 -2
80445 -2
80446 -2
80447 -2
80448 -2
80449 -2
80450 -2
80451 -2
80452 -2
80453 -2
80454 -2
80455 -2
80456 -2
80457 -2
80458 -2
80459 -2
80460 -2
80461 -2
80462 -2
80463 -2
80464 -2
80465 -2
80466 -2
80467 -2
80468 -2
80469 -2
80470 -2
80471 -2
80472 -2
80473 -2
80474 -2
80475 -2
80476 -2
80477 -2
80478 -2
80479 -2
80480 -2
80481 -2
80482 -2
80483 -2
80484 -2
80485 -2
80486 -2
80487 -2
80488 -2
80489 -2
80490 -2
80491 -2
80492 -2
80493 -2
80494 -2
80495 -2
80496 -2
80497 -2
80498 -2
80499 -2
80500 -2
80501 -2
80502 -2
80503 -2
80504 -2
80505 -2
80506 -2
80507 -2
80508 -2
80509 -2
80510 -2
80511 -2
80512 -2
80513 -2
80514 -2
80515 -2
80516 -2
80517 -2
80518 -2
80519 -2
80520 -2
80521 -2
80522 -2
80523 -2
80524 -2
80525 -2
80526 -2
80527 -2
80528 -2
80529 -2
80530 -2
80531 -2
80532 -2
80533 -2
80534 -2
80535 -2
80536 -2
80537 -2
80538 -2
80539 -2
80540 -2
80541 -2
80542 -2
80543 -2
80544 -2
80545 -2
80546 -2
80547 -2
80548 -2
80549 -2
80550 -2
80551 -2
80552 -2
80553 -2
80554 -2
80555 -2
80556 -2
80557 -2
80558 -2
80559 -2
80560 -2
80561 -2
80562 -2
80563 -2
80564 -2
80565 -2
80566 -2
80567 -2
80568 -2
80569 -2
80570 -2
80571 -2
80572 -2
80573 -2
80574 -2
80575 -2
80576 -2
80577 -2
80578 -2
80579 -2
80580 -2
80581 -2
80582 -2
80583 -2
80584 -2
80585 -2
80586 -2
80587 -2
80588 -2
80589 -2
80590 -2
80591 -2
80592 -2
80593 -2
80594 -2
80595 -2
80596 -2
80597 -2
80598 -2
80599 -2
80600 -2
80601 -2
80602 -2
80603 -2
80604 -2
80605 -2
80606 -2
80607 -2
80608 -2
80609 -2
80610 -2
80611 -2
80612 -2
80613 -2
80614 -2
80615 -2
80616 -2
80617 -2
80618 -2
80619 -2
80620 -2
80621 -2
80622 -2
80623 -2
80624 -2
80625 -2
80626 -2
80627 -2
80628 -2
80629 -2
80630 -2
80631 -2
80632 -2
80633 -2
80634 -2
80635 -2
80636 -2
80637 -2
80638 -2
80639 -2
80640 -3
80641 -3
80642 -3
80643 -3
80644 -3
80645 -3
80646 -3
80647 -3
80648 -3
80649 -3
80650 -3
80651 -3
80652 -3
80653 -3
80654 -3
80655 -3
80656 -3
80657 -3
80658 -3
80659 -3
80660 -3
80661 -3
80662 -3
80663 -3
80664 -3
80665 -3
80666 -3
80667 -3
80668 -3
80669 -3
80670 -3
80671 -3
80672 -3
80673 -3
80674 -3
80675 -3
80676 -3
80677 -3
80678 -3
80679 -3
80680 -3
80681 -3
80682 -3
80683 -3
80684 -3
80685 -3
80686 -3
80687 -3
80688 -3
80689 -3
80690 -3
80691 -3
80692 -3
80693 -3
80694 -3
80695 -3
80696 -3
80697 -3
80698 -3
80699 -3
80700 -3
80701 -3
80702 -3
80703 -3
80704 -3
80705 -3
80706 -3
80707 -3
80708 -3
80709 -3
80710 -3
80711 -3
80712 -3
80713 -3
80714 -3
80715 -3
80716 -3
80717 -3
80718 -3
80719 -3
80720 -3
80721 -3
80722 -3
80723 -3
80724 -3
80725 -3
80726 -3
80727 -3
80728 -3
80729 -3
80730 -3
80731 -3
80732 -3
80733 -3
80734 -3
80735 -3
80736 -3
80737 -3
80738 -3
80739 -3
80740 -3
80741 -3
80742 -3
80743 -3
80744 -3
80745 -3
80746 -3
80747 -3
80748 -3
80749 -3
80750 -3
80751 -3
80752 -3
80753 -3
80754 -3
80755 -3
80756 -3
80757 -3
80758 -3
80759 -3
80760 -3
80761 -3
80762 -3
80763 -3
80764 -3
80765 -3
80766 -3
80767 -3
80768 -3
80769 -3
80770 -3
80771 -3
80772 -3
80773 -3
80774 -3
80775 -3
80776 -3
80777 -3
80778 -3
80779 -3
80780 -3
80781 -3
80782 -3
80783 -3
80784 -3
80785 -3
80786 -3
80787 -3
80788 -3
80789 -3
80790 -3
80791 -3
80792 -3
80793 -3
80794 -3
80795 -3
80796 -3
80797 -3
80798 -3
80799 -3
80800 -3
80801 -3
80802 -3
80803 -3
80804 -3
80805 -3
80806 -3
80807 -3
80808 -3
80809 -3
80810 -3
80811 -3
80812 -3
80813 -3
80814 -3
80815 -3
80816 -3
80817 -3
80818 -3
80819 -3
80820 -3
80821 -3
80822 -3
80823 -3
80824 -3
80825 -3
80826 -3
80827 -3
80828 -3
80829 -3
80830 -3
80831 -3
80832 -2
80833 -2
80834 -2
80835 -2
80836 -2
80837 -2
80838 -2
80839 -2
80840 -2
80841 -2
80842 -2
80843 -2
80844 -2
80845 -2
80846 -2
80847 -2
80848 -2
80849 -2
80850 -2
80851 -2
80852 -2
80853 -2
80854 -2
80855 -2
80856 -2
80857 -2
80858 -2
80859 -2
80860 -2
80861 -2
80862 -2
80863 -2
80864 -2
80865 -2
80866 -2
80867 -2
80868 -2
80869 -2
80870 -2
80871 -2
80872 -2
80873 -2
80874 -2
80875 -2
80876 -2
80877 -2
80878 -2
80879 -2
80880 -2
80881 -2
80882 -2
80883 -2
80884 -2
80885 -2
80886 -2
80887 -2
80888 -2
80889 -2
80890 -2
80891 -2
80892 -2
80893 -2
80894 -2
80895 -2
80896 -2
80897 -2
80898 -2
80899 -2
80900 -2
80901 -2
80902 -2
80903 -2
80904 -2
80905 -2
80906 -2
80907 -2
80908 -2
80909 -2
80910 -2
80911 -2
80912 -2
80913 -2
80914 -2
80915 -2
80916 -2
80917 -2
80918 -2
80919 -2
80920 -2
80921 -2
80922 -2
80923 -2
80924 -2
80925 -2
80926 -2
80927 -2
80928 -2
80929 -2
80930 -2
80931 -2
80932 -2
80933 -2
80934 -2
80935 -2
80936 -2
80937 -2
80938 -2
80939 -2
80940 -2
80941 -2
80942 -2
80943 -2
80944 -2
80945 -2
80946 -2
80947 -2
80948 -2
80949 -2
80950 -2
80951 -2
80952 -2
80953 -2
80954 -2
80955 -2
80956 -2
80957 -2
80958 -2
80959 -2
80960 -2
80961 -2
80962 -2
80963 -2
80964 -2
80965 -2
80966 -2
80967 -2
80968 -2
80969 -2
80970 -2
80971 -2
80972 -2
80973 -2
80974 -2
80975 -2
80976 -2
80977 -2
80978 -2
80979 -2
80980 -2
80981 -2
80982 -2
80983 -2
80984 -2
80985 -2
80986 -2
80987 -2
80988 -2
80989 -2
80990 -2
80991 -2
80992 -2
80993 -2
80994 -2
80995 -2
80996 -2
80997 -2
80998 -2
80999 -2
81000 -2
81001 -2
81002 -2
81003 -2
81004 -2
81005 -2
81006 -2
81007 -2
81008 -2
81009 -2
81010 -2
81011 -2
81012 -2
81013 -2
81014 -2
81015 -2
81016 -2
81017 -2
81018 -2
81019 -2
81020 -2
81021 -2
81022 -2
81023 -2
81024 -3
81025 -3
81026 -3
81027 -3
81028 -3
81029 -3
81030 -3
81031 -3
81032 -3
81033 -3
81034 -3
81035 -3
81036 -3
81037 -3
81038 -3
81039 -3
81040 -3
81041 -3
81042 -3
81043 -3
81044 -3
81045 -3
81046 -3
81047 -3
81048 -3
81049 -3
81050 -3
81051 -3
81052 -3
81053 -3
81054 -3
81055 -3
81056 -3
81057 -3
81058 -3
81059 -3
81060 -3
81061 -3
81062 -3
81063 -3
81064 -3
81065 -3
81066 -3
81067 -3
81068 -3
81069 -3
81070 -3
81071 -3
81072 -3
81073 -3
81074 -3
81075 -3
81076 -3
81077 -3
81078 -3
81079 -3
81080 -3
81081 -3
81082 -3
81083 -3
81084 -3
81085 -3
81086 -3
81087 -3
81088 -3
81089 -3
81090 -3
81091 -3
81092 -3
81093 -3
81094 -3
81095 -3
81096 -3
81097 -3
81098 -3
81099 -3
81100 -3
81101 -3
81102 -3
81103 -3
81104 -3
81105 -3
81106 -3
81107 -3
81108 -3
81109 -3
81110 -3
81111 -3
81112 -3
81113 -3
81114 -3
81115 -3
81116 -3
81117 -3
81118 -3
81119 -3
81120 -3
81121 -3
81122 -3
81123 -3
81124 -3
81125 -3
81126 -3
81127 -3
81128 -3
81129 -3
81130 -3
81131 -3
81132 -3
81133 -3
81134 -3
81135 -3
81136 -3
81137 -3
81138 -3
81139 -3
81140 -3
81141 -3
81142 -3
81143 -3
81144 -3
81145 -3
81146 -3
81147 -3
81148 -3
81149 -3
81150 -3
81151 -3
81152 -3
81153 -3
81154 -3
81155 -3
81156 -3
81157 -3
81158 -3
81159 -3
81160 -3
81161 -3
81162 -3
81163 -3
81164 -3
81165 -3
81166 -3
81167 -3
81168 -3
81169 -3
81170 -3
81171 -3
81172 -3
81173 -3
81174 -3
81175 -3
81176 -3
81177 -3
81178 -3
81179 -3
81180 -3
81181 -3
81182 -3
81183 -3
81184 -3
81185 -3
81186 -3
81187 -3
81188 -3
81189 -3
81190 -3
81191 -3
81192 -3
81193 -3
81194 -3
81195 -3
81196 -3
81197 -3
81198 -3
81199 -3
81200 -3
81201 -3
81202 -3
81203 -3
81204 -3
81205 -3
81206 -3
81207 -3
81208 -3
81209 -3
81210 -3
81211 -3
81212 -3
81213 -3
81214 -3
81215 -3
81216 -3
81217 -3
81218 -3
81219 -3
81220 -3
81221 -3
81222 -3
81223 -3
81224 -3
81225 -3
81226 -3
81227 -3
81228 -3
81229 -3
81230 -3
81231 -3
81232 -3
81233 -3
81234 -3
81235 -3
81236 -3
81237 -3
81238 -3
81239 -3
81240 -3
81241 -3
81242 -3
81243 -3
81244 -3
81245 -3
81246 -3
81247 -3
81248 -3
81249 -3
81250 -3
81251 -3
81252 -3
81253 -3
81254 -3
81255 -3
81256 -3
81257 -3
81258 -3
81259 -3
81260 -3
81261 -3
81262 -3
81263 -3
81264 -3
81265 -3
81266 -3
81267 -3
81268 -3
81269 -3
81270 -3
81271 -3
81272 -3
81273 -3
81274 -3
81275 -3
81276 -3
81277 -3
81278 -3
81279 -3
81280 -3
81281 -3
81282 -3
81283 -3
81284 -3
81285 -3
81286 -3
81287 -3
81288 -3
81289 -3
81290 -3
81291 -3
81292 -3
81293 -3
81294 -3
81295 -3
81296 -3
81297 -3
81298 -3
81299 -3
81300 -3
81301 -3
81302 -3
81303 -3
81304 -3
81305 -3
81306 -3
81307 -3
81308 -3
81309 -3
81310 -3
81311 -3
81312 -3
81313 -3
81314 -3
81315 -3
81316 -3
81317 -3
81318 -3
81319 -3
81320 -3
81321 -3
81322 -3
81323 -3
81324 -3
81325 -3
81326 -3
81327 -3
81328 -3
81329 -3
81330 -3
81331 -3
81332 -3
81333 -3
81334 -3
81335 -3
81336 -3
81337 -3
81338 -3
81339 -3
81340 -3
81341 -3
81342 -3
81343 -3
81344 -3
81345 -3
81346 -3
81347 -3
81348 -3
81349 -3
81350 -3
81351 -3
81352 -3
81353 -3
81354 -3
81355 -3
81356 -3
81357 -3
81358 -3
81359 -3
81360 -3
81361 -3
81362 -3
81363 -3
81364 -3
81365 -3
81366 -3
81367 -3
81368 -3
81369 -3
81370 -3
81371 -3
81372 -3
81373 -3
81374 -3
81375 -3
81376 -3
81377 -3
81378 -3
81379 -3
81380 -3
81381 -3
81382 -3
81383 -3
81384 -3
81385 -3
81386 -3
81387 -3
81388 -3
81389 -3
81390 -3
81391 -3
81392 -3
81393 -3
81394 -3
81395 -3
81396 -3
81397 -3
81398 -3
81399 -3
81400 -3
81401 -3
81402 -3
81403 -3
81404 -3
81405 -3
81406 -3
81407 -3
81408 -3
81409 -3
81410 -3
81411 -3
81412 -3
81413 -3
81414 -3
81415 -3
81416 -3
81417 -3
81418 -3
81419 -3
81420 -3
81421 -3
81422 -3
81423 -3
81424 -3
81425 -3
81426 -3
81427 -3
81428 -3
81429 -3
81430 -3
81431 -3
81432 -3
81433 -3
81434 -3
81435 -3
81436 -3
81437 -3
81438 -3
81439 -3
81440 -3
81441 -3
81442 -3
81443 -3
81444 -3
81445 -3
81446 -3
81447 -3
81448 -3
81449 -3
81450 -3
81451 -3
81452 -3
81453 -3
81454 -3
81455 -3
81456 -3
81457 -3
81458 -3
81459 -3
81460 -3
81461 -3
81462 -3
81463 -3
81464 -3
81465 -3
81466 -3
81467 -3
81468 -3
81469 -3
81470 -3
81471 -3
81472 -3
81473 -3
81474 -3
81475 -3
81476 -3
81477 -3
81478 -3
81479 -3
81480 -3
81481 -3
81482 -3
81483 -3
81484 -3
81485 -3
81486 -3
81487 -3
81488 -3
81489 -3
81490 -3
81491 -3
81492 -3
81493 -3
81494 -3
81495 -3
81496 -3
81497 -3
81498 -3
81499 -3
81500 -3
81501 -3
81502 -3
81503 -3
81504 -3
81505 -3
81506 -3
81507 -3
81508 -3
81509 -3
81510 -3
81511 -3
81512 -3
81513 -3
81514 -3
81515 -3
81516 -3
81517 -3
81518 -3
81519 -3
81520 -3
81521 -3
81522 -3
81523 -3
81524 -3
81525 -3
81526 -3
81527 -3
81528 -3
81529 -3
81530 -3
81531 -3
81532 -3
81533 -3
81534 -3
81535 -3
81536 -3
81537 -3
81538 -3
81539 -3
81540 -3
81541 -3
81542 -3
81543 -3
81544 -3
81545 -3
81546 -3
81547 -3
81548 -3
81549 -3
81550 -3
81551 -3
81552 -3
81553 -3
81554 -3
81555 -3
81556 -3
81557 -3
81558 -3
81559 -3
81560 -3
81561 -3
81562 -3
81563 -3
81564 -3
81565 -3
81566 -3
81567 -3
81568 -3
81569 -3
81570 -3
81571 -3
81572 -3
81573 -3
81574 -3
81575 -3
81576 -3
81577 -3
81578 -3
81579 -3
81580 -3
81581 -3
81582 -3
81583 -3
81584 -3
81585 -3
81586 -3
81587 -3
81588 -3
81589 -3
81590 -3
81591 -3
81592 -3
81593 -3
81594 -3
81595 -3
81596 -3
81597 -3
81598 -3
81599 -3
81600 -3
81601 -3
81602 -3
81603 -3
81604 -3
81605 -3
81606 -3
81607 -3
81608 -3
81609 -3
81610 -3
81611 -3
81612 -3
81613 -3
81614 -3
81615 -3
81616 -3
81617 -3
81618 -3
81619 -3
81620 -3
81621 -3
81622 -3
81623 -3
81624 -3
81625 -3
81626 -3
81627 -3
81628 -3
81629 -3
81630 -3
81631 -3
81632 -3
81633 -3
81634 -3
81635 -3
81636 -3
81637 -3
81638 -3
81639 -3
81640 -3
81641 -3
81642 -3
81643 -3
81644 -3
81645 -3
81646 -3
81647 -3
81648 -3
81649 -3
81650 -3
81651 -3
81652 -3
81653 -3
81654 -3
81655 -3
81656 -3
81657 -3
81658 -3
81659 -3
81660 -3
81661 -3
81662 -3
81663 -3
81664 -3
81665 -3
81666 -3
81667 -3
81668 -3
81669 -3
81670 -3
81671 -3
81672 -3
81673 -3
81674 -3
81675 -3
81676 -3
81677 -3
81678 -3
81679 -3
81680 -3
81681 -3
81682 -3
81683 -3
81684 -3
81685 -3
81686 -3
81687 -3
81688 -3
81689 -3
81690 -3
81691 -3
81692 -3
81693 -3
81694 -3
81695 -3
81696 -3
81697 -3
81698 -3
81699 -3
81700 -3
81701 -3
81702 -3
81703 -3
81704 -3
81705 -3
81706 -3
81707 -3
81708 -3
81709 -3
81710 -3
81711 -3
81712 -3
81713 -3
81714 -3
81715 -3
81716 -3
81717 -3
81718 -3
81719 -3
81720 -3
81721 -3
81722 -3
81723 -3
81724 -3
81725 -3
81726 -3
81727 -3
81728 -3
81729 -3
81730 -3
81731 -3
81732 -3
81733 -3
81734 -3
81735 -3
81736 -3
81737 -3
81738 -3
81739 -3
81740 -3
81741 -3
81742 -3
81743 -3
81744 -3
81745 -3
81746 -3
81747 -3
81748 -3
81749 -3
81750 -3
81751 -3
81752 -3
81753 -3
81754 -3
81755 -3
81756 -3
81757 -3
81758 -3
81759 -3
81760 -3
81761 -3
81762 -3
81763 -3
81764 -3
81765 -3
81766 -3
81767 -3
81768 -3
81769 -3
81770 -3
81771 -3
81772 -3
81773 -3
81774 -3
81775 -3
81776 -3
81777 -3
81778 -3
81779 -3
81780 -3
81781 -3
81782 -3
81783 -3
81784 -3
81785 -3
81786 -3
81787 -3
81788 -3
81789 -3
81790 -3
81791 -3
81792 -3
81793 -3
81794 -3
81795 -3
81796 -3
81797 -3
81798 -3
81799 -3
81800 -3
81801 -3
81802 -3
81803 -3
81804 -3
81805 -3
81806 -3
81807 -3
81808 -3
81809 -3
81810 -3
81811 -3
81812 -3
81813 -3
81814 -3
81815 -3
81816 -3
81817 -3
81818 -3
81819 -3
81820 -3
81821 -3
81822 -3
81823 -3
81824 -3
81825 -3
81826 -3
81827 -3
81828 -3
81829 -3
81830 -3
81831 -3
81832 -3
81833 -3
81834 -3
81835 -3
81836 -3
81837 -3
81838 -3
81839 -3
81840 -3
81841 -3
81842 -3
81843 -3
81844 -3
81845 -3
81846 -3
81847 -3
81848 -3
81849 -3
81850 -3
81851 -3
81852 -3
81853 -3
81854 -3
81855 -3
81856 -3
81857 -3
81858 -3
81859 -3
81860 -3
81861 -3
81862 -3
81863 -3
81864 -3
81865 -3
81866 -3
81867 -3
81868 -3
81869 -3
81870 -3
81871 -3
81872 -3
81873 -3
81874 -3
81875 -3
81876 -3
81877 -3
81878 -3
81879 -3
81880 -3
81881 -3
81882 -3
81883 -3
81884 -3
81885 -3
81886 -3
81887 -3
81888 -3
81889 -3
81890 -3
81891 -3
81892 -3
81893 -3
81894 -3
81895 -3
81896 -3
81897 -3
81898 -3
81899 -3
81900 -3
81901 -3
81902 -3
81903 -3
81904 -3
81905 -3
81906 -3
81907 -3
81908 -3
81909 -3
81910 -3
81911 -3
81912 -3
81913 -3
81914 -3
81915 -3
81916 -3
81917 -3
81918 -3
81919 -3
81920 -3
81921 -3
81922 -3
81923 -3
81924 -3
81925 -3
81926 -3
81927 -3
81928 -3
81929 -3
81930 -3
81931 -3
81932 -3
81933 -3
81934 -3
81935 -3
81936 -3
81937 -3
81938 -3
81939 -3
81940 -3
81941 -3
81942 -3
81943 -3
81944 -3
81945 -3
81946 -3
81947 -3
81948 -3
81949 -3
81950 -3
81951 -3
81952 -3
81953 -3
81954 -3
81955 -3
81956 -3
81957 -3
81958 -3
81959 -3
81960 -3
81961 -3
81962 -3
81963 -3
81964 -3
81965 -3
81966 -3
81967 -3
81968 -3
81969 -3
81970 -3
81971 -3
81972 -3
81973 -3
81974 -3
81975 -3
81976 -3
81977 -3
81978 -3
81979 -3
81980 -3
81981 -3
81982 -3
81983 -3
81984 -3
81985 -3
81986 -3
81987 -3
81988 -3
81989 -3
81990 -3
81991 -3
81992 -3
81993 -3
81994 -3
81995 -3
81996 -3
81997 -3
81998 -3
81999 -3
82000 -3
82001 -3
82002 -3
82003 -3
82004 -3
82005 -3
82006 -3
82007 -3
82008 -3
82009 -3
82010 -3
82011 -3
82012 -3
82013 -3
82014 -3
82015 -3
82016 -3
82017 -3
82018 -3
82019 -3
82020 -3
82021 -3
82022 -3
82023 -3
82024 -3
82025 -3
82026 -3
82027 -3
82028 -3
82029 -3
82030 -3
82031 -3
82032 -3
82033 -3
82034 -3
82035 -3
82036 -3
82037 -3
82038 -3
82039 -3
82040 -3
82041 -3
82042 -3
82043 -3
82044 -3
82045 -3
82046 -3
82047 -3
82048 -3
82049 -3
82050 -3
82051 -3
82052 -3
82053 -3
82054 -3
82055 -3
82056 -3
82057 -3
82058 -3
82059 -3
82060 -3
82061 -3
82062 -3
82063 -3
82064 -3
82065 -3
82066 -3
82067 -3
82068 -3
82069 -3
82070 -3
82071 -3
82072 -3
82073 -3
82074 -3
82075 -3
82076 -3
82077 -3
82078 -3
82079 -3
82080 -3
82081 -3
82082 -3
82083 -3
82084 -3
82085 -3
82086 -3
82087 -3
82088 -3
82089 -3
82090 -3
82091 -3
82092 -3
82093 -3
82094 -3
82095 -3
82096 -3
82097 -3
82098 -3
82099 -3
82100 -3
82101 -3
82102 -3
82103 -3
82104 -3
82105 -3
82106 -3
82107 -3
82108 -3
82109 -3
82110 -3
82111 -3
82112 -3
82113 -3
82114 -3
82115 -3
82116 -3
82117 -3
82118 -3
82119 -3
82120 -3
82121 -3
82122 -3
82123 -3
82124 -3
82125 -3
82126 -3
82127 -3
82128 -3
82129 -3
82130 -3
82131 -3
82132 -3
82133 -3
82134 -3
82135 -3
82136 -3
82137 -3
82138 -3
82139 -3
82140 -3
82141 -3
82142 -3
82143 -3
82144 -3
82145 -3
82146 -3
82147 -3
82148 -3
82149 -3
82150 -3
82151 -3
82152 -3
82153 -3
82154 -3
82155 -3
82156 -3
82157 -3
82158 -3
82159 -3
82160 -3
82161 -3
82162 -3
82163 -3
82164 -3
82165 -3
82166 -3
82167 -3
82168 -3
82169 -3
82170 -3
82171 -3
82172 -3
82173 -3
82174 -3
82175 -3
82176 -4
82177 -4
82178 -4
82179 -4
82180 -4
82181 -4
82182 -4
82183 -4
82184 -4
82185 -4
82186 -4
82187 -4
82188 -4
82189 -4
82190 -4
82191 -4
82192 -4
82193 -4
82194 -4
82195 -4
82196 -4
82197 -4
82198 -4
82199 -4
82200 -4
82201 -4
82202 -4
82203 -4
82204 -4
82205 -4
82206 -4
82207 -4
82208 -4
82209 -4
82210 -4
82211 -4
82212 -4
82213 -4
82214 -4
82215 -4
82216 -4
82217 -4
82218 -4
82219 -4
82220 -4
82221 -4
82222 -4
82223 -4
82224 -4
82225 -4
82226 -4
82227 -4
82228 -4
82229 -4
82230 -4
82231 -4
82232 -4
82233 -4
82234 -4
82235 -4
82236 -4
82237 -4
82238 -4
82239 -4
82240 -4
82241 -4
82242 -4
82243 -4
82244 -4
82245 -4
82246 -4
82247 -4
82248 -4
82249 -4
82250 -4
82251 -4
82252 -4
82253 -4
82254 -4
82255 -4
82256 -4
82257 -4
82258 -4
82259 -4
82260 -4
82261 -4
82262 -4
82263 -4
82264 -4
82265 -4
82266 -4
82267 -4
82268 -4
82269 -4
82270 -4
82271 -4
82272 -4
82273 -4
82274 -4
82275 -4
82276 -4
82277 -4
82278 -4
82279 -4
82280 -4
82281 -4
82282 -4
82283 -4
82284 -4
82285 -4
82286 -4
82287 -4
82288 -4
82289 -4
82290 -4
82291 -4
82292 -4
82293 -4
82294 -4
82295 -4
82296 -4
82297 -4
82298 -4
82299 -4
82300 -4
82301 -4
82302 -4
82303 -4
82304 -4
82305 -4
82306 -4
82307 -4
82308 -4
82309 -4
82310 -4
82311 -4
82312 -4
82313 -4
82314 -4
82315 -4
82316 -4
82317 -4
82318 -4
82319 -4
82320 -4
82321 -4
82322 -4
82323 -4
82324 -4
82325 -4
82326 -4
82327 -4
82328 -4
82329 -4
82330 -4
82331 -4
82332 -4
82333 -4
82334 -4
82335 -4
82336 -4
82337 -4
82338 -4
82339 -4
82340 -4
82341 -4
82342 -4
82343 -4
82344 -4
82345 -4
82346 -4
82347 -4
82348 -4
82349 -4
82350 -4
82351 -4
82352 -4
82353 -4
82354 -4
82355 -4
82356 -4
82357 -4
82358 -4
82359 -4
82360 -4
82361 -4
82362 -4
82363 -4
82364 -4
82365 -4
82366 -4
82367 -4
82368 -4
82369 -4
82370 -4
82371 -4
82372 -4
82373 -4
82374 -4
82375 -4
82376 -4
82377 -4
82378 -4
82379 -4
82380 -4
82381 -4
82382 -4
82383 -4
82384 -4
82385 -4
82386 -4
82387 -4
82388 -4
82389 -4
82390 -4
82391 -4
82392 -4
82393 -4
82394 -4
82395 -4
82396 -4
82397 -4
82398 -4
82399 -4
82400 -4
82401 -4
82402 -4
82403 -4
82404 -4
82405 -4
82406 -4
82407 -4
82408 -4
82409 -4
82410 -4
82411 -4
82412 -4
82413 -4
82414 -4
82415 -4
82416 -4
82417 -4
82418 -4
82419 -4
82420 -4
82421 -4
82422 -4
82423 -4
82424 -4
82425 -4
82426 -4
82427 -4
82428 -4
82429 -4
82430 -4
82431 -4
82432 -4
82433 -4
82434 -4
82435 -4
82436 -4
82437 -4
82438 -4
82439 -4
82440 -4
82441 -4
82442 -4
82443 -4
82444 -4
82445 -4
82446 -4
82447 -4
82448 -4
82449 -4
82450 -4
82451 -4
82452 -4
82453 -4
82454 -4
82455 -4
82456 -4
82457 -4
82458 -4
82459 -4
82460 -4
82461 -4
82462 -4
82463 -4
82464 -4
82465 -4
82466 -4
82467 -4
82468 -4
82469 -4
82470 -4
82471 -4
82472 -4
82473 -4
82474 -4
82475 -4
82476 -4
82477 -4
82478 -4
82479 -4
82480 -4
82481 -4
82482 -4
82483 -4
82484 -4
82485 -4
82486 -4
82487 -4
82488 -4
82489 -4
82490 -4
82491 -4
82492 -4
82493 -4
82494 -4
82495 -4
82496 -4
82497 -4
82498 -4
82499 -4
82500 -4
82501 -4
82502 -4
82503 -4
82504 -4
82505 -4
82506 -4
82507 -4
82508 -4
82509 -4
82510 -4
82511 -4
82512 -4
82513 -4
82514 -4
82515 -4
82516 -4
82517 -4
82518 -4
82519 -4
82520 -4
82521 -4
82522 -4
82523 -4
82524 -4
82525 -4
82526 -4
82527 -4
82528 -4
82529 -4
82530 -4
82531 -4
82532 -4
82533 -4
82534 -4
82535 -4
82536 -4
82537 -4
82538 -4
82539 -4
82540 -4
82541 -4
82542 -4
82543 -4
82544 -4
82545 -4
82546 -4
82547 -4
82548 -4
82549 -4
82550 -4
82551 -4
82552 -4
82553 -4
82554 -4
82555 -4
82556 -4
82557 -4
82558 -4
82559 -4
82560 -2
82561 -2
82562 -2
82563 -2
82564 -2
82565 -2
82566 -2
82567 -2
82568 -2
82569 -2
82570 -2
82571 -2
82572 -2
82573 -2
82574 -2
82575 -2
82576 -2
82577 -2
82578 -2
82579 -2
82580 -2
82581 -2
82582 -2
82583 -2
82584 -2
82585 -2
82586 -2
82587 -2
82588 -2
82589 -2
82590 -2
82591 -2
82592 -2
82593 -2
82594 -2
82595 -2
82596 -2
82597 -2
82598 -2
82599 -2
82600 -2
82601 -2
82602 -2
82603 -2
82604 -2
82605 -2
82606 -2
82607 -2
82608 -2
82609 -2
82610 -2
82611 -2
82612 -2
82613 -2
82614 -2
82615 -2
82616 -2
82617 -2
82618 -2
82619 -2
82620 -2
82621 -2
82622 -2
82623 -2
82624 -2
82625 -2
82626 -2
82627 -2
82628 -2
82629 -2
82630 -2
82631 -2
82632 -2
82633 -2
82634 -2
82635 -2
82636 -2
82637 -2
82638 -2
82639 -2
82640 -2
82641 -2
82642 -2
82643 -2
82644 -2
82645 -2
82646 -2
82647 -2
82648 -2
82649 -2
82650 -2
82651 -2
82652 -2
82653 -2
82654 -2
82655 -2
82656 -2
82657 -2
82658 -2
82659 -2
82660 -2
82661 -2
82662 -2
82663 -2
82664 -2
82665 -2
82666 -2
82667 -2
82668 -2
82669 -2
82670 -2
82671 -2
82672 -2
82673 -2
82674 -2
82675 -2
82676 -2
82677 -2
82678 -2
82679 -2
82680 -2
82681 -2
82682 -2
82683 -2
82684 -2
82685 -2
82686 -2
82687 -2
82688 -2
82689 -2
82690 -2
82691 -2
82692 -2
82693 -2
82694 -2
82695 -2
82696 -2
82697 -2
82698 -2
82699 -2
82700 -2
82701 -2
82702 -2
82703 -2
82704 -2
82705 -2
82706 -2
82707 -2
82708 -2
82709 -2
82710 -2
82711 -2
82712 -2
82713 -2
82714 -2
82715 -2
82716 -2
82717 -2
82718 -2
82719 -2
82720 -2
82721 -2
82722 -2
82723 -2
82724 -2
82725 -2
82726 -2
82727 -2
82728 -2
82729 -2
82730 -2
82731 -2
82732 -2
82733 -2
82734 -2
82735 -2
82736 -2
82737 -2
82738 -2
82739 -2
82740 -2
82741 -2
82742 -2
82743 -2
82744 -2
82745 -2
82746 -2
82747 -2
82748 -2
82749 -2
82750 -2
82751 -2
82752 -2
82753 -2
82754 -2
82755 -2
82756 -2
82757 -2
82758 -2
82759 -2
82760 -2
82761 -2
82762 -2
82763 -2
82764 -2
82765 -2
82766 -2
82767 -2
82768 -2
82769 -2
82770 -2
82771 -2
82772 -2
82773 -2
82774 -2
82775 -2
82776 -2
82777 -2
82778 -2
82779 -2
82780 -2
82781 -2
82782 -2
82783 -2
82784 -2
82785 -2
82786 -2
82787 -2
82788 -2
82789 -2
82790 -2
82791 -2
82792 -2
82793 -2
82794 -2
82795 -2
82796 -2
82797 -2
82798 -2
82799 -2
82800 -2
82801 -2
82802 -2
82803 -2
82804 -2
82805 -2
82806 -2
82807 -2
82808 -2
82809 -2
82810 -2
82811 -2
82812 -2
82813 -2
82814 -2
82815 -2
82816 -2
82817 -2
82818 -2
82819 -2
82820 -2
82821 -2
82822 -2
82823 -2
82824 -2
82825 -2
82826 -2
82827 -2
82828 -2
82829 -2
82830 -2
82831 -2
82832 -2
82833 -2
82834 -2
82835 -2
82836 -2
82837 -2
82838 -2
82839 -2
82840 -2
82841 -2
82842 -2
82843 -2
82844 -2
82845 -2
82846 -2
82847 -2
82848 -2
82849 -2
82850 -2
82851 -2
82852 -2
82853 -2
82854 -2
82855 -2
82856 -2
82857 -2
82858 -2
82859 -2
82860 -2
82861 -2
82862 -2
82863 -2
82864 -2
82865 -2
82866 -2
82867 -2
82868 -2
82869 -2
82870 -2
82871 -2
82872 -2
82873 -2
82874 -2
82875 -2
82876 -2
82877 -2
82878 -2
82879 -2
82880 -2
82881 -2
82882 -2
82883 -2
82884 -2
82885 -2
82886 -2
82887 -2
82888 -2
82889 -2
82890 -2
82891 -2
82892 -2
82893 -2
82894 -2
82895 -2
82896 -2
82897 -2
82898 -2
82899 -2
82900 -2
82901 -2
82902 -2
82903 -2
82904 -2
82905 -2
82906 -2
82907 -2
82908 -2
82909 -2
82910 -2
82911 -2
82912 -2
82913 -2
82914 -2
82915 -2
82916 -2
82917 -2
82918 -2
82919 -2
82920 -2
82921 -2
82922 -2
82923 -2
82924 -2
82925 -2
82926 -2
82927 -2
82928 -2
82929 -2
82930 -2
82931 -2
82932 -2
82933 -2
82934 -2
82935 -2
82936 -2
82937 -2
82938 -2
82939 -2
82940 -2
82941 -2
82942 -2
82943 -2
82944 -2
82945 -2
82946 -2
82947 -2
82948 -2
82949 -2
82950 -2
82951 -2
82952 -2
82953 -2
82954 -2
82955 -2
82956 -2
82957 -2
82958 -2
82959 -2
82960 -2
82961 -2
82962 -2
82963 -2
82964 -2
82965 -2
82966 -2
82967 -2
82968 -2
82969 -2
82970 -2
82971 -2
82972 -2
82973 -2
82974 -2
82975 -2
82976 -2
82977 -2
82978 -2
82979 -2
82980 -2
82981 -2
82982 -2
82983 -2
82984 -2
82985 -2
82986 -2
82987 -2
82988 -2
82989 -2
82990 -2
82991 -2
82992 -2
82993 -2
82994 -2
82995 -2
82996 -2
82997 -2
82998 -2
82999 -2
83000 -2
83001 -2
83002 -2
83003 -2
83004 -2
83005 -2
83006 -2
83007 -2
83008 -2
83009 -2
83010 -2
83011 -2
83012 -2
83013 -2
83014 -2
83015 -2
83016 -2
83017 -2
83018 -2
83019 -2
83020 -2
83021 -2
83022 -2
83023 -2
83024 -2
83025 -2
83026 -2
83027 -2
83028 -2
83029 -2
83030 -2
83031 -2
83032 -2
83033 -2
83034 -2
83035 -2
83036 -2
83037 -2
83038 -2
83039 -2
83040 -2
83041 -2
83042 -2
83043 -2
83044 -2
83045 -2
83046 -2
83047 -2
83048 -2
83049 -2
83050 -2
83051 -2
83052 -2
83053 -2
83054 -2
83055 -2
83056 -2
83057 -2
83058 -2
83059 -2
83060 -2
83061 -2
83062 -2
83063 -2
83064 -2
83065 -2
83066 -2
83067 -2
83068 -2
83069 -2
83070 -2
83071 -2
83072 -2
83073 -2
83074 -2
83075 -2
83076 -2
83077 -2
83078 -2
83079 -2
83080 -2
83081 -2
83082 -2
83083 -2
83084 -2
83085 -2
83086 -2
83087 -2
83088 -2
83089 -2
83090 -2
83091 -2
83092 -2
83093 -2
83094 -2
83095 -2
83096 -2
83097 -2
83098 -2
83099 -2
83100 -2
83101 -2
83102 -2
83103 -2
83104 -2
83105 -2
83106 -2
83107 -2
83108 -2
83109 -2
83110 -2
83111 -2
83112 -2
83113 -2
83114 -2
83115 -2
83116 -2
83117 -2
83118 -2
83119 -2
83120 -2
83121 -2
83122 -2
83123 -2
83124 -2
83125 -2
83126 -2
83127 -2
83128 -2
83129 -2
83130 -2
83131 -2
83132 -2
83133 -2
83134 -2
83135 -2
83136 -2
83137 -2
83138 -2
83139 -2
83140 -2
83141 -2
83142 -2
83143 -2
83144 -2
83145 -2
83146 -2
83147 -2
83148 -2
83149 -2
83150 -2
83151 -2
83152 -2
83153 -2
83154 -2
83155 -2
83156 -2
83157 -2
83158 -2
83159 -2
83160 -2
83161 -2
83162 -2
83163 -2
83164 -2
83165 -2
83166 -2
83167 -2
83168 -2
83169 -2
83170 -2
83171 -2
83172 -2
83173 -2
83174 -2
83175 -2
83176 -2
83177 -2
83178 -2
83179 -2
83180 -2
83181 -2
83182 -2
83183 -2
83184 -2
83185 -2
83186 -2
83187 -2
83188 -2
83189 -2
83190 -2
83191 -2
83192 -2
83193 -2
83194 -2
83195 -2
83196 -2
83197 -2
83198 -2
83199 -2
83200 -2
83201 -2
83202 -2
83203 -2
83204 -2
83205 -2
83206 -2
83207 -2
83208 -2
83209 -2
83210 -2
83211 -2
83212 -2
83213 -2
83214 -2
83215 -2
83216 -2
83217 -2
83218 -2
83219 -2
83220 -2
83221 -2
83222 -2
83223 -2
83224 -2
83225 -2
83226 -2
83227 -2
83228 -2
83229 -2
83230 -2
83231 -2
83232 -2
83233 -2
83234 -2
83235 -2
83236 -2
83237 -2
83238 -2
83239 -2
83240 -2
83241 -2
83242 -2
83243 -2
83244 -2
83245 -2
83246 -2
83247 -2
83248 -2
83249 -2
83250 -2
83251 -2
83252 -2
83253 -2
83254 -2
83255 -2
83256 -2
83257 -2
83258 -2
83259 -2
83260 -2
83261 -2
83262 -2
83263 -2
83264 -2
83265 -2
83266 -2
83267 -2
83268 -2
83269 -2
83270 -2
83271 -2
83272 -2
83273 -2
83274 -2
83275 -2
83276 -2
83277 -2
83278 -2
83279 -2
83280 -2
83281 -2
83282 -2
83283 -2
83284 -2
83285 -2
83286 -2
83287 -2
83288 -2
83289 -2
83290 -2
83291 -2
83292 -2
83293 -2
83294 -2
83295 -2
83296 -2
83297 -2
83298 -2
83299 -2
83300 -2
83301 -2
83302 -2
83303 -2
83304 -2
83305 -2
83306 -2
83307 -2
83308 -2
83309 -2
83310 -2
83311 -2
83312 -2
83313 -2
83314 -2
83315 -2
83316 -2
83317 -2
83318 -2
83319 -2
83320 -2
83321 -2
83322 -2
83323 -2
83324 -2
83325 -2
83326 -2
83327 -2
83328 -2
83329 -2
83330 -2
83331 -2
83332 -2
83333 -2
83334 -2
83335 -2
83336 -2
83337 -2
83338 -2
83339 -2
83340 -2
83341 -2
83342 -2
83343 -2
83344 -2
83345 -2
83346 -2
83347 -2
83348 -2
83349 -2
83350 -2
83351 -2
83352 -2
83353 -2
83354 -2
83355 -2
83356 -2
83357 -2
83358 -2
83359 -2
83360 -2
83361 -2
83362 -2
83363 -2
83364 -2
83365 -2
83366 -2
83367 -2
83368 -2
83369 -2
83370 -2
83371 -2
83372 -2
83373 -2
83374 -2
83375 -2
83376 -2
83377 -2
83378 -2
83379 -2
83380 -2
83381 -2
83382 -2
83383 -2
83384 -2
83385 -2
83386 -2
83387 -2
83388 -2
83389 -2
83390 -2
83391 -2
83392 -2
83393 -2
83394 -2
83395 -2
83396 -2
83397 -2
83398 -2
83399 -2
83400 -2
83401 -2
83402 -2
83403 -2
83404 -2
83405 -2
83406 -2
83407 -2
83408 -2
83409 -2
83410 -2
83411 -2
83412 -2
83413 -2
83414 -2
83415 -2
83416 -2
83417 -2
83418 -2
83419 -2
83420 -2
83421 -2
83422 -2
83423 -2
83424 -2
83425 -2
83426 -2
83427 -2
83428 -2
83429 -2
83430 -2
83431 -2
83432 -2
83433 -2
83434 -2
83435 -2
83436 -2
83437 -2
83438 -2
83439 -2
83440 -2
83441 -2
83442 -2
83443 -2
83444 -2
83445 -2
83446 -2
83447 -2
83448 -2
83449 -2
83450 -2
83451 -2
83452 -2
83453 -2
83454 -2
83455 -2
83456 -2
83457 -2
83458 -2
83459 -2
83460 -2
83461 -2
83462 -2
83463 -2
83464 -2
83465 -2
83466 -2
83467 -2
83468 -2
83469 -2
83470 -2
83471 -2
83472 -2
83473 -2
83474 -2
83475 -2
83476 -2
83477 -2
83478 -2
83479 -2
83480 -2
83481 -2
83482 -2
83483 -2
83484 -2
83485 -2
83486 -2
83487 -2
83488 -2
83489 -2
83490 -2
83491 -2
83492 -2
83493 -2
83494 -2
83495 -2
83496 -2
83497 -2
83498 -2
83499 -2
83500 -2
83501 -2
83502 -2
83503 -2
83504 -2
83505 -2
83506 -2
83507 -2
83508 -2
83509 -2
83510 -2
83511 -2
83512 -2
83513 -2
83514 -2
83515 -2
83516 -2
83517 -2
83518 -2
83519 -2
83520 -3
83521 -3
83522 -3
83523 -3
83524 -3
83525 -3
83526 -3
83527 -3
83528 -3
83529 -3
83530 -3
83531 -3
83532 -3
83533 -3
83534 -3
83535 -3
83536 -3
83537 -3
83538 -3
83539 -3
83540 -3
83541 -3
83542 -3
83543 -3
83544 -3
83545 -3
83546 -3
83547 -3
83548 -3
83549 -3
83550 -3
83551 -3
83552 -3
83553 -3
83554 -3
83555 -3
83556 -3
83557 -3
83558 -3
83559 -3
83560 -3
83561 -3
83562 -3
83563 -3
83564 -3
83565 -3
83566 -3
83567 -3
83568 -3
83569 -3
83570 -3
83571 -3
83572 -3
83573 -3
83574 -3
83575 -3
83576 -3
83577 -3
83578 -3
83579 -3
83580 -3
83581 -3
83582 -3
83583 -3
83584 -3
83585 -3
83586 -3
83587 -3
83588 -3
83589 -3
83590 -3
83591 -3
83592 -3
83593 -3
83594 -3
83595 -3
83596 -3
83597 -3
83598 -3
83599 -3
83600 -3
83601 -3
83602 -3
83603 -3
83604 -3
83605 -3
83606 -3
83607 -3
83608 -3
83609 -3
83610 -3
83611 -3
83612 -3
83613 -3
83614 -3
83615 -3
83616 -3
83617 -3
83618 -3
83619 -3
83620 -3
83621 -3
83622 -3
83623 -3
83624 -3
83625 -3
83626 -3
83627 -3
83628 -3
83629 -3
83630 -3
83631 -3
83632 -3
83633 -3
83634 -3
83635 -3
83636 -3
83637 -3
83638 -3
83639 -3
83640 -3
83641 -3
83642 -3
83643 -3
83644 -3
83645 -3
83646 -3
83647 -3
83648 -3
83649 -3
83650 -3
83651 -3
83652 -3
83653 -3
83654 -3
83655 -3
83656 -3
83657 -3
83658 -3
83659 -3
83660 -3
83661 -3
83662 -3
83663 -3
83664 -3
83665 -3
83666 -3
83667 -3
83668 -3
83669 -3
83670 -3
83671 -3
83672 -3
83673 -3
83674 -3
83675 -3
83676 -3
83677 -3
83678 -3
83679 -3
83680 -3
83681 -3
83682 -3
83683 -3
83684 -3
83685 -3
83686 -3
83687 -3
83688 -3
83689 -3
83690 -3
83691 -3
83692 -3
83693 -3
83694 -3
83695 -3
83696 -3
83697 -3
83698 -3
83699 -3
83700 -3
83701 -3
83702 -3
83703 -3
83704 -3
83705 -3
83706 -3
83707 -3
83708 -3
83709 -3
83710 -3
83711 -3
83712 -2
83713 -2
83714 -2
83715 -2
83716 -2
83717 -2
83718 -2
83719 -2
83720 -2
83721 -2
83722 -2
83723 -2
83724 -2
83725 -2
83726 -2
83727 -2
83728 -2
83729 -2
83730 -2
83731 -2
83732 -2
83733 -2
83734 -2
83735 -2
83736 -2
83737 -2
83738 -2
83739 -2
83740 -2
83741 -2
83742 -2
83743 -2
83744 -2
83745 -2
83746 -2
83747 -2
83748 -2
83749 -2
83750 -2
83751 -2
83752 -2
83753 -2
83754 -2
83755 -2
83756 -2
83757 -2
83758 -2
83759 -2
83760 -2
83761 -2
83762 -2
83763 -2
83764 -2
83765 -2
83766 -2
83767 -2
83768 -2
83769 -2
83770 -2
83771 -2
83772 -2
83773 -2
83774 -2
83775 -2
83776 -2
83777 -2
83778 -2
83779 -2
83780 -2
83781 -2
83782 -2
83783 -2
83784 -2
83785 -2
83786 -2
83787 -2
83788 -2
83789 -2
83790 -2
83791 -2
83792 -2
83793 -2
83794 -2
83795 -2
83796 -2
83797 -2
83798 -2
83799 -2
83800 -2
83801 -2
83802 -2
83803 -2
83804 -2
83805 -2
83806 -2
83807 -2
83808 -2
83809 -2
83810 -2
83811 -2
83812 -2
83813 -2
83814 -2
83815 -2
83816 -2
83817 -2
83818 -2
83819 -2
83820 -2
83821 -2
83822 -2
83823 -2
83824 -2
83825 -2
83826 -2
83827 -2
83828 -2
83829 -2
83830 -2
83831 -2
83832 -2
83833 -2
83834 -2
83835 -2
83836 -2
83837 -2
83838 -2
83839 -2
83840 -2
83841 -2
83842 -2
83843 -2
83844 -2
83845 -2
83846 -2
83847 -2
83848 -2
83849 -2
83850 -2
83851 -2
83852 -2
83853 -2
83854 -2
83855 -2
83856 -2
83857 -2
83858 -2
83859 -2
83860 -2
83861 -2
83862 -2
83863 -2
83864 -2
83865 -2
83866 -2
83867 -2
83868 -2
83869 -2
83870 -2
83871 -2
83872 -2
83873 -2
83874 -2
83875 -2
83876 -2
83877 -2
83878 -2
83879 -2
83880 -2
83881 -2
83882 -2
83883 -2
83884 -2
83885 -2
83886 -2
83887 -2
83888 -2
83889 -2
83890 -2
83891 -2
83892 -2
83893 -2
83894 -2
83895 -2
83896 -2
83897 -2
83898 -2
83899 -2
83900 -2
83901 -2
83902 -2
83903 -2
83904 -3
83905 -3
83906 -3
83907 -3
83908 -3
83909 -3
83910 -3
83911 -3
83912 -3
83913 -3
83914 -3
83915 -3
83916 -3
83917 -3
83918 -3
83919 -3
83920 -3
83921 -3
83922 -3
83923 -3
83924 -3
83925 -3
83926 -3
83927 -3
83928 -3
83929 -3
83930 -3
83931 -3
83932 -3
83933 -3
83934 -3
83935 -3
83936 -3
83937 -3
83938 -3
83939 -3
83940 -3
83941 -3
83942 -3
83943 -3
83944 -3
83945 -3
83946 -3
83947 -3
83948 -3
83949 -3
83950 -3
83951 -3
83952 -3
83953 -3
83954 -3
83955 -3
83956 -3
83957 -3
83958 -3
83959 -3
83960 -3
83961 -3
83962 -3
83963 -3
83964 -3
83965 -3
83966 -3
83967 -3
83968 -3
83969 -3
83970 -3
83971 -3
83972 -3
83973 -3
83974 -3
83975 -3
83976 -3
83977 -3
83978 -3
83979 -3
83980 -3
83981 -3
83982 -3
83983 -3
83984 -3
83985 -3
83986 -3
83987 -3
83988 -3
83989 -3
83990 -3
83991 -3
83992 -3
83993 -3
83994 -3
83995 -3
83996 -3
83997 -3
83998 -3
83999 -3
84000 -3
84001 -3
84002 -3
84003 -3
84004 -3
84005 -3
84006 -3
84007 -3
84008 -3
84009 -3
84010 -3
84011 -3
84012 -3
84013 -3
84014 -3
84015 -3
84016 -3
84017 -3
84018 -3
84019 -3
84020 -3
84021 -3
84022 -3
84023 -3
84024 -3
84025 -3
84026 -3
84027 -3
84028 -3
84029 -3
84030 -3
84031 -3
84032 -3
84033 -3
84034 -3
84035 -3
84036 -3
84037 -3
84038 -3
84039 -3
84040 -3
84041 -3
84042 -3
84043 -3
84044 -3
84045 -3
84046 -3
84047 -3
84048 -3
84049 -3
84050 -3
84051 -3
84052 -3
84053 -3
84054 -3
84055 -3
84056 -3
84057 -3
84058 -3
84059 -3
84060 -3
84061 -3
84062 -3
84063 -3
84064 -3
84065 -3
84066 -3
84067 -3
84068 -3
84069 -3
84070 -3
84071 -3
84072 -3
84073 -3
84074 -3
84075 -3
84076 -3
84077 -3
84078 -3
84079 -3
84080 -3
84081 -3
84082 -3
84083 -3
84084 -3
84085 -3
84086 -3
84087 -3
84088 -3
84089 -3
84090 -3
84091 -3
84092 -3
84093 -3
84094 -3
84095 -3
84096 -2
84097 -2
84098 -2
84099 -2
84100 -2
84101 -2
84102 -2
84103 -2
84104 -2
84105 -2
84106 -2
84107 -2
84108 -2
84109 -2
84110 -2
84111 -2
84112 -2
84113 -2
84114 -2
84115 -2
84116 -2
84117 -2
84118 -2
84119 -2
84120 -2
84121 -2
84122 -2
84123 -2
84124 -2
84125 -2
84126 -2
84127 -2
84128 -2
84129 -2
84130 -2
84131 -2
84132 -2
84133 -2
84134 -2
84135 -2
84136 -2
84137 -2
84138 -2
84139 -2
84140 -2
84141 -2
84142 -2
84143 -2
84144 -2
84145 -2
84146 -2
84147 -2
84148 -2
84149 -2
84150 -2
84151 -2
84152 -2
84153 -2
84154 -2
84155 -2
84156 -2
84157 -2
84158 -2
84159 -2
84160 -2
84161 -2
84162 -2
84163 -2
84164 -2
84165 -2
84166 -2
84167 -2
84168 -2
84169 -2
84170 -2
84171 -2
84172 -2
84173 -2
84174 -2
84175 -2
84176 -2
84177 -2
84178 -2
84179 -2
84180 -2
84181 -2
84182 -2
84183 -2
84184 -2
84185 -2
84186 -2
84187 -2
84188 -2
84189 -2
84190 -2
84191 -2
84192 -2
84193 -2
84194 -2
84195 -2
84196 -2
84197 -2
84198 -2
84199 -2
84200 -2
84201 -2
84202 -2
84203 -2
84204 -2
84205 -2
84206 -2
84207 -2
84208 -2
84209 -2
84210 -2
84211 -2
84212 -2
84213 -2
84214 -2
84215 -2
84216 -2
84217 -2
84218 -2
84219 -2
84220 -2
84221 -2
84222 -2
84223 -2
84224 -2
84225 -2
84226 -2
84227 -2
84228 -2
84229 -2
84230 -2
84231 -2
84232 -2
84233 -2
84234 -2
84235 -2
84236 -2
84237 -2
84238 -2
84239 -2
84240 -2
84241 -2
84242 -2
84243 -2
84244 -2
84245 -2
84246 -2
84247 -2
84248 -2
84249 -2
84250 -2
84251 -2
84252 -2
84253 -2
84254 -2
84255 -2
84256 -2
84257 -2
84258 -2
84259 -2
84260 -2
84261 -2
84262 -2
84263 -2
84264 -2
84265 -2
84266 -2
84267 -2
84268 -2
84269 -2
84270 -2
84271 -2
84272 -2
84273 -2
84274 -2
84275 -2
84276 -2
84277 -2
84278 -2
84279 -2
84280 -2
84281 -2
84282 -2
84283 -2
84284 -2
84285 -2
84286 -2
84287 -2
84288 -2
84289 -2
84290 -2
84291 -2
84292 -2
84293 -2
84294 -2
84295 -2
84296 -2
84297 -2
84298 -2
84299 -2
84300 -2
84301 -2
84302 -2
84303 -2
84304 -2
84305 -2
84306 -2
84307 -2
84308 -2
84309 -2
84310 -2
84311 -2
84312 -2
84313 -2
84314 -2
84315 -2
84316 -2
84317 -2
84318 -2
84319 -2
84320 -2
84321 -2
84322 -2
84323 -2
84324 -2
84325 -2
84326 -2
84327 -2
84328 -2
84329 -2
84330 -2
84331 -2
84332 -2
84333 -2
84334 -2
84335 -2
84336 -2
84337 -2
84338 -2
84339 -2
84340 -2
84341 -2
84342 -2
84343 -2
84344 -2
84345 -2
84346 -2
84347 -2
84348 -2
84349 -2
84350 -2
84351 -2
84352 -2
84353 -2
84354 -2
84355 -2
84356 -2
84357 -2
84358 -2
84359 -2
84360 -2
84361 -2
84362 -2
84363 -2
84364 -2
84365 -2
84366 -2
84367 -2
84368 -2
84369 -2
84370 -2
84371 -2
84372 -2
84373 -2
84374 -2
84375 -2
84376 -2
84377 -2
84378 -2
84379 -2
84380 -2
84381 -2
84382 -2
84383 -2
84384 -2
84385 -2
84386 -2
84387 -2
84388 -2
84389 -2
84390 -2
84391 -2
84392 -2
84393 -2
84394 -2
84395 -2
84396 -2
84397 -2
84398 -2
84399 -2
84400 -2
84401 -2
84402 -2
84403 -2
84404 -2
84405 -2
84406 -2
84407 -2
84408 -2
84409 -2
84410 -2
84411 -2
84412 -2
84413 -2
84414 -2
84415 -2
84416 -2
84417 -2
84418 -2
84419 -2
84420 -2
84421 -2
84422 -2
84423 -2
84424 -2
84425 -2
84426 -2
84427 -2
84428 -2
84429 -2
84430 -2
84431 -2
84432 -2
84433 -2
84434 -2
84435 -2
84436 -2
84437 -2
84438 -2
84439 -2
84440 -2
84441 -2
84442 -2
84443 -2
84444 -2
84445 -2
84446 -2
84447 -2
84448 -2
84449 -2
84450 -2
84451 -2
84452 -2
84453 -2
84454 -2
84455 -2
84456 -2
84457 -2
84458 -2
84459 -2
84460 -2
84461 -2
84462 -2
84463 -2
84464 -2
84465 -2
84466 -2
84467 -2
84468 -2
84469 -2
84470 -2
84471 -2
84472 -2
84473 -2
84474 -2
84475 -2
84476 -2
84477 -2
84478 -2
84479 -2
84480 -2
84481 -2
84482 -2
84483 -2
84484 -2
84485 -2
84486 -2
84487 -2
84488 -2
84489 -2
84490 -2
84491 -2
84492 -2
84493 -2
84494 -2
84495 -2
84496 -2
84497 -2
84498 -2
84499 -2
84500 -2
84501 -2
84502 -2
84503 -2
84504 -2
84505 -2
84506 -2
84507 -2
84508 -2
84509 -2
84510 -2
84511 -2
84512 -2
84513 -2
84514 -2
84515 -2
84516 -2
84517 -2
84518 -2
84519 -2
84520 -2
84521 -2
84522 -2
84523 -2
84524 -2
84525 -2
84526 -2
84527 -2
84528 -2
84529 -2
84530 -2
84531 -2
84532 -2
84533 -2
84534 -2
84535 -2
84536 -2
84537 -2
84538 -2
84539 -2
84540 -2
84541 -2
84542 -2
84543 -2
84544 -2
84545 -2
84546 -2
84547 -2
84548 -2
84549 -2
84550 -2
84551 -2
84552 -2
84553 -2
84554 -2
84555 -2
84556 -2
84557 -2
84558 -2
84559 -2
84560 -2
84561 -2
84562 -2
84563 -2
84564 -2
84565 -2
84566 -2
84567 -2
84568 -2
84569 -2
84570 -2
84571 -2
84572 -2
84573 -2
84574 -2
84575 -2
84576 -2
84577 -2
84578 -2
84579 -2
84580 -2
84581 -2
84582 -2
84583 -2
84584 -2
84585 -2
84586 -2
84587 -2
84588 -2
84589 -2
84590 -2
84591 -2
84592 -2
84593 -2
84594 -2
84595 -2
84596 -2
84597 -2
84598 -2
84599 -2
84600 -2
84601 -2
84602 -2
84603 -2
84604 -2
84605 -2
84606 -2
84607 -2
84608 -2
84609 -2
84610 -2
84611 -2
84612 -2
84613 -2
84614 -2
84615 -2
84616 -2
84617 -2
84618 -2
84619 -2
84620 -2
84621 -2
84622 -2
84623 -2
84624 -2
84625 -2
84626 -2
84627 -2
84628 -2
84629 -2
84630 -2
84631 -2
84632 -2
84633 -2
84634 -2
84635 -2
84636 -2
84637 -2
84638 -2
84639 -2
84640 -2
84641 -2
84642 -2
84643 -2
84644 -2
84645 -2
84646 -2
84647 -2
84648 -2
84649 -2
84650 -2
84651 -2
84652 -2
84653 -2
84654 -2
84655 -2
84656 -2
84657 -2
84658 -2
84659 -2
84660 -2
84661 -2
84662 -2
84663 -2
84664 -2
84665 -2
84666 -2
84667 -2
84668 -2
84669 -2
84670 -2
84671 -2
84672 -2
84673 -2
84674 -2
84675 -2
84676 -2
84677 -2
84678 -2
84679 -2
84680 -2
84681 -2
84682 -2
84683 -2
84684 -2
84685 -2
84686 -2
84687 -2
84688 -2
84689 -2
84690 -2
84691 -2
84692 -2
84693 -2
84694 -2
84695 -2
84696 -2
84697 -2
84698 -2
84699 -2
84700 -2
84701 -2
84702 -2
84703 -2
84704 -2
84705 -2
84706 -2
84707 -2
84708 -2
84709 -2
84710 -2
84711 -2
84712 -2
84713 -2
84714 -2
84715 -2
84716 -2
84717 -2
84718 -2
84719 -2
84720 -2
84721 -2
84722 -2
84723 -2
84724 -2
84725 -2
84726 -2
84727 -2
84728 -2
84729 -2
84730 -2
84731 -2
84732 -2
84733 -2
84734 -2
84735 -2
84736 -2
84737 -2
84738 -2
84739 -2
84740 -2
84741 -2
84742 -2
84743 -2
84744 -2
84745 -2
84746 -2
84747 -2
84748 -2
84749 -2
84750 -2
84751 -2
84752 -2
84753 -2
84754 -2
84755 -2
84756 -2
84757 -2
84758 -2
84759 -2
84760 -2
84761 -2
84762 -2
84763 -2
84764 -2
84765 -2
84766 -2
84767 -2
84768 -2
84769 -2
84770 -2
84771 -2
84772 -2
84773 -2
84774 -2
84775 -2
84776 -2
84777 -2
84778 -2
84779 -2
84780 -2
84781 -2
84782 -2
84783 -2
84784 -2
84785 -2
84786 -2
84787 -2
84788 -2
84789 -2
84790 -2
84791 -2
84792 -2
84793 -2
84794 -2
84795 -2
84796 -2
84797 -2
84798 -2
84799 -2
84800 -2
84801 -2
84802 -2
84803 -2
84804 -2
84805 -2
84806 -2
84807 -2
84808 -2
84809 -2
84810 -2
84811 -2
84812 -2
84813 -2
84814 -2
84815 -2
84816 -2
84817 -2
84818 -2
84819 -2
84820 -2
84821 -2
84822 -2
84823 -2
84824 -2
84825 -2
84826 -2
84827 -2
84828 -2
84829 -2
84830 -2
84831 -2
84832 -2
84833 -2
84834 -2
84835 -2
84836 -2
84837 -2
84838 -2
84839 -2
84840 -2
84841 -2
84842 -2
84843 -2
84844 -2
84845 -2
84846 -2
84847 -2
84848 -2
84849 -2
84850 -2
84851 -2
84852 -2
84853 -2
84854 -2
84855 -2
84856 -2
84857 -2
84858 -2
84859 -2
84860 -2
84861 -2
84862 -2
84863 -2
84864 -2
84865 -2
84866 -2
84867 -2
84868 -2
84869 -2
84870 -2
84871 -2
84872 -2
84873 -2
84874 -2
84875 -2
84876 -2
84877 -2
84878 -2
84879 -2
84880 -2
84881 -2
84882 -2
84883 -2
84884 -2
84885 -2
84886 -2
84887 -2
84888 -2
84889 -2
84890 -2
84891 -2
84892 -2
84893 -2
84894 -2
84895 -2
84896 -2
84897 -2
84898 -2
84899 -2
84900 -2
84901 -2
84902 -2
84903 -2
84904 -2
84905 -2
84906 -2
84907 -2
84908 -2
84909 -2
84910 -2
84911 -2
84912 -2
84913 -2
84914 -2
84915 -2
84916 -2
84917 -2
84918 -2
84919 -2
84920 -2
84921 -2
84922 -2
84923 -2
84924 -2
84925 -2
84926 -2
84927 -2
84928 -2
84929 -2
84930 -2
84931 -2
84932 -2
84933 -2
84934 -2
84935 -2
84936 -2
84937 -2
84938 -2
84939 -2
84940 -2
84941 -2
84942 -2
84943 -2
84944 -2
84945 -2
84946 -2
84947 -2
84948 -2
84949 -2
84950 -2
84951 -2
84952 -2
84953 -2
84954 -2
84955 -2
84956 -2
84957 -2
84958 -2
84959 -2
84960 -2
84961 -2
84962 -2
84963 -2
84964 -2
84965 -2
84966 -2
84967 -2
84968 -2
84969 -2
84970 -2
84971 -2
84972 -2
84973 -2
84974 -2
84975 -2
84976 -2
84977 -2
84978 -2
84979 -2
84980 -2
84981 -2
84982 -2
84983 -2
84984 -2
84985 -2
84986 -2
84987 -2
84988 -2
84989 -2
84990 -2
84991 -2
84992 -2
84993 -2
84994 -2
84995 -2
84996 -2
84997 -2
84998 -2
84999 -2
85000 -2
85001 -2
85002 -2
85003 -2
85004 -2
85005 -2
85006 -2
85007 -2
85008 -2
85009 -2
85010 -2
85011 -2
85012 -2
85013 -2
85014 -2
85015 -2
85016 -2
85017 -2
85018 -2
85019 -2
85020 -2
85021 -2
85022 -2
85023 -2
85024 -2
85025 -2
85026 -2
85027 -2
85028 -2
85029 -2
85030 -2
85031 -2
85032 -2
85033 -2
85034 -2
85035 -2
85036 -2
85037 -2
85038 -2
85039 -2
85040 -2
85041 -2
85042 -2
85043 -2
85044 -2
85045 -2
85046 -2
85047 -2
85048 -2
85049 -2
85050 -2
85051 -2
85052 -2
85053 -2
85054 -2
85055 -2
85056 -2
85057 -2
85058 -2
85059 -2
85060 -2
85061 -2
85062 -2
85063 -2
85064 -2
85065 -2
85066 -2
85067 -2
85068 -2
85069 -2
85070 -2
85071 -2
85072 -2
85073 -2
85074 -2
85075 -2
85076 -2
85077 -2
85078 -2
85079 -2
85080 -2
85081 -2
85082 -2
85083 -2
85084 -2
85085 -2
85086 -2
85087 -2
85088 -2
85089 -2
85090 -2
85091 -2
85092 -2
85093 -2
85094 -2
85095 -2
85096 -2
85097 -2
85098 -2
85099 -2
85100 -2
85101 -2
85102 -2
85103 -2
85104 -2
85105 -2
85106 -2
85107 -2
85108 -2
85109 -2
85110 -2
85111 -2
85112 -2
85113 -2
85114 -2
85115 -2
85116 -2
85117 -2
85118 -2
85119 -2
85120 -2
85121 -2
85122 -2
85123 -2
85124 -2
85125 -2
85126 -2
85127 -2
85128 -2
85129 -2
85130 -2
85131 -2
85132 -2
85133 -2
85134 -2
85135 -2
85136 -2
85137 -2
85138 -2
85139 -2
85140 -2
85141 -2
85142 -2
85143 -2
85144 -2
85145 -2
85146 -2
85147 -2
85148 -2
85149 -2
85150 -2
85151 -2
85152 -2
85153 -2
85154 -2
85155 -2
85156 -2
85157 -2
85158 -2
85159 -2
85160 -2
85161 -2
85162 -2
85163 -2
85164 -2
85165 -2
85166 -2
85167 -2
85168 -2
85169 -2
85170 -2
85171 -2
85172 -2
85173 -2
85174 -2
85175 -2
85176 -2
85177 -2
85178 -2
85179 -2
85180 -2
85181 -2
85182 -2
85183 -2
85184 -2
85185 -2
85186 -2
85187 -2
85188 -2
85189 -2
85190 -2
85191 -2
85192 -2
85193 -2
85194 -2
85195 -2
85196 -2
85197 -2
85198 -2
85199 -2
85200 -2
85201 -2
85202 -2
85203 -2
85204 -2
85205 -2
85206 -2
85207 -2
85208 -2
85209 -2
85210 -2
85211 -2
85212 -2
85213 -2
85214 -2
85215 -2
85216 -2
85217 -2
85218 -2
85219 -2
85220 -2
85221 -2
85222 -2
85223 -2
85224 -2
85225 -2
85226 -2
85227 -2
85228 -2
85229 -2
85230 -2
85231 -2
85232 -2
85233 -2
85234 -2
85235 -2
85236 -2
85237 -2
85238 -2
85239 -2
85240 -2
85241 -2
85242 -2
85243 -2
85244 -2
85245 -2
85246 -2
85247 -2
85248 -2
85249 -2
85250 -2
85251 -2
85252 -2
85253 -2
85254 -2
85255 -2
85256 -2
85257 -2
85258 -2
85259 -2
85260 -2
85261 -2
85262 -2
85263 -2
85264 -2
85265 -2
85266 -2
85267 -2
85268 -2
85269 -2
85270 -2
85271 -2
85272 -2
85273 -2
85274 -2
85275 -2
85276 -2
85277 -2
85278 -2
85279 -2
85280 -2
85281 -2
85282 -2
85283 -2
85284 -2
85285 -2
85286 -2
85287 -2
85288 -2
85289 -2
85290 -2
85291 -2
85292 -2
85293 -2
85294 -2
85295 -2
85296 -2
85297 -2
85298 -2
85299 -2
85300 -2
85301 -2
85302 -2
85303 -2
85304 -2
85305 -2
85306 -2
85307 -2
85308 -2
85309 -2
85310 -2
85311 -2
85312 -2
85313 -2
85314 -2
85315 -2
85316 -2
85317 -2
85318 -2
85319 -2
85320 -2
85321 -2
85322 -2
85323 -2
85324 -2
85325 -2
85326 -2
85327 -2
85328 -2
85329 -2
85330 -2
85331 -2
85332 -2
85333 -2
85334 -2
85335 -2
85336 -2
85337 -2
85338 -2
85339 -2
85340 -2
85341 -2
85342 -2
85343 -2
85344 -2
85345 -2
85346 -2
85347 -2
85348 -2
85349 -2
85350 -2
85351 -2
85352 -2
85353 -2
85354 -2
85355 -2
85356 -2
85357 -2
85358 -2
85359 -2
85360 -2
85361 -2
85362 -2
85363 -2
85364 -2
85365 -2
85366 -2
85367 -2
85368 -2
85369 -2
85370 -2
85371 -2
85372 -2
85373 -2
85374 -2
85375 -2
85376 -2
85377 -2
85378 -2
85379 -2
85380 -2
85381 -2
85382 -2
85383 -2
85384 -2
85385 -2
85386 -2
85387 -2
85388 -2
85389 -2
85390 -2
85391 -2
85392 -2
85393 -2
85394 -2
85395 -2
85396 -2
85397 -2
85398 -2
85399 -2
85400 -2
85401 -2
85402 -2
85403 -2
85404 -2
85405 -2
85406 -2
85407 -2
85408 -2
85409 -2
85410 -2
85411 -2
85412 -2
85413 -2
85414 -2
85415 -2
85416 -2
85417 -2
85418 -2
85419 -2
85420 -2
85421 -2
85422 -2
85423 -2
85424 -2
85425 -2
85426 -2
85427 -2
85428 -2
85429 -2
85430 -2
85431 -2
85432 -2
85433 -2
85434 -2
85435 -2
85436 -2
85437 -2
85438 -2
85439 -2
85440 -2
85441 -2
85442 -2
85443 -2
85444 -2
85445 -2
85446 -2
85447 -2
85448 -2
85449 -2
85450 -2
85451 -2
85452 -2
85453 -2
85454 -2
85455 -2
85456 -2
85457 -2
85458 -2
85459 -2
85460 -2
85461 -2
85462 -2
85463 -2
85464 -2
85465 -2
85466 -2
85467 -2
85468 -2
85469 -2
85470 -2
85471 -2
85472 -2
85473 -2
85474 -2
85475 -2
85476 -2
85477 -2
85478 -2
85479 -2
85480 -2
85481 -2
85482 -2
85483 -2
85484 -2
85485 -2
85486 -2
85487 -2
85488 -2
85489 -2
85490 -2
85491 -2
85492 -2
85493 -2
85494 -2
85495 -2
85496 -2
85497 -2
85498 -2
85499 -2
85500 -2
85501 -2
85502 -2
85503 -2
85504 -2
85505 -2
85506 -2
85507 -2
85508 -2
85509 -2
85510 -2
85511 -2
85512 -2
85513 -2
85514 -2
85515 -2
85516 -2
85517 -2
85518 -2
85519 -2
85520 -2
85521 -2
85522 -2
85523 -2
85524 -2
85525 -2
85526 -2
85527 -2
85528 -2
85529 -2
85530 -2
85531 -2
85532 -2
85533 -2
85534 -2
85535 -2
85536 -2
85537 -2
85538 -2
85539 -2
85540 -2
85541 -2
85542 -2
85543 -2
85544 -2
85545 -2
85546 -2
85547 -2
85548 -2
85549 -2
85550 -2
85551 -2
85552 -2
85553 -2
85554 -2
85555 -2
85556 -2
85557 -2
85558 -2
85559 -2
85560 -2
85561 -2
85562 -2
85563 -2
85564 -2
85565 -2
85566 -2
85567 -2
85568 -2
85569 -2
85570 -2
85571 -2
85572 -2
85573 -2
85574 -2
85575 -2
85576 -2
85577 -2
85578 -2
85579 -2
85580 -2
85581 -2
85582 -2
85583 -2
85584 -2
85585 -2
85586 -2
85587 -2
85588 -2
85589 -2
85590 -2
85591 -2
85592 -2
85593 -2
85594 -2
85595 -2
85596 -2
85597 -2
85598 -2
85599 -2
85600 -2
85601 -2
85602 -2
85603 -2
85604 -2
85605 -2
85606 -2
85607 -2
85608 -2
85609 -2
85610 -2
85611 -2
85612 -2
85613 -2
85614 -2
85615 -2
85616 -2
85617 -2
85618 -2
85619 -2
85620 -2
85621 -2
85622 -2
85623 -2
85624 -2
85625 -2
85626 -2
85627 -2
85628 -2
85629 -2
85630 -2
85631 -2
85632 -2
85633 -2
85634 -2
85635 -2
85636 -2
85637 -2
85638 -2
85639 -2
85640 -2
85641 -2
85642 -2
85643 -2
85644 -2
85645 -2
85646 -2
85647 -2
85648 -2
85649 -2
85650 -2
85651 -2
85652 -2
85653 -2
85654 -2
85655 -2
85656 -2
85657 -2
85658 -2
85659 -2
85660 -2
85661 -2
85662 -2
85663 -2
85664 -2
85665 -2
85666 -2
85667 -2
85668 -2
85669 -2
85670 -2
85671 -2
85672 -2
85673 -2
85674 -2
85675 -2
85676 -2
85677 -2
85678 -2
85679 -2
85680 -2
85681 -2
85682 -2
85683 -2
85684 -2
85685 -2
85686 -2
85687 -2
85688 -2
85689 -2
85690 -2
85691 -2
85692 -2
85693 -2
85694 -2
85695 -2
85696 -2
85697 -2
85698 -2
85699 -2
85700 -2
85701 -2
85702 -2
85703 -2
85704 -2
85705 -2
85706 -2
85707 -2
85708 -2
85709 -2
85710 -2
85711 -2
85712 -2
85713 -2
85714 -2
85715 -2
85716 -2
85717 -2
85718 -2
85719 -2
85720 -2
85721 -2
85722 -2
85723 -2
85724 -2
85725 -2
85726 -2
85727 -2
85728 -2
85729 -2
85730 -2
85731 -2
85732 -2
85733 -2
85734 -2
85735 -2
85736 -2
85737 -2
85738 -2
85739 -2
85740 -2
85741 -2
85742 -2
85743 -2
85744 -2
85745 -2
85746 -2
85747 -2
85748 -2
85749 -2
85750 -2
85751 -2
85752 -2
85753 -2
85754 -2
85755 -2
85756 -2
85757 -2
85758 -2
85759 -2
85760 -2
85761 -2
85762 -2
85763 -2
85764 -2
85765 -2
85766 -2
85767 -2
85768 -2
85769 -2
85770 -2
85771 -2
85772 -2
85773 -2
85774 -2
85775 -2
85776 -2
85777 -2
85778 -2
85779 -2
85780 -2
85781 -2
85782 -2
85783 -2
85784 -2
85785 -2
85786 -2
85787 -2
85788 -2
85789 -2
85790 -2
85791 -2
85792 -2
85793 -2
85794 -2
85795 -2
85796 -2
85797 -2
85798 -2
85799 -2
85800 -2
85801 -2
85802 -2
85803 -2
85804 -2
85805 -2
85806 -2
85807 -2
85808 -2
85809 -2
85810 -2
85811 -2
85812 -2
85813 -2
85814 -2
85815 -2
85816 -2
85817 -2
85818 -2
85819 -2
85820 -2
85821 -2
85822 -2
85823 -2
85824 -2
85825 -2
85826 -2
85827 -2
85828 -2
85829 -2
85830 -2
85831 -2
85832 -2
85833 -2
85834 -2
85835 -2
85836 -2
85837 -2
85838 -2
85839 -2
85840 -2
85841 -2
85842 -2
85843 -2
85844 -2
85845 -2
85846 -2
85847 -2
85848 -2
85849 -2
85850 -2
85851 -2
85852 -2
85853 -2
85854 -2
85855 -2
85856 -2
85857 -2
85858 -2
85859 -2
85860 -2
85861 -2
85862 -2
85863 -2
85864 -2
85865 -2
85866 -2
85867 -2
85868 -2
85869 -2
85870 -2
85871 -2
85872 -2
85873 -2
85874 -2
85875 -2
85876 -2
85877 -2
85878 -2
85879 -2
85880 -2
85881 -2
85882 -2
85883 -2
85884 -2
85885 -2
85886 -2
85887 -2
85888 -2
85889 -2
85890 -2
85891 -2
85892 -2
85893 -2
85894 -2
85895 -2
85896 -2
85897 -2
85898 -2
85899 -2
85900 -2
85901 -2
85902 -2
85903 -2
85904 -2
85905 -2
85906 -2
85907 -2
85908 -2
85909 -2
85910 -2
85911 -2
85912 -2
85913 -2
85914 -2
85915 -2
85916 -2
85917 -2
85918 -2
85919 -2
85920 -2
85921 -2
85922 -2
85923 -2
85924 -2
85925 -2
85926 -2
85927 -2
85928 -2
85929 -2
85930 -2
85931 -2
85932 -2
85933 -2
85934 -2
85935 -2
85936 -2
85937 -2
85938 -2
85939 -2
85940 -2
85941 -2
85942 -2
85943 -2
85944 -2
85945 -2
85946 -2
85947 -2
85948 -2
85949 -2
85950 -2
85951 -2
85952 -2
85953 -2
85954 -2
85955 -2
85956 -2
85957 -2
85958 -2
85959 -2
85960 -2
85961 -2
85962 -2
85963 -2
85964 -2
85965 -2
85966 -2
85967 -2
85968 -2
85969 -2
85970 -2
85971 -2
85972 -2
85973 -2
85974 -2
85975 -2
85976 -2
85977 -2
85978 -2
85979 -2
85980 -2
85981 -2
85982 -2
85983 -2
85984 -2
85985 -2
85986 -2
85987 -2
85988 -2
85989 -2
85990 -2
85991 -2
85992 -2
85993 -2
85994 -2
85995 -2
85996 -2
85997 -2
85998 -2
85999 -2
86000 -2
86001 -2
86002 -2
86003 -2
86004 -2
86005 -2
86006 -2
86007 -2
86008 -2
86009 -2
86010 -2
86011 -2
86012 -2
86013 -2
86014 -2
86015 -2
86016 -1
86017 -1
86018 -1
86019 -1
86020 -1
86021 -1
86022 -1
86023 -1
86024 -1
86025 -1
86026 -1
86027 -1
86028 -1
86029 -1
86030 -1
86031 -1
86032 -1
86033 -1
86034 -1
86035 -1
86036 -1
86037 -1
86038 -1
86039 -1
86040 -1
86041 -1
86042 -1
86043 -1
86044 -1
86045 -1
86046 -1
86047 -1
86048 -1
86049 -1
86050 -1
86051 -1
86052 -1
86053 -1
86054 -1
86055 -1
86056 -1
86057 -1
86058 -1
86059 -1
86060 -1
86061 -1
86062 -1
86063 -1
86064 -1
86065 -1
86066 -1
86067 -1
86068 -1
86069 -1
86070 -1
86071 -1
86072 -1
86073 -1
86074 -1
86075 -1
86076 -1
86077 -1
86078 -1
86079 -1
86080 -1
86081 -1
86082 -1
86083 -1
86084 -1
86085 -1
86086 -1
86087 -1
86088 -1
86089 -1
86090 -1
86091 -1
86092 -1
86093 -1
86094 -1
86095 -1
86096 -1
86097 -1
86098 -1
86099 -1
86100 -1
86101 -1
86102 -1
86103 -1
86104 -1
86105 -1
86106 -1
86107 -1
86108 -1
86109 -1
86110 -1
86111 -1
86112 -1
86113 -1
86114 -1
86115 -1
86116 -1
86117 -1
86118 -1
86119 -1
86120 -1
86121 -1
86122 -1
86123 -1
86124 -1
86125 -1
86126 -1
86127 -1
86128 -1
86129 -1
86130 -1
86131 -1
86132 -1
86133 -1
86134 -1
86135 -1
86136 -1
86137 -1
86138 -1
86139 -1
86140 -1
86141 -1
86142 -1
86143 -1
86144 -1
86145 -1
86146 -1
86147 -1
86148 -1
86149 -1
86150 -1
86151 -1
86152 -1
86153 -1
86154 -1
86155 -1
86156 -1
86157 -1
86158 -1
86159 -1
86160 -1
86161 -1
86162 -1
86163 -1
86164 -1
86165 -1
86166 -1
86167 -1
86168 -1
86169 -1
86170 -1
86171 -1
86172 -1
86173 -1
86174 -1
86175 -1
86176 -1
86177 -1
86178 -1
86179 -1
86180 -1
86181 -1
86182 -1
86183 -1
86184 -1
86185 -1
86186 -1
86187 -1
86188 -1
86189 -1
86190 -1
86191 -1
86192 -1
86193 -1
86194 -1
86195 -1
86196 -1
86197 -1
86198 -1
86199 -1
86200 -1
86201 -1
86202 -1
86203 -1
86204 -1
86205 -1
86206 -1
86207 -1
86208 0
86209 0
86210 0
86211 0
86212 0
86213 0
86214 0
86215 0
86216 0
86217 0
86218 0
86219 0
86220 0
86221 0
86222 0
86223 0
86224 0
86225 0
86226 0
86227 0
86228 0
86229 0
86230 0
86231 0
86232 0
86233 0
86234 0
86235 0
86236 0
86237 0
86238 0
86239 0
86240 0
86241 0
86242 0
86243 0
86244 0
86245 0
86246 0
86247 0
86248 0
86249 0
86250 0
86251 0
86252 0
86253 0
86254 0
86255 0
86256 0
86257 0
86258 0
86259 0
86260 0
86261 0
86262 0
86263 0
86264 0
86265 0
86266 0
86267 0
86268 0
86269 0
86270 0
86271 0
86272 0
86273 0
86274 0
86275 0
86276 0
86277 0
86278 0
86279 0
86280 0
86281 0
86282 0
86283 0
86284 0
86285 0
86286 0
86287 0
86288 0
86289 0
86290 0
86291 0
86292 0
86293 0
86294 0
86295 0
86296 0
86297 0
86298 0
86299 0
86300 0
86301 0
86302 0
86303 0
86304 0
86305 0
86306 0
86307 0
86308 0
86309 0
86310 0
86311 0
86312 0
86313 0
86314 0
86315 0
86316 0
86317 0
86318 0
86319 0
86320 0
86321 0
86322 0
86323 0
86324 0
86325 0
86326 0
86327 0
86328 0
86329 0
86330 0
86331 0
86332 0
86333 0
86334 0
86335 0
86336 0
86337 0
86338 0
86339 0
86340 0
86341 0
86342 0
86343 0
86344 0
86345 0
86346 0
86347 0
86348 0
86349 0
86350 0
86351 0
86352 0
86353 0
86354 0
86355 0
86356 0
86357 0
86358 0
86359 0
86360 0
86361 0
86362 0
86363 0
86364 0
86365 0
86366 0
86367 0
86368 0
86369 0
86370 0
86371 0
86372 0
86373 0
86374 0
86375 0
86376 0
86377 0
86378 0
86379 0
86380 0
86381 0
86382 0
86383 0
86384 0
86385 0
86386 0
86387 0
86388 0
86389 0
86390 0
86391 0
86392 0
86393 0
86394 0
86395 0
86396 0
86397 0
86398 0
86399 0
86400 -1
86401 -1
86402 -1
86403 -1
86404 -1
86405 -1
86406 -1
86407 -1
86408 -1
86409 -1
86410 -1
86411 -1
86412 -1
86413 -1
86414 -1
86415 -1
86416 -1
86417 -1
86418 -1
86419 -1
86420 -1
86421 -1
86422 -1
86423 -1
86424 -1
86425 -1
86426 -1
86427 -1
86428 -1
86429 -1
86430 -1
86431 -1
86432 -1
86433 -1
86434 -1
86435 -1
86436 -1
86437 -1
86438 -1
86439 -1
86440 -1
86441 -1
86442 -1
86443 -1
86444 -1
86445 -1
86446 -1
86447 -1
86448 -1
86449 -1
86450 -1
86451 -1
86452 -1
86453 -1
86454 -1
86455 -1
86456 -1
86457 -1
86458 -1
86459 -1
86460 -1
86461 -1
86462 -1
86463 -1
86464 -1
86465 -1
86466 -1
86467 -1
86468 -1
86469 -1
86470 -1
86471 -1
86472 -1
86473 -1
86474 -1
86475 -1
86476 -1
86477 -1
86478 -1
86479 -1
86480 -1
86481 -1
86482 -1
86483 -1
86484 -1
86485 -1
86486 -1
86487 -1
86488 -1
86489 -1
86490 -1
86491 -1
86492 -1
86493 -1
86494 -1
86495 -1
86496 -1
86497 -1
86498 -1
86499 -1
86500 -1
86501 -1
86502 -1
86503 -1
86504 -1
86505 -1
86506 -1
86507 -1
86508 -1
86509 -1
86510 -1
86511 -1
86512 -1
86513 -1
86514 -1
86515 -1
86516 -1
86517 -1
86518 -1
86519 -1
86520 -1
86521 -1
86522 -1
86523 -1
86524 -1
86525 -1
86526 -1
86527 -1
86528 -1
86529 -1
86530 -1
86531 -1
86532 -1
86533 -1
86534 -1
86535 -1
86536 -1
86537 -1
86538 -1
86539 -1
86540 -1
86541 -1
86542 -1
86543 -1
86544 -1
86545 -1
86546 -1
86547 -1
86548 -1
86549 -1
86550 -1
86551 -1
86552 -1
86553 -1
86554 -1
86555 -1
86556 -1
86557 -1
86558 -1
86559 -1
86560 -1
86561 -1
86562 -1
86563 -1
86564 -1
86565 -1
86566 -1
86567 -1
86568 -1
86569 -1
86570 -1
86571 -1
86572 -1
86573 -1
86574 -1
86575 -1
86576 -1
86577 -1
86578 -1
86579 -1
86580 -1
86581 -1
86582 -1
86583 -1
86584 -1
86585 -1
86586 -1
86587 -1
86588 -1
86589 -1
86590 -1
86591 -1
86592 0
86593 0
86594 0
86595 0
86596 0
86597 0
86598 0
86599 0
86600 0
86601 0
86602 0
86603 0
86604 0
86605 0
86606 0
86607 0
86608 0
86609 0
86610 0
86611 0
86612 0
86613 0
86614 0
86615 0
86616 0
86617 0
86618 0
86619 0
86620 0
86621 0
86622 0
86623 0
86624 0
86625 0
86626 0
86627 0
86628 0
86629 0
86630 0
86631 0
86632 0
86633 0
86634 0
86635 0
86636 0
86637 0
86638 0
86639 0
86640 0
86641 0
86642 0
86643 0
86644 0
86645 0
86646 0
86647 0
86648 0
86649 0
86650 0
86651 0
86652 0
86653 0
86654 0
86655 0
86656 0
86657 0
86658 0
86659 0
86660 0
86661 0
86662 0
86663 0
86664 0
86665 0
86666 0
86667 0
86668 0
86669 0
86670 0
86671 0
86672 0
86673 0
86674 0
86675 0
86676 0
86677 0
86678 0
86679 0
86680 0
86681 0
86682 0
86683 0
86684 0
86685 0
86686 0
86687 0
86688 0
86689 0
86690 0
86691 0
86692 0
86693 0
86694 0
86695 0
86696 0
86697 0
86698 0
86699 0
86700 0
86701 0
86702 0
86703 0
86704 0
86705 0
86706 0
86707 0
86708 0
86709 0
86710 0
86711 0
86712 0
86713 0
86714 0
86715 0
86716 0
86717 0
86718 0
86719 0
86720 0
86721 0
86722 0
86723 0
86724 0
86725 0
86726 0
86727 0
86728 0
86729 0
86730 0
86731 0
86732 0
86733 0
86734 0
86735 0
86736 0
86737 0
86738 0
86739 0
86740 0
86741 0
86742 0
86743 0
86744 0
86745 0
86746 0
86747 0
86748 0
86749 0
86750 0
86751 0
86752 0
86753 0
86754 0
86755 0
86756 0
86757 0
86758 0
86759 0
86760 0
86761 0
86762 0
86763 0
86764 0
86765 0
86766 0
86767 0
86768 0
86769 0
86770 0
86771 0
86772 0
86773 0
86774 0
86775 0
86776 0
86777 0
86778 0
86779 0
86780 0
86781 0
86782 0
86783 0
86784 -1
86785 -1
86786 -1
86787 -1
86788 -1
86789 -1
86790 -1
86791 -1
86792 -1
86793 -1
86794 -1
86795 -1
86796 -1
86797 -1
86798 -1
86799 -1
86800 -1
86801 -1
86802 -1
86803 -1
86804 -1
86805 -1
86806 -1
86807 -1
86808 -1
86809 -1
86810 -1
86811 -1
86812 -1
86813 -1
86814 -1
86815 -1
86816 -1
86817 -1
86818 -1
86819 -1
86820 -1
86821 -1
86822 -1
86823 -1
86824 -1
86825 -1
86826 -1
86827 -1
86828 -1
86829 -1
86830 -1
86831 -1
86832 -1
86833 -1
86834 -1
86835 -1
86836 -1
86837 -1
86838 -1
86839 -1
86840 -1
86841 -1
86842 -1
86843 -1
86844 -1
86845 -1
86846 -1
86847 -1
86848 -1
86849 -1
86850 -1
86851 -1
86852 -1
86853 -1
86854 -1
86855 -1
86856 -1
86857 -1
86858 -1
86859 -1
86860 -1
86861 -1
86862 -1
86863 -1
86864 -1
86865 -1
86866 -1
86867 -1
86868 -1
86869 -1
86870 -1
86871 -1
86872 -1
86873 -1
86874 -1
86875 -1
86876 -1
86877 -1
86878 -1
86879 -1
86880 -1
86881 -1
86882 -1
86883 -1
86884 -1
86885 -1
86886 -1
86887 -1
86888 -1
86889 -1
86890 -1
86891 -1
86892 -1
86893 -1
86894 -1
86895 -1
86896 -1
86897 -1
86898 -1
86899 -1
86900 -1
86901 -1
86902 -1
86903 -1
86904 -1
86905 -1
86906 -1
86907 -1
86908 -1
86909 -1
86910 -1
86911 -1
86912 -1
86913 -1
86914 -1
86915 -1
86916 -1
86917 -1
86918 -1
86919 -1
86920 -1
86921 -1
86922 -1
86923 -1
86924 -1
86925 -1
86926 -1
86927 -1
86928 -1
86929 -1
86930 -1
86931 -1
86932 -1
86933 -1
86934 -1
86935 -1
86936 -1
86937 -1
86938 -1
86939 -1
86940 -1
86941 -1
86942 -1
86943 -1
86944 -1
86945 -1
86946 -1
86947 -1
86948 -1
86949 -1
86950 -1
86951 -1
86952 -1
86953 -1
86954 -1
86955 -1
86956 -1
86957 -1
86958 -1
86959 -1
86960 -1
86961 -1
86962 -1
86963 -1
86964 -1
86965 -1
86966 -1
86967 -1
86968 -1
86969 -1
86970 -1
86971 -1
86972 -1
86973 -1
86974 -1
86975 -1
86976 -1
86977 -1
86978 -1
86979 -1
86980 -1
86981 -1
86982 -1
86983 -1
86984 -1
86985 -1
86986 -1
86987 -1
86988 -1
86989 -1
86990 -1
86991 -1
86992 -1
86993 -1
86994 -1
86995 -1
86996 -1
86997 -1
86998 -1
86999 -1
87000 -1
87001 -1
87002 -1
87003 -1
87004 -1
87005 -1
87006 -1
87007 -1
87008 -1
87009 -1
87010 -1
87011 -1
87012 -1
87013 -1
87014 -1
87015 -1
87016 -1
87017 -1
87018 -1
87019 -1
87020 -1
87021 -1
87022 -1
87023 -1
87024 -1
87025 -1
87026 -1
87027 -1
87028 -1
87029 -1
87030 -1
87031 -1
87032 -1
87033 -1
87034 -1
87035 -1
87036 -1
87037 -1
87038 -1
87039 -1
87040 -1
87041 -1
87042 -1
87043 -1
87044 -1
87045 -1
87046 -1
87047 -1
87048 -1
87049 -1
87050 -1
87051 -1
87052 -1
87053 -1
87054 -1
87055 -1
87056 -1
87057 -1
87058 -1
87059 -1
87060 -1
87061 -1
87062 -1
87063 -1
87064 -1
87065 -1
87066 -1
87067 -1
87068 -1
87069 -1
87070 -1
87071 -1
87072 -1
87073 -1
87074 -1
87075 -1
87076 -1
87077 -1
87078 -1
87079 -1
87080 -1
87081 -1
87082 -1
87083 -1
87084 -1
87085 -1
87086 -1
87087 -1
87088 -1
87089 -1
87090 -1
87091 -1
87092 -1
87093 -1
87094 -1
87095 -1
87096 -1
87097 -1
87098 -1
87099 -1
87100 -1
87101 -1
87102 -1
87103 -1
87104 -1
87105 -1
87106 -1
87107 -1
87108 -1
87109 -1
87110 -1
87111 -1
87112 -1
87113 -1
87114 -1
87115 -1
87116 -1
87117 -1
87118 -1
87119 -1
87120 -1
87121 -1
87122 -1
87123 -1
87124 -1
87125 -1
87126 -1
87127 -1
87128 -1
87129 -1
87130 -1
87131 -1
87132 -1
87133 -1
87134 -1
87135 -1
87136 -1
87137 -1
87138 -1
87139 -1
87140 -1
87141 -1
87142 -1
87143 -1
87144 -1
87145 -1
87146 -1
87147 -1
87148 -1
87149 -1
87150 -1
87151 -1
87152 -1
87153 -1
87154 -1
87155 -1
87156 -1
87157 -1
87158 -1
87159 -1
87160 -1
87161 -1
87162 -1
87163 -1
87164 -1
87165 -1
87166 -1
87167 -1
87168 -1
87169 -1
87170 -1
87171 -1
87172 -1
87173 -1
87174 -1
87175 -1
87176 -1
87177 -1
87178 -1
87179 -1
87180 -1
87181 -1
87182 -1
87183 -1
87184 -1
87185 -1
87186 -1
87187 -1
87188 -1
87189 -1
87190 -1
87191 -1
87192 -1
87193 -1
87194 -1
87195 -1
87196 -1
87197 -1
87198 -1
87199 -1
87200 -1
87201 -1
87202 -1
87203 -1
87204 -1
87205 -1
87206 -1
87207 -1
87208 -1
87209 -1
87210 -1
87211 -1
87212 -1
87213 -1
87214 -1
87215 -1
87216 -1
87217 -1
87218 -1
87219 -1
87220 -1
87221 -1
87222 -1
87223 -1
87224 -1
87225 -1
87226 -1
87227 -1
87228 -1
87229 -1
87230 -1
87231 -1
87232 -1
87233 -1
87234 -1
87235 -1
87236 -1
87237 -1
87238 -1
87239 -1
87240 -1
87241 -1
87242 -1
87243 -1
87244 -1
87245 -1
87246 -1
87247 -1
87248 -1
87249 -1
87250 -1
87251 -1
87252 -1
87253 -1
87254 -1
87255 -1
87256 -1
87257 -1
87258 -1
87259 -1
87260 -1
87261 -1
87262 -1
87263 -1
87264 -1
87265 -1
87266 -1
87267 -1
87268 -1
87269 -1
87270 -1
87271 -1
87272 -1
87273 -1
87274 -1
87275 -1
87276 -1
87277 -1
87278 -1
87279 -1
87280 -1
87281 -1
87282 -1
87283 -1
87284 -1
87285 -1
87286 -1
87287 -1
87288 -1
87289 -1
87290 -1
87291 -1
87292 -1
87293 -1
87294 -1
87295 -1
87296 -1
87297 -1
87298 -1
87299 -1
87300 -1
87301 -1
87302 -1
87303 -1
87304 -1
87305 -1
87306 -1
87307 -1
87308 -1
87309 -1
87310 -1
87311 -1
87312 -1
87313 -1
87314 -1
87315 -1
87316 -1
87317 -1
87318 -1
87319 -1
87320 -1
87321 -1
87322 -1
87323 -1
87324 -1
87325 -1
87326 -1
87327 -1
87328 -1
87329 -1
87330 -1
87331 -1
87332 -1
87333 -1
87334 -1
87335 -1
87336 -1
87337 -1
87338 -1
87339 -1
87340 -1
87341 -1
87342 -1
87343 -1
87344 -1
87345 -1
87346 -1
87347 -1
87348 -1
87349 -1
87350 -1
87351 -1
87352 -1
87353 -1
87354 -1
87355 -1
87356 -1
87357 -1
87358 -1
87359 -1
87360 -1
87361 -1
87362 -1
87363 -1
87364 -1
87365 -1
87366 -1
87367 -1
87368 -1
87369 -1
87370 -1
87371 -1
87372 -1
87373 -1
87374 -1
87375 -1
87376 -1
87377 -1
87378 -1
87379 -1
87380 -1
87381 -1
87382 -1
87383 -1
87384 -1
87385 -1
87386 -1
87387 -1
87388 -1
87389 -1
87390 -1
87391 -1
87392 -1
87393 -1
87394 -1
87395 -1
87396 -1
87397 -1
87398 -1
87399 -1
87400 -1
87401 -1
87402 -1
87403 -1
87404 -1
87405 -1
87406 -1
87407 -1
87408 -1
87409 -1
87410 -1
87411 -1
87412 -1
87413 -1
87414 -1
87415 -1
87416 -1
87417 -1
87418 -1
87419 -1
87420 -1
87421 -1
87422 -1
87423 -1
87424 -1
87425 -1
87426 -1
87427 -1
87428 -1
87429 -1
87430 -1
87431 -1
87432 -1
87433 -1
87434 -1
87435 -1
87436 -1
87437 -1
87438 -1
87439 -1
87440 -1
87441 -1
87442 -1
87443 -1
87444 -1
87445 -1
87446 -1
87447 -1
87448 -1
87449 -1
87450 -1
87451 -1
87452 -1
87453 -1
87454 -1
87455 -1
87456 -1
87457 -1
87458 -1
87459 -1
87460 -1
87461 -1
87462 -1
87463 -1
87464 -1
87465 -1
87466 -1
87467 -1
87468 -1
87469 -1
87470 -1
87471 -1
87472 -1
87473 -1
87474 -1
87475 -1
87476 -1
87477 -1
87478 -1
87479 -1
87480 -1
87481 -1
87482 -1
87483 -1
87484 -1
87485 -1
87486 -1
87487 -1
87488 -1
87489 -1
87490 -1
87491 -1
87492 -1
87493 -1
87494 -1
87495 -1
87496 -1
87497 -1
87498 -1
87499 -1
87500 -1
87501 -1
87502 -1
87503 -1
87504 -1
87505 -1
87506 -1
87507 -1
87508 -1
87509 -1
87510 -1
87511 -1
87512 -1
87513 -1
87514 -1
87515 -1
87516 -1
87517 -1
87518 -1
87519 -1
87520 -1
87521 -1
87522 -1
87523 -1
87524 -1
87525 -1
87526 -1
87527 -1
87528 -1
87529 -1
87530 -1
87531 -1
87532 -1
87533 -1
87534 -1
87535 -1
87536 -1
87537 -1
87538 -1
87539 -1
87540 -1
87541 -1
87542 -1
87543 -1
87544 -1
87545 -1
87546 -1
87547 -1
87548 -1
87549 -1
87550 -1
87551 -1
87552 -1
87553 -1
87554 -1
87555 -1
87556 -1
87557 -1
87558 -1
87559 -1
87560 -1
87561 -1
87562 -1
87563 -1
87564 -1
87565 -1
87566 -1
87567 -1
87568 -1
87569 -1
87570 -1
87571 -1
87572 -1
87573 -1
87574 -1
87575 -1
87576 -1
87577 -1
87578 -1
87579 -1
87580 -1
87581 -1
87582 -1
87583 -1
87584 -1
87585 -1
87586 -1
87587 -1
87588 -1
87589 -1
87590 -1
87591 -1
87592 -1
87593 -1
87594 -1
87595 -1
87596 -1
87597 -1
87598 -1
87599 -1
87600 -1
87601 -1
87602 -1
87603 -1
87604 -1
87605 -1
87606 -1
87607 -1
87608 -1
87609 -1
87610 -1
87611 -1
87612 -1
87613 -1
87614 -1
87615 -1
87616 -1
87617 -1
87618 -1
87619 -1
87620 -1
87621 -1
87622 -1
87623 -1
87624 -1
87625 -1
87626 -1
87627 -1
87628 -1
87629 -1
87630 -1
87631 -1
87632 -1
87633 -1
87634 -1
87635 -1
87636 -1
87637 -1
87638 -1
87639 -1
87640 -1
87641 -1
87642 -1
87643 -1
87644 -1
87645 -1
87646 -1
87647 -1
87648 -1
87649 -1
87650 -1
87651 -1
87652 -1
87653 -1
87654 -1
87655 -1
87656 -1
87657 -1
87658 -1
87659 -1
87660 -1
87661 -1
87662 -1
87663 -1
87664 -1
87665 -1
87666 -1
87667 -1
87668 -1
87669 -1
87670 -1
87671 -1
87672 -1
87673 -1
87674 -1
87675 -1
87676 -1
87677 -1
87678 -1
87679 -1
87680 -1
87681 -1
87682 -1
87683 -1
87684 -1
87685 -1
87686 -1
87687 -1
87688 -1
87689 -1
87690 -1
87691 -1
87692 -1
87693 -1
87694 -1
87695 -1
87696 -1
87697 -1
87698 -1
87699 -1
87700 -1
87701 -1
87702 -1
87703 -1
87704 -1
87705 -1
87706 -1
87707 -1
87708 -1
87709 -1
87710 -1
87711 -1
87712 -1
87713 -1
87714 -1
87715 -1
87716 -1
87717 -1
87718 -1
87719 -1
87720 -1
87721 -1
87722 -1
87723 -1
87724 -1
87725 -1
87726 -1
87727 -1
87728 -1
87729 -1
87730 -1
87731 -1
87732 -1
87733 -1
87734 -1
87735 -1
87736 -1
87737 -1
87738 -1
87739 -1
87740 -1
87741 -1
87742 -1
87743 -1
87744 -1
87745 -1
87746 -1
87747 -1
87748 -1
87749 -1
87750 -1
87751 -1
87752 -1
87753 -1
87754 -1
87755 -1
87756 -1
87757 -1
87758 -1
87759 -1
87760 -1
87761 -1
87762 -1
87763 -1
87764 -1
87765 -1
87766 -1
87767 -1
87768 -1
87769 -1
87770 -1
87771 -1
87772 -1
87773 -1
87774 -1
87775 -1
87776 -1
87777 -1
87778 -1
87779 -1
87780 -1
87781 -1
87782 -1
87783 -1
87784 -1
87785 -1
87786 -1
87787 -1
87788 -1
87789 -1
87790 -1
87791 -1
87792 -1
87793 -1
87794 -1
87795 -1
87796 -1
87797 -1
87798 -1
87799 -1
87800 -1
87801 -1
87802 -1
87803 -1
87804 -1
87805 -1
87806 -1
87807 -1
87808 -1
87809 -1
87810 -1
87811 -1
87812 -1
87813 -1
87814 -1
87815 -1
87816 -1
87817 -1
87818 -1
87819 -1
87820 -1
87821 -1
87822 -1
87823 -1
87824 -1
87825 -1
87826 -1
87827 -1
87828 -1
87829 -1
87830 -1
87831 -1
87832 -1
87833 -1
87834 -1
87835 -1
87836 -1
87837 -1
87838 -1
87839 -1
87840 -1
87841 -1
87842 -1
87843 -1
87844 -1
87845 -1
87846 -1
87847 -1
87848 -1
87849 -1
87850 -1
87851 -1
87852 -1
87853 -1
87854 -1
87855 -1
87856 -1
87857 -1
87858 -1
87859 -1
87860 -1
87861 -1
87862 -1
87863 -1
87864 -1
87865 -1
87866 -1
87867 -1
87868 -1
87869 -1
87870 -1
87871 -1
87872 -1
87873 -1
87874 -1
87875 -1
87876 -1
87877 -1
87878 -1
87879 -1
87880 -1
87881 -1
87882 -1
87883 -1
87884 -1
87885 -1
87886 -1
87887 -1
87888 -1
87889 -1
87890 -1
87891 -1
87892 -1
87893 -1
87894 -1
87895 -1
87896 -1
87897 -1
87898 -1
87899 -1
87900 -1
87901 -1
87902 -1
87903 -1
87904 -1
87905 -1
87906 -1
87907 -1
87908 -1
87909 -1
87910 -1
87911 -1
87912 -1
87913 -1
87914 -1
87915 -1
87916 -1
87917 -1
87918 -1
87919 -1
87920 -1
87921 -1
87922 -1
87923 -1
87924 -1
87925 -1
87926 -1
87927 -1
87928 -1
87929 -1
87930 -1
87931 -1
87932 -1
87933 -1
87934 -1
87935 -1
87936 -1
87937 -1
87938 -1
87939 -1
87940 -1
87941 -1
87942 -1
87943 -1
87944 -1
87945 -1
87946 -1
87947 -1
87948 -1
87949 -1
87950 -1
87951 -1
87952 -1
87953 -1
87954 -1
87955 -1
87956 -1
87957 -1
87958 -1
87959 -1
87960 -1
87961 -1
87962 -1
87963 -1
87964 -1
87965 -1
87966 -1
87967 -1
87968 -1
87969 -1
87970 -1
87971 -1
87972 -1
87973 -1
87974 -1
87975 -1
87976 -1
87977 -1
87978 -1
87979 -1
87980 -1
87981 -1
87982 -1
87983 -1
87984 -1
87985 -1
87986 -1
87987 -1
87988 -1
87989 -1
87990 -1
87991 -1
87992 -1
87993 -1
87994 -1
87995 -1
87996 -1
87997 -1
87998 -1
87999 -1
88000 -1
88001 -1
88002 -1
88003 -1
88004 -1
88005 -1
88006 -1
88007 -1
88008 -1
88009 -1
88010 -1
88011 -1
88012 -1
88013 -1
88014 -1
88015 -1
88016 -1
88017 -1
88018 -1
88019 -1
88020 -1
88021 -1
88022 -1
88023 -1
88024 -1
88025 -1
88026 -1
88027 -1
88028 -1
88029 -1
88030 -1
88031 -1
88032 -1
88033 -1
88034 -1
88035 -1
88036 -1
88037 -1
88038 -1
88039 -1
88040 -1
88041 -1
88042 -1
88043 -1
88044 -1
88045 -1
88046 -1
88047 -1
88048 -1
88049 -1
88050 -1
88051 -1
88052 -1
88053 -1
88054 -1
88055 -1
88056 -1
88057 -1
88058 -1
88059 -1
88060 -1
88061 -1
88062 -1
88063 -1
88064 -1
88065 -1
88066 -1
88067 -1
88068 -1
88069 -1
88070 -1
88071 -1
88072 -1
88073 -1
88074 -1
88075 -1
88076 -1
88077 -1
88078 -1
88079 -1
88080 -1
88081 -1
88082 -1
88083 -1
88084 -1
88085 -1
88086 -1
88087 -1
88088 -1
88089 -1
88090 -1
88091 -1
88092 -1
88093 -1
88094 -1
88095 -1
88096 -1
88097 -1
88098 -1
88099 -1
88100 -1
88101 -1
88102 -1
88103 -1
88104 -1
88105 -1
88106 -1
88107 -1
88108 -1
88109 -1
88110 -1
88111 -1
88112 -1
88113 -1
88114 -1
88115 -1
88116 -1
88117 -1
88118 -1
88119 -1
88120 -1
88121 -1
88122 -1
88123 -1
88124 -1
88125 -1
88126 -1
88127 -1
88128 -1
88129 -1
88130 -1
88131 -1
88132 -1
88133 -1
88134 -1
88135 -1
88136 -1
88137 -1
88138 -1
88139 -1
88140 -1
88141 -1
88142 -1
88143 -1
88144 -1
88145 -1
88146 -1
88147 -1
88148 -1
88149 -1
88150 -1
88151 -1
88152 -1
88153 -1
88154 -1
88155 -1
88156 -1
88157 -1
88158 -1
88159 -1
88160 -1
88161 -1
88162 -1
88163 -1
88164 -1
88165 -1
88166 -1
88167 -1
88168 -1
88169 -1
88170 -1
88171 -1
88172 -1
88173 -1
88174 -1
88175 -1
88176 -1
88177 -1
88178 -1
88179 -1
88180 -1
88181 -1
88182 -1
88183 -1
88184 -1
88185 -1
88186 -1
88187 -1
88188 -1
88189 -1
88190 -1
88191 -1
88192 -1
88193 -1
88194 -1
88195 -1
88196 -1
88197 -1
88198 -1
88199 -1
88200 -1
88201 -1
88202 -1
88203 -1
88204 -1
88205 -1
88206 -1
88207 -1
88208 -1
88209 -1
88210 -1
88211 -1
88212 -1
88213 -1
88214 -1
88215 -1
88216 -1
88217 -1
88218 -1
88219 -1
88220 -1
88221 -1
88222 -1
88223 -1
88224 -1
88225 -1
88226 -1
88227 -1
88228 -1
88229 -1
88230 -1
88231 -1
88232 -1
88233 -1
88234 -1
88235 -1
88236 -1
88237 -1
88238 -1
88239 -1
88240 -1
88241 -1
88242 -1
88243 -1
88244 -1
88245 -1
88246 -1
88247 -1
88248 -1
88249 -1
88250 -1
88251 -1
88252 -1
88253 -1
88254 -1
88255 -1
88256 -1
88257 -1
88258 -1
88259 -1
88260 -1
88261 -1
88262 -1
88263 -1
88264 -1
88265 -1
88266 -1
88267 -1
88268 -1
88269 -1
88270 -1
88271 -1
88272 -1
88273 -1
88274 -1
88275 -1
88276 -1
88277 -1
88278 -1
88279 -1
88280 -1
88281 -1
88282 -1
88283 -1
88284 -1
88285 -1
88286 -1
88287 -1
88288 -1
88289 -1
88290 -1
88291 -1
88292 -1
88293 -1
88294 -1
88295 -1
88296 -1
88297 -1
88298 -1
88299 -1
88300 -1
88301 -1
88302 -1
88303 -1
88304 -1
88305 -1
88306 -1
88307 -1
88308 -1
88309 -1
88310 -1
88311 -1
88312 -1
88313 -1
88314 -1
88315 -1
88316 -1
88317 -1
88318 -1
88319 -1
88320 -1
88321 -1
88322 -1
88323 -1
88324 -1
88325 -1
88326 -1
88327 -1
88328 -1
88329 -1
88330 -1
88331 -1
88332 -1
88333 -1
88334 -1
88335 -1
88336 -1
88337 -1
88338 -1
88339 -1
88340 -1
88341 -1
88342 -1
88343 -1
88344 -1
88345 -1
88346 -1
88347 -1
88348 -1
88349 -1
88350 -1
88351 -1
88352 -1
88353 -1
88354 -1
88355 -1
88356 -1
88357 -1
88358 -1
88359 -1
88360 -1
88361 -1
88362 -1
88363 -1
88364 -1
88365 -1
88366 -1
88367 -1
88368 -1
88369 -1
88370 -1
88371 -1
88372 -1
88373 -1
88374 -1
88375 -1
88376 -1
88377 -1
88378 -1
88379 -1
88380 -1
88381 -1
88382 -1
88383 -1
88384 -1
88385 -1
88386 -1
88387 -1
88388 -1
88389 -1
88390 -1
88391 -1
88392 -1
88393 -1
88394 -1
88395 -1
88396 -1
88397 -1
88398 -1
88399 -1
88400 -1
88401 -1
88402 -1
88403 -1
88404 -1
88405 -1
88406 -1
88407 -1
88408 -1
88409 -1
88410 -1
88411 -1
88412 -1
88413 -1
88414 -1
88415 -1
88416 -1
88417 -1
88418 -1
88419 -1
88420 -1
88421 -1
88422 -1
88423 -1
88424 -1
88425 -1
88426 -1
88427 -1
88428 -1
88429 -1
88430 -1
88431 -1
88432 -1
88433 -1
88434 -1
88435 -1
88436 -1
88437 -1
88438 -1
88439 -1
88440 -1
88441 -1
88442 -1
88443 -1
88444 -1
88445 -1
88446 -1
88447 -1
88448 -1
88449 -1
88450 -1
88451 -1
88452 -1
88453 -1
88454 -1
88455 -1
88456 -1
88457 -1
88458 -1
88459 -1
88460 -1
88461 -1
88462 -1
88463 -1
88464 -1
88465 -1
88466 -1
88467 -1
88468 -1
88469 -1
88470 -1
88471 -1
88472 -1
88473 -1
88474 -1
88475 -1
88476 -1
88477 -1
88478 -1
88479 -1
88480 -1
88481 -1
88482 -1
88483 -1
88484 -1
88485 -1
88486 -1
88487 -1
88488 -1
88489 -1
88490 -1
88491 -1
88492 -1
88493 -1
88494 -1
88495 -1
88496 -1
88497 -1
88498 -1
88499 -1
88500 -1
88501 -1
88502 -1
88503 -1
88504 -1
88505 -1
88506 -1
88507 -1
88508 -1
88509 -1
88510 -1
88511 -1
88512 -1
88513 -1
88514 -1
88515 -1
88516 -1
88517 -1
88518 -1
88519 -1
88520 -1
88521 -1
88522 -1
88523 -1
88524 -1
88525 -1
88526 -1
88527 -1
88528 -1
88529 -1
88530 -1
88531 -1
88532 -1
88533 -1
88534 -1
88535 -1
88536 -1
88537 -1
88538 -1
88539 -1
88540 -1
88541 -1
88542 -1
88543 -1
88544 -1
88545 -1
88546 -1
88547 -1
88548 -1
88549 -1
88550 -1
88551 -1
88552 -1
88553 -1
88554 -1
88555 -1
88556 -1
88557 -1
88558 -1
88559 -1
88560 -1
88561 -1
88562 -1
88563 -1
88564 -1
88565 -1
88566 -1
88567 -1
88568 -1
88569 -1
88570 -1
88571 -1
88572 -1
88573 -1
88574 -1
88575 -1
88576 -1
88577 -1
88578 -1
88579 -1
88580 -1
88581 -1
88582 -1
88583 -1
88584 -1
88585 -1
88586 -1
88587 -1
88588 -1
88589 -1
88590 -1
88591 -1
88592 -1
88593 -1
88594 -1
88595 -1
88596 -1
88597 -1
88598 -1
88599 -1
88600 -1
88601 -1
88602 -1
88603 -1
88604 -1
88605 -1
88606 -1
88607 -1
88608 -1
88609 -1
88610 -1
88611 -1
88612 -1
88613 -1
88614 -1
88615 -1
88616 -1
88617 -1
88618 -1
88619 -1
88620 -1
88621 -1
88622 -1
88623 -1
88624 -1
88625 -1
88626 -1
88627 -1
88628 -1
88629 -1
88630 -1
88631 -1
88632 -1
88633 -1
88634 -1
88635 -1
88636 -1
88637 -1
88638 -1
88639 -1
88640 -1
88641 -1
88642 -1
88643 -1
88644 -1
88645 -1
88646 -1
88647 -1
88648 -1
88649 -1
88650 -1
88651 -1
88652 -1
88653 -1
88654 -1
88655 -1
88656 -1
88657 -1
88658 -1
88659 -1
88660 -1
88661 -1
88662 -1
88663 -1
88664 -1
88665 -1
88666 -1
88667 -1
88668 -1
88669 -1
88670 -1
88671 -1
88672 -1
88673 -1
88674 -1
88675 -1
88676 -1
88677 -1
88678 -1
88679 -1
88680 -1
88681 -1
88682 -1
88683 -1
88684 -1
88685 -1
88686 -1
88687 -1
88688 -1
88689 -1
88690 -1
88691 -1
88692 -1
88693 -1
88694 -1
88695 -1
88696 -1
88697 -1
88698 -1
88699 -1
88700 -1
88701 -1
88702 -1
88703 -1
88704 0
88705 0
88706 0
88707 0
88708 0
88709 0
88710 0
88711 0
88712 0
88713 0
88714 0
88715 0
88716 0
88717 0
88718 0
88719 0
88720 0
88721 0
88722 0
88723 0
88724 0
88725 0
88726 0
88727 0
88728 0
88729 0
88730 0
88731 0
88732 0
88733 0
88734 0
88735 0
88736 0
88737 0
88738 0
88739 0
88740 0
88741 0
88742 0
88743 0
88744 0
88745 0
88746 0
88747 0
88748 0
88749 0
88750 0
88751 0
88752 0
88753 0
88754 0
88755 0
88756 0
88757 0
88758 0
88759 0
88760 0
88761 0
88762 0
88763 0
88764 0
88765 0
88766 0
88767 0
88768 0
88769 0
88770 0
88771 0
88772 0
88773 0
88774 0
88775 0
88776 0
88777 0
88778 0
88779 0
88780 0
88781 0
88782 0
88783 0
88784 0
88785 0
88786 0
88787 0
88788 0
88789 0
88790 0
88791 0
88792 0
88793 0
88794 0
88795 0
88796 0
88797 0
88798 0
88799 0
88800 0
88801 0
88802 0
88803 0
88804 0
88805 0
88806 0
88807 0
88808 0
88809 0
88810 0
88811 0
88812 0
88813 0
88814 0
88815 0
88816 0
88817 0
88818 0
88819 0
88820 0
88821 0
88822 0
88823 0
88824 0
88825 0
88826 0
88827 0
88828 0
88829 0
88830 0
88831 0
88832 0
88833 0
88834 0
88835 0
88836 0
88837 0
88838 0
88839 0
88840 0
88841 0
88842 0
88843 0
88844 0
88845 0
88846 0
88847 0
88848 0
88849 0
88850 0
88851 0
88852 0
88853 0
88854 0
88855 0
88856 0
88857 0
88858 0
88859 0
88860 0
88861 0
88862 0
88863 0
88864 0
88865 0
88866 0
88867 0
88868 0
88869 0
88870 0
88871 0
88872 0
88873 0
88874 0
88875 0
88876 0
88877 0
88878 0
88879 0
88880 0
88881 0
88882 0
88883 0
88884 0
88885 0
88886 0
88887 0
88888 0
88889 0
88890 0
88891 0
88892 0
88893 0
88894 0
88895 0
88896 0
88897 0
88898 0
88899 0
88900 0
88901 0
88902 0
88903 0
88904 0
88905 0
88906 0
88907 0
88908 0
88909 0
88910 0
88911 0
88912 0
88913 0
88914 0
88915 0
88916 0
88917 0
88918 0
88919 0
88920 0
88921 0
88922 0
88923 0
88924 0
88925 0
88926 0
88927 0
88928 0
88929 0
88930 0
88931 0
88932 0
88933 0
88934 0
88935 0
88936 0
88937 0
88938 0
88939 0
88940 0
88941 0
88942 0
88943 0
88944 0
88945 0
88946 0
88947 0
88948 0
88949 0
88950 0
88951 0
88952 0
88953 0
88954 0
88955 0
88956 0
88957 0
88958 0
88959 0
88960 0
88961 0
88962 0
88963 0
88964 0
88965 0
88966 0
88967 0
88968 0
88969 0
88970 0
88971 0
88972 0
88973 0
88974 0
88975 0
88976 0
88977 0
88978 0
88979 0
88980 0
88981 0
88982 0
88983 0
88984 0
88985 0
88986 0
88987 0
88988 0
88989 0
88990 0
88991 0
88992 0
88993 0
88994 0
88995 0
88996 0
88997 0
88998 0
88999 0
89000 0
89001 0
89002 0
89003 0
89004 0
89005 0
89006 0
89007 0
89008 0
89009 0
89010 0
89011 0
89012 0
89013 0
89014 0
89015 0
89016 0
89017 0
89018 0
89019 0
89020 0
89021 0
89022 0
89023 0
89024 0
89025 0
89026 0
89027 0
89028 0
89029 0
89030 0
89031 0
89032 0
89033 0
89034 0
89035 0
89036 0
89037 0
89038 0
89039 0
89040 0
89041 0
89042 0
89043 0
89044 0
89045 0
89046 0
89047 0
89048 0
89049 0
89050 0
89051 0
89052 0
89053 0
89054 0
89055 0
89056 0
89057 0
89058 0
89059 0
89060 0
89061 0
89062 0
89063 0
89064 0
89065 0
89066 0
89067 0
89068 0
89069 0
89070 0
89071 0
89072 0
89073 0
89074 0
89075 0
89076 0
89077 0
89078 0
89079 0
89080 0
89081 0
89082 0
89083 0
89084 0
89085 0
89086 0
89087 0
89088 -1
89089 -1
89090 -1
89091 -1
89092 -1
89093 -1
89094 -1
89095 -1
89096 -1
89097 -1
89098 -1
89099 -1
89100 -1
89101 -1
89102 -1
89103 -1
89104 -1
89105 -1
89106 -1
89107 -1
89108 -1
89109 -1
89110 -1
89111 -1
89112 -1
89113 -1
89114 -1
89115 -1
89116 -1
89117 -1
89118 -1
89119 -1
89120 -1
89121 -1
89122 -1
89123 -1
89124 -1
89125 -1
89126 -1
89127 -1
89128 -1
89129 -1
89130 -1
89131 -1
89132 -1
89133 -1
89134 -1
89135 -1
89136 -1
89137 -1
89138 -1
89139 -1
89140 -1
89141 -1
89142 -1
89143 -1
89144 -1
89145 -1
89146 -1
89147 -1
89148 -1
89149 -1
89150 -1
89151 -1
89152 -1
89153 -1
89154 -1
89155 -1
89156 -1
89157 -1
89158 -1
89159 -1
89160 -1
89161 -1
89162 -1
89163 -1
89164 -1
89165 -1
89166 -1
89167 -1
89168 -1
89169 -1
89170 -1
89171 -1
89172 -1
89173 -1
89174 -1
89175 -1
89176 -1
89177 -1
89178 -1
89179 -1
89180 -1
89181 -1
89182 -1
89183 -1
89184 -1
89185 -1
89186 -1
89187 -1
89188 -1
89189 -1
89190 -1
89191 -1
89192 -1
89193 -1
89194 -1
89195 -1
89196 -1
89197 -1
89198 -1
89199 -1
89200 -1
89201 -1
89202 -1
89203 -1
89204 -1
89205 -1
89206 -1
89207 -1
89208 -1
89209 -1
89210 -1
89211 -1
89212 -1
89213 -1
89214 -1
89215 -1
89216 -1
89217 -1
89218 -1
89219 -1
89220 -1
89221 -1
89222 -1
89223 -1
89224 -1
89225 -1
89226 -1
89227 -1
89228 -1
89229 -1
89230 -1
89231 -1
89232 -1
89233 -1
89234 -1
89235 -1
89236 -1
89237 -1
89238 -1
89239 -1
89240 -1
89241 -1
89242 -1
89243 -1
89244 -1
89245 -1
89246 -1
89247 -1
89248 -1
89249 -1
89250 -1
89251 -1
89252 -1
89253 -1
89254 -1
89255 -1
89256 -1
89257 -1
89258 -1
89259 -1
89260 -1
89261 -1
89262 -1
89263 -1
89264 -1
89265 -1
89266 -1
89267 -1
89268 -1
89269 -1
89270 -1
89271 -1
89272 -1
89273 -1
89274 -1
89275 -1
89276 -1
89277 -1
89278 -1
89279 -1
89280 -1
89281 -1
89282 -1
89283 -1
89284 -1
89285 -1
89286 -1
89287 -1
89288 -1
89289 -1
89290 -1
89291 -1
89292 -1
89293 -1
89294 -1
89295 -1
89296 -1
89297 -1
89298 -1
89299 -1
89300 -1
89301 -1
89302 -1
89303 -1
89304 -1
89305 -1
89306 -1
89307 -1
89308 -1
89309 -1
89310 -1
89311 -1
89312 -1
89313 -1
89314 -1
89315 -1
89316 -1
89317 -1
89318 -1
89319 -1
89320 -1
89321 -1
89322 -1
89323 -1
89324 -1
89325 -1
89326 -1
89327 -1
89328 -1
89329 -1
89330 -1
89331 -1
89332 -1
89333 -1
89334 -1
89335 -1
89336 -1
89337 -1
89338 -1
89339 -1
89340 -1
89341 -1
89342 -1
89343 -1
89344 -1
89345 -1
89346 -1
89347 -1
89348 -1
89349 -1
89350 -1
89351 -1
89352 -1
89353 -1
89354 -1
89355 -1
89356 -1
89357 -1
89358 -1
89359 -1
89360 -1
89361 -1
89362 -1
89363 -1
89364 -1
89365 -1
89366 -1
89367 -1
89368 -1
89369 -1
89370 -1
89371 -1
89372 -1
89373 -1
89374 -1
89375 -1
89376 -1
89377 -1
89378 -1
89379 -1
89380 -1
89381 -1
89382 -1
89383 -1
89384 -1
89385 -1
89386 -1
89387 -1
89388 -1
89389 -1
89390 -1
89391 -1
89392 -1
89393 -1
89394 -1
89395 -1
89396 -1
89397 -1
89398 -1
89399 -1
89400 -1
89401 -1
89402 -1
89403 -1
89404 -1
89405 -1
89406 -1
89407 -1
89408 -1
89409 -1
89410 -1
89411 -1
89412 -1
89413 -1
89414 -1
89415 -1
89416 -1
89417 -1
89418 -1
89419 -1
89420 -1
89421 -1
89422 -1
89423 -1
89424 -1
89425 -1
89426 -1
89427 -1
89428 -1
89429 -1
89430 -1
89431 -1
89432 -1
89433 -1
89434 -1
89435 -1
89436 -1
89437 -1
89438 -1
89439 -1
89440 -1
89441 -1
89442 -1
89443 -1
89444 -1
89445 -1
89446 -1
89447 -1
89448 -1
89449 -1
89450 -1
89451 -1
89452 -1
89453 -1
89454 -1
89455 -1
89456 -1
89457 -1
89458 -1
89459 -1
89460 -1
89461 -1
89462 -1
89463 -1
89464 -1
89465 -1
89466 -1
89467 -1
89468 -1
89469 -1
89470 -1
89471 -1
89472 -1
89473 -1
89474 -1
89475 -1
89476 -1
89477 -1
89478 -1
89479 -1
89480 -1
89481 -1
89482 -1
89483 -1
89484 -1
89485 -1
89486 -1
89487 -1
89488 -1
89489 -1
89490 -1
89491 -1
89492 -1
89493 -1
89494 -1
89495 -1
89496 -1
89497 -1
89498 -1
89499 -1
89500 -1
89501 -1
89502 -1
89503 -1
89504 -1
89505 -1
89506 -1
89507 -1
89508 -1
89509 -1
89510 -1
89511 -1
89512 -1
89513 -1
89514 -1
89515 -1
89516 -1
89517 -1
89518 -1
89519 -1
89520 -1
89521 -1
89522 -1
89523 -1
89524 -1
89525 -1
89526 -1
89527 -1
89528 -1
89529 -1
89530 -1
89531 -1
89532 -1
89533 -1
89534 -1
89535 -1
89536 -1
89537 -1
89538 -1
89539 -1
89540 -1
89541 -1
89542 -1
89543 -1
89544 -1
89545 -1
89546 -1
89547 -1
89548 -1
89549 -1
89550 -1
89551 -1
89552 -1
89553 -1
89554 -1
89555 -1
89556 -1
89557 -1
89558 -1
89559 -1
89560 -1
89561 -1
89562 -1
89563 -1
89564 -1
89565 -1
89566 -1
89567 -1
89568 -1
89569 -1
89570 -1
89571 -1
89572 -1
89573 -1
89574 -1
89575 -1
89576 -1
89577 -1
89578 -1
89579 -1
89580 -1
89581 -1
89582 -1
89583 -1
89584 -1
89585 -1
89586 -1
89587 -1
89588 -1
89589 -1
89590 -1
89591 -1
89592 -1
89593 -1
89594 -1
89595 -1
89596 -1
89597 -1
89598 -1
89599 -1
89600 -1
89601 -1
89602 -1
89603 -1
89604 -1
89605 -1
89606 -1
89607 -1
89608 -1
89609 -1
89610 -1
89611 -1
89612 -1
89613 -1
89614 -1
89615 -1
89616 -1
89617 -1
89618 -1
89619 -1
89620 -1
89621 -1
89622 -1
89623 -1
89624 -1
89625 -1
89626 -1
89627 -1
89628 -1
89629 -1
89630 -1
89631 -1
89632 -1
89633 -1
89634 -1
89635 -1
89636 -1
89637 -1
89638 -1
89639 -1
89640 -1
89641 -1
89642 -1
89643 -1
89644 -1
89645 -1
89646 -1
89647 -1
89648 -1
89649 -1
89650 -1
89651 -1
89652 -1
89653 -1
89654 -1
89655 -1
89656 -1
89657 -1
89658 -1
89659 -1
89660 -1
89661 -1
89662 -1
89663 -1
89664 -1
89665 -1
89666 -1
89667 -1
89668 -1
89669 -1
89670 -1
89671 -1
89672 -1
89673 -1
89674 -1
89675 -1
89676 -1
89677 -1
89678 -1
89679 -1
89680 -1
89681 -1
89682 -1
89683 -1
89684 -1
89685 -1
89686 -1
89687 -1
89688 -1
89689 -1
89690 -1
89691 -1
89692 -1
89693 -1
89694 -1
89695 -1
89696 -1
89697 -1
89698 -1
89699 -1
89700 -1
89701 -1
89702 -1
89703 -1
89704 -1
89705 -1
89706 -1
89707 -1
89708 -1
89709 -1
89710 -1
89711 -1
89712 -1
89713 -1
89714 -1
89715 -1
89716 -1
89717 -1
89718 -1
89719 -1
89720 -1
89721 -1
89722 -1
89723 -1
89724 -1
89725 -1
89726 -1
89727 -1
89728 -1
89729 -1
89730 -1
89731 -1
89732 -1
89733 -1
89734 -1
89735 -1
89736 -1
89737 -1
89738 -1
89739 -1
89740 -1
89741 -1
89742 -1
89743 -1
89744 -1
89745 -1
89746 -1
89747 -1
89748 -1
89749 -1
89750 -1
89751 -1
89752 -1
89753 -1
89754 -1
89755 -1
89756 -1
89757 -1
89758 -1
89759 -1
89760 -1
89761 -1
89762 -1
89763 -1
89764 -1
89765 -1
89766 -1
89767 -1
89768 -1
89769 -1
89770 -1
89771 -1
89772 -1
89773 -1
89774 -1
89775 -1
89776 -1
89777 -1
89778 -1
89779 -1
89780 -1
89781 -1
89782 -1
89783 -1
89784 -1
89785 -1
89786 -1
89787 -1
89788 -1
89789 -1
89790 -1
89791 -1
89792 -1
89793 -1
89794 -1
89795 -1
89796 -1
89797 -1
89798 -1
89799 -1
89800 -1
89801 -1
89802 -1
89803 -1
89804 -1
89805 -1
89806 -1
89807 -1
89808 -1
89809 -1
89810 -1
89811 -1
89812 -1
89813 -1
89814 -1
89815 -1
89816 -1
89817 -1
89818 -1
89819 -1
89820 -1
89821 -1
89822 -1
89823 -1
89824 -1
89825 -1
89826 -1
89827 -1
89828 -1
89829 -1
89830 -1
89831 -1
89832 -1
89833 -1
89834 -1
89835 -1
89836 -1
89837 -1
89838 -1
89839 -1
89840 -1
89841 -1
89842 -1
89843 -1
89844 -1
89845 -1
89846 -1
89847 -1
89848 -1
89849 -1
89850 -1
89851 -1
89852 -1
89853 -1
89854 -1
89855 -1
89856 -1
89857 -1
89858 -1
89859 -1
89860 -1
89861 -1
89862 -1
89863 -1
89864 -1
89865 -1
89866 -1
89867 -1
89868 -1
89869 -1
89870 -1
89871 -1
89872 -1
89873 -1
89874 -1
89875 -1
89876 -1
89877 -1
89878 -1
89879 -1
89880 -1
89881 -1
89882 -1
89883 -1
89884 -1
89885 -1
89886 -1
89887 -1
89888 -1
89889 -1
89890 -1
89891 -1
89892 -1
89893 -1
89894 -1
89895 -1
89896 -1
89897 -1
89898 -1
89899 -1
89900 -1
89901 -1
89902 -1
89903 -1
89904 -1
89905 -1
89906 -1
89907 -1
89908 -1
89909 -1
89910 -1
89911 -1
89912 -1
89913 -1
89914 -1
89915 -1
89916 -1
89917 -1
89918 -1
89919 -1
89920 -1
89921 -1
89922 -1
89923 -1
89924 -1
89925 -1
89926 -1
89927 -1
89928 -1
89929 -1
89930 -1
89931 -1
89932 -1
89933 -1
89934 -1
89935 -1
89936 -1
89937 -1
89938 -1
89939 -1
89940 -1
89941 -1
89942 -1
89943 -1
89944 -1
89945 -1
89946 -1
89947 -1
89948 -1
89949 -1
89950 -1
89951 -1
89952 -1
89953 -1
89954 -1
89955 -1
89956 -1
89957 -1
89958 -1
89959 -1
89960 -1
89961 -1
89962 -1
89963 -1
89964 -1
89965 -1
89966 -1
89967 -1
89968 -1
89969 -1
89970 -1
89971 -1
89972 -1
89973 -1
89974 -1
89975 -1
89976 -1
89977 -1
89978 -1
89979 -1
89980 -1
89981 -1
89982 -1
89983 -1
89984 -1
89985 -1
89986 -1
89987 -1
89988 -1
89989 -1
89990 -1
89991 -1
89992 -1
89993 -1
89994 -1
89995 -1
89996 -1
89997 -1
89998 -1
89999 -1
90000 -1
90001 -1
90002 -1
90003 -1
90004 -1
90005 -1
90006 -1
90007 -1
90008 -1
90009 -1
90010 -1
90011 -1
90012 -1
90013 -1
90014 -1
90015 -1
90016 -1
90017 -1
90018 -1
90019 -1
90020 -1
90021 -1
90022 -1
90023 -1
90024 -1
90025 -1
90026 -1
90027 -1
90028 -1
90029 -1
90030 -1
90031 -1
90032 -1
90033 -1
90034 -1
90035 -1
90036 -1
90037 -1
90038 -1
90039 -1
90040 -1
90041 -1
90042 -1
90043 -1
90044 -1
90045 -1
90046 -1
90047 -1
90048 -1
90049 -1
90050 -1
90051 -1
90052 -1
90053 -1
90054 -1
90055 -1
90056 -1
90057 -1
90058 -1
90059 -1
90060 -1
90061 -1
90062 -1
90063 -1
90064 -1
90065 -1
90066 -1
90067 -1
90068 -1
90069 -1
90070 -1
90071 -1
90072 -1
90073 -1
90074 -1
90075 -1
90076 -1
90077 -1
90078 -1
90079 -1
90080 -1
90081 -1
90082 -1
90083 -1
90084 -1
90085 -1
90086 -1
90087 -1
90088 -1
90089 -1
90090 -1
90091 -1
90092 -1
90093 -1
90094 -1
90095 -1
90096 -1
90097 -1
90098 -1
90099 -1
90100 -1
90101 -1
90102 -1
90103 -1
90104 -1
90105 -1
90106 -1
90107 -1
90108 -1
90109 -1
90110 -1
90111 -1
90112 -1
90113 -1
90114 -1
90115 -1
90116 -1
90117 -1
90118 -1
90119 -1
90120 -1
90121 -1
90122 -1
90123 -1
90124 -1
90125 -1
90126 -1
90127 -1
90128 -1
90129 -1
90130 -1
90131 -1
90132 -1
90133 -1
90134 -1
90135 -1
90136 -1
90137 -1
90138 -1
90139 -1
90140 -1
90141 -1
90142 -1
90143 -1
90144 -1
90145 -1
90146 -1
90147 -1
90148 -1
90149 -1
90150 -1
90151 -1
90152 -1
90153 -1
90154 -1
90155 -1
90156 -1
90157 -1
90158 -1
90159 -1
90160 -1
90161 -1
90162 -1
90163 -1
90164 -1
90165 -1
90166 -1
90167 -1
90168 -1
90169 -1
90170 -1
90171 -1
90172 -1
90173 -1
90174 -1
90175 -1
90176 -1
90177 -1
90178 -1
90179 -1
90180 -1
90181 -1
90182 -1
90183 -1
90184 -1
90185 -1
90186 -1
90187 -1
90188 -1
90189 -1
90190 -1
90191 -1
90192 -1
90193 -1
90194 -1
90195 -1
90196 -1
90197 -1
90198 -1
90199 -1
90200 -1
90201 -1
90202 -1
90203 -1
90204 -1
90205 -1
90206 -1
90207 -1
90208 -1
90209 -1
90210 -1
90211 -1
90212 -1
90213 -1
90214 -1
90215 -1
90216 -1
90217 -1
90218 -1
90219 -1
90220 -1
90221 -1
90222 -1
90223 -1
90224 -1
90225 -1
90226 -1
90227 -1
90228 -1
90229 -1
90230 -1
90231 -1
90232 -1
90233 -1
90234 -1
90235 -1
90236 -1
90237 -1
90238 -1
90239 -1
90240 -1
90241 -1
90242 -1
90243 -1
90244 -1
90245 -1
90246 -1
90247 -1
90248 -1
90249 -1
90250 -1
90251 -1
90252 -1
90253 -1
90254 -1
90255 -1
90256 -1
90257 -1
90258 -1
90259 -1
90260 -1
90261 -1
90262 -1
90263 -1
90264 -1
90265 -1
90266 -1
90267 -1
90268 -1
90269 -1
90270 -1
90271 -1
90272 -1
90273 -1
90274 -1
90275 -1
90276 -1
90277 -1
90278 -1
90279 -1
90280 -1
90281 -1
90282 -1
90283 -1
90284 -1
90285 -1
90286 -1
90287 -1
90288 -1
90289 -1
90290 -1
90291 -1
90292 -1
90293 -1
90294 -1
90295 -1
90296 -1
90297 -1
90298 -1
90299 -1
90300 -1
90301 -1
90302 -1
90303 -1
90304 -1
90305 -1
90306 -1
90307 -1
90308 -1
90309 -1
90310 -1
90311 -1
90312 -1
90313 -1
90314 -1
90315 -1
90316 -1
90317 -1
90318 -1
90319 -1
90320 -1
90321 -1
90322 -1
90323 -1
90324 -1
90325 -1
90326 -1
90327 -1
90328 -1
90329 -1
90330 -1
90331 -1
90332 -1
90333 -1
90334 -1
90335 -1
90336 -1
90337 -1
90338 -1
90339 -1
90340 -1
90341 -1
90342 -1
90343 -1
90344 -1
90345 -1
90346 -1
90347 -1
90348 -1
90349 -1
90350 -1
90351 -1
90352 -1
90353 -1
90354 -1
90355 -1
90356 -1
90357 -1
90358 -1
90359 -1
90360 -1
90361 -1
90362 -1
90363 -1
90364 -1
90365 -1
90366 -1
90367 -1
90368 -1
90369 -1
90370 -1
90371 -1
90372 -1
90373 -1
90374 -1
90375 -1
90376 -1
90377 -1
90378 -1
90379 -1
90380 -1
90381 -1
90382 -1
90383 -1
90384 -1
90385 -1
90386 -1
90387 -1
90388 -1
90389 -1
90390 -1
90391 -1
90392 -1
90393 -1
90394 -1
90395 -1
90396 -1
90397 -1
90398 -1
90399 -1
90400 -1
90401 -1
90402 -1
90403 -1
90404 -1
90405 -1
90406 -1
90407 -1
90408 -1
90409 -1
90410 -1
90411 -1
90412 -1
90413 -1
90414 -1
90415 -1
90416 -1
90417 -1
90418 -1
90419 -1
90420 -1
90421 -1
90422 -1
90423 -1
90424 -1
90425 -1
90426 -1
90427 -1
90428 -1
90429 -1
90430 -1
90431 -1
90432 0
90433 0
90434 0
90435 0
90436 0
90437 0
90438 0
90439 0
90440 0
90441 0
90442 0
90443 0
90444 0
90445 0
90446 0
90447 0
90448 0
90449 0
90450 0
90451 0
90452 0
90453 0
90454 0
90455 0
90456 0
90457 0
90458 0
90459 0
90460 0
90461 0
90462 0
90463 0
90464 0
90465 0
90466 0
90467 0
90468 0
90469 0
90470 0
90471 0
90472 0
90473 0
90474 0
90475 0
90476 0
90477 0
90478 0
90479 0
90480 0
90481 0
90482 0
90483 0
90484 0
90485 0
90486 0
90487 0
90488 0
90489 0
90490 0
90491 0
90492 0
90493 0
90494 0
90495 0
90496 0
90497 0
90498 0
90499 0
90500 0
90501 0
90502 0
90503 0
90504 0
90505 0
90506 0
90507 0
90508 0
90509 0
90510 0
90511 0
90512 0
90513 0
90514 0
90515 0
90516 0
90517 0
90518 0
90519 0
90520 0
90521 0
90522 0
90523 0
90524 0
90525 0
90526 0
90527 0
90528 0
90529 0
90530 0
90531 0
90532 0
90533 0
90534 0
90535 0
90536 0
90537 0
90538 0
90539 0
90540 0
90541 0
90542 0
90543 0
90544 0
90545 0
90546 0
90547 0
90548 0
90549 0
90550 0
90551 0
90552 0
90553 0
90554 0
90555 0
90556 0
90557 0
90558 0
90559 0
90560 0
90561 0
90562 0
90563 0
90564 0
90565 0
90566 0
90567 0
90568 0
90569 0
90570 0
90571 0
90572 0
90573 0
90574 0
90575 0
90576 0
90577 0
90578 0
90579 0
90580 0
90581 0
90582 0
90583 0
90584 0
90585 0
90586 0
90587 0
90588 0
90589 0
90590 0
90591 0
90592 0
90593 0
90594 0
90595 0
90596 0
90597 0
90598 0
90599 0
90600 0
90601 0
90602 0
90603 0
90604 0
90605 0
90606 0
90607 0
90608 0
90609 0
90610 0
90611 0
90612 0
90613 0
90614 0
90615 0
90616 0
90617 0
90618 0
90619 0
90620 0
90621 0
90622 0
90623 0
90624 -1
90625 -1
90626 -1
90627 -1
90628 -1
90629 -1
90630 -1
90631 -1
90632 -1
90633 -1
90634 -1
90635 -1
90636 -1
90637 -1
90638 -1
90639 -1
90640 -1
90641 -1
90642 -1
90643 -1
90644 -1
90645 -1
90646 -1
90647 -1
90648 -1
90649 -1
90650 -1
90651 -1
90652 -1
90653 -1
90654 -1
90655 -1
90656 -1
90657 -1
90658 -1
90659 -1
90660 -1
90661 -1
90662 -1
90663 -1
90664 -1
90665 -1
90666 -1
90667 -1
90668 -1
90669 -1
90670 -1
90671 -1
90672 -1
90673 -1
90674 -1
90675 -1
90676 -1
90677 -1
90678 -1
90679 -1
90680 -1
90681 -1
90682 -1
90683 -1
90684 -1
90685 -1
90686 -1
90687 -1
90688 -1
90689 -1
90690 -1
90691 -1
90692 -1
90693 -1
90694 -1
90695 -1
90696 -1
90697 -1
90698 -1
90699 -1
90700 -1
90701 -1
90702 -1
90703 -1
90704 -1
90705 -1
90706 -1
90707 -1
90708 -1
90709 -1
90710 -1
90711 -1
90712 -1
90713 -1
90714 -1
90715 -1
90716 -1
90717 -1
90718 -1
90719 -1
90720 -1
90721 -1
90722 -1
90723 -1
90724 -1
90725 -1
90726 -1
90727 -1
90728 -1
90729 -1
90730 -1
90731 -1
90732 -1
90733 -1
90734 -1
90735 -1
90736 -1
90737 -1
90738 -1
90739 -1
90740 -1
90741 -1
90742 -1
90743 -1
90744 -1
90745 -1
90746 -1
90747 -1
90748 -1
90749 -1
90750 -1
90751 -1
90752 -1
90753 -1
90754 -1
90755 -1
90756 -1
90757 -1
90758 -1
90759 -1
90760 -1
90761 -1
90762 -1
90763 -1
90764 -1
90765 -1
90766 -1
90767 -1
90768 -1
90769 -1
90770 -1
90771 -1
90772 -1
90773 -1
90774 -1
90775 -1
90776 -1
90777 -1
90778 -1
90779 -1
90780 -1
90781 -1
90782 -1
90783 -1
90784 -1
90785 -1
90786 -1
90787 -1
90788 -1
90789 -1
90790 -1
90791 -1
90792 -1
90793 -1
90794 -1
90795 -1
90796 -1
90797 -1
90798 -1
90799 -1
90800 -1
90801 -1
90802 -1
90803 -1
90804 -1
90805 -1
90806 -1
90807 -1
90808 -1
90809 -1
90810 -1
90811 -1
90812 -1
90813 -1
90814 -1
90815 -1
90816 -1
90817 -1
90818 -1
90819 -1
90820 -1
90821 -1
90822 -1
90823 -1
90824 -1
90825 -1
90826 -1
90827 -1
90828 -1
90829 -1
90830 -1
90831 -1
90832 -1
90833 -1
90834 -1
90835 -1
90836 -1
90837 -1
90838 -1
90839 -1
90840 -1
90841 -1
90842 -1
90843 -1
90844 -1
90845 -1
90846 -1
90847 -1
90848 -1
90849 -1
90850 -1
90851 -1
90852 -1
90853 -1
90854 -1
90855 -1
90856 -1
90857 -1
90858 -1
90859 -1
90860 -1
90861 -1
90862 -1
90863 -1
90864 -1
90865 -1
90866 -1
90867 -1
90868 -1
90869 -1
90870 -1
90871 -1
90872 -1
90873 -1
90874 -1
90875 -1
90876 -1
90877 -1
90878 -1
90879 -1
90880 -1
90881 -1
90882 -1
90883 -1
90884 -1
90885 -1
90886 -1
90887 -1
90888 -1
90889 -1
90890 -1
90891 -1
90892 -1
90893 -1
90894 -1
90895 -1
90896 -1
90897 -1
90898 -1
90899 -1
90900 -1
90901 -1
90902 -1
90903 -1
90904 -1
90905 -1
90906 -1
90907 -1
90908 -1
90909 -1
90910 -1
90911 -1
90912 -1
90913 -1
90914 -1
90915 -1
90916 -1
90917 -1
90918 -1
90919 -1
90920 -1
90921 -1
90922 -1
90923 -1
90924 -1
90925 -1
90926 -1
90927 -1
90928 -1
90929 -1
90930 -1
90931 -1
90932 -1
90933 -1
90934 -1
90935 -1
90936 -1
90937 -1
90938 -1
90939 -1
90940 -1
90941 -1
90942 -1
90943 -1
90944 -1
90945 -1
90946 -1
90947 -1
90948 -1
90949 -1
90950 -1
90951 -1
90952 -1
90953 -1
90954 -1
90955 -1
90956 -1
90957 -1
90958 -1
90959 -1
90960 -1
90961 -1
90962 -1
90963 -1
90964 -1
90965 -1
90966 -1
90967 -1
90968 -1
90969 -1
90970 -1
90971 -1
90972 -1
90973 -1
90974 -1
90975 -1
90976 -1
90977 -1
90978 -1
90979 -1
90980 -1
90981 -1
90982 -1
90983 -1
90984 -1
90985 -1
90986 -1
90987 -1
90988 -1
90989 -1
90990 -1
90991 -1
90992 -1
90993 -1
90994 -1
90995 -1
90996 -1
90997 -1
90998 -1
90999 -1
91000 -1
91001 -1
91002 -1
91003 -1
91004 -1
91005 -1
91006 -1
91007 -1
91008 0
91009 0
91010 0
91011 0
91012 0
91013 0
91014 0
91015 0
91016 0
91017 0
91018 0
91019 0
91020 0
91021 0
91022 0
91023 0
91024 0
91025 0
91026 0
91027 0
91028 0
91029 0
91030 0
91031 0
91032 0
91033 0
91034 0
91035 0
91036 0
91037 0
91038 0
91039 0
91040 0
91041 0
91042 0
91043 0
91044 0
91045 0
91046 0
91047 0
91048 0
91049 0
91050 0
91051 0
91052 0
91053 0
91054 0
91055 0
91056 0
91057 0
91058 0
91059 0
91060 0
91061 0
91062 0
91063 0
91064 0
91065 0
91066 0
91067 0
91068 0
91069 0
91070 0
91071 0
91072 0
91073 0
91074 0
91075 0
91076 0
91077 0
91078 0
91079 0
91080 0
91081 0
91082 0
91083 0
91084 0
91085 0
91086 0
91087 0
91088 0
91089 0
91090 0
91091 0
91092 0
91093 0
91094 0
91095 0
91096 0
91097 0
91098 0
91099 0
91100 0
91101 0
91102 0
91103 0
91104 0
91105 0
91106 0
91107 0
91108 0
91109 0
91110 0
91111 0
91112 0
91113 0
91114 0
91115 0
91116 0
91117 0
91118 0
91119 0
91120 0
91121 0
91122 0
91123 0
91124 0
91125 0
91126 0
91127 0
91128 0
91129 0
91130 0
91131 0
91132 0
91133 0
91134 0
91135 0
91136 0
91137 0
91138 0
91139 0
91140 0
91141 0
91142 0
91143 0
91144 0
91145 0
91146 0
91147 0
91148 0
91149 0
91150 0
91151 0
91152 0
91153 0
91154 0
91155 0
91156 0
91157 0
91158 0
91159 0
91160 0
91161 0
91162 0
91163 0
91164 0
91165 0
91166 0
91167 0
91168 0
91169 0
91170 0
91171 0
91172 0
91173 0
91174 0
91175 0
91176 0
91177 0
91178 0
91179 0
91180 0
91181 0
91182 0
91183 0
91184 0
91185 0
91186 0
91187 0
91188 0
91189 0
91190 0
91191 0
91192 0
91193 0
91194 0
91195 0
91196 0
91197 0
91198 0
91199 0
91200 0
91201 0
91202 0
91203 0
91204 0
91205 0
91206 0
91207 0
91208 0
91209 0
91210 0
91211 0
91212 0
91213 0
91214 0
91215 0
91216 0
91217 0
91218 0
91219 0
91220 0
91221 0
91222 0
91223 0
91224 0
91225 0
91226 0
91227 0
91228 0
91229 0
91230 0
91231 0
91232 0
91233 0
91234 0
91235 0
91236 0
91237 0
91238 0
91239 0
91240 0
91241 0
91242 0
91243 0
91244 0
91245 0
91246 0
91247 0
91248 0
91249 0
91250 0
91251 0
91252 0
91253 0
91254 0
91255 0
91256 0
91257 0
91258 0
91259 0
91260 0
91261 0
91262 0
91263 0
91264 0
91265 0
91266 0
91267 0
91268 0
91269 0
91270 0
91271 0
91272 0
91273 0
91274 0
91275 0
91276 0
91277 0
91278 0
91279 0
91280 0
91281 0
91282 0
91283 0
91284 0
91285 0
91286 0
91287 0
91288 0
91289 0
91290 0
91291 0
91292 0
91293 0
91294 0
91295 0
91296 0
91297 0
91298 0
91299 0
91300 0
91301 0
91302 0
91303 0
91304 0
91305 0
91306 0
91307 0
91308 0
91309 0
91310 0
91311 0
91312 0
91313 0
91314 0
91315 0
91316 0
91317 0
91318 0
91319 0
91320 0
91321 0
91322 0
91323 0
91324 0
91325 0
91326 0
91327 0
91328 0
91329 0
91330 0
91331 0
91332 0
91333 0
91334 0
91335 0
91336 0
91337 0
91338 0
91339 0
91340 0
91341 0
91342 0
91343 0
91344 0
91345 0
91346 0
91347 0
91348 0
91349 0
91350 0
91351 0
91352 0
91353 0
91354 0
91355 0
91356 0
91357 0
91358 0
91359 0
91360 0
91361 0
91362 0
91363 0
91364 0
91365 0
91366 0
91367 0
91368 0
91369 0
91370 0
91371 0
91372 0
91373 0
91374 0
91375 0
91376 0
91377 0
91378 0
91379 0
91380 0
91381 0
91382 0
91383 0
91384 0
91385 0
91386 0
91387 0
91388 0
91389 0
91390 0
91391 0
91392 0
91393 0
91394 0
91395 0
91396 0
91397 0
91398 0
91399 0
91400 0
91401 0
91402 0
91403 0
91404 0
91405 0
91406 0
91407 0
91408 0
91409 0
91410 0
91411 0
91412 0
91413 0
91414 0
91415 0
91416 0
91417 0
91418 0
91419 0
91420 0
91421 0
91422 0
91423 0
91424 0
91425 0
91426 0
91427 0
91428 0
91429 0
91430 0
91431 0
91432 0
91433 0
91434 0
91435 0
91436 0
91437 0
91438 0
91439 0
91440 0
91441 0
91442 0
91443 0
91444 0
91445 0
91446 0
91447 0
91448 0
91449 0
91450 0
91451 0
91452 0
91453 0
91454 0
91455 0
91456 0
91457 0
91458 0
91459 0
91460 0
91461 0
91462 0
91463 0
91464 0
91465 0
91466 0
91467 0
91468 0
91469 0
91470 0
91471 0
91472 0
91473 0
91474 0
91475 0
91476 0
91477 0
91478 0
91479 0
91480 0
91481 0
91482 0
91483 0
91484 0
91485 0
91486 0
91487 0
91488 0
91489 0
91490 0
91491 0
91492 0
91493 0
91494 0
91495 0
91496 0
91497 0
91498 0
91499 0
91500 0
91501 0
91502 0
91503 0
91504 0
91505 0
91506 0
91507 0
91508 0
91509 0
91510 0
91511 0
91512 0
91513 0
91514 0
91515 0
91516 0
91517 0
91518 0
91519 0
91520 0
91521 0
91522 0
91523 0
91524 0
91525 0
91526 0
91527 0
91528 0
91529 0
91530 0
91531 0
91532 0
91533 0
91534 0
91535 0
91536 0
91537 0
91538 0
91539 0
91540 0
91541 0
91542 0
91543 0
91544 0
91545 0
91546 0
91547 0
91548 0
91549 0
91550 0
91551 0
91552 0
91553 0
91554 0
91555 0
91556 0
91557 0
91558 0
91559 0
91560 0
91561 0
91562 0
91563 0
91564 0
91565 0
91566 0
91567 0
91568 0
91569 0
91570 0
91571 0
91572 0
91573 0
91574 0
91575 0
91576 0
91577 0
91578 0
91579 0
91580 0
91581 0
91582 0
91583 0
91584 0
91585 0
91586 0
91587 0
91588 0
91589 0
91590 0
91591 0
91592 0
91593 0
91594 0
91595 0
91596 0
91597 0
91598 0
91599 0
91600 0
91601 0
91602 0
91603 0
91604 0
91605 0
91606 0
91607 0
91608 0
91609 0
91610 0
91611 0
91612 0
91613 0
91614 0
91615 0
91616 0
91617 0
91618 0
91619 0
91620 0
91621 0
91622 0
91623 0
91624 0
91625 0
91626 0
91627 0
91628 0
91629 0
91630 0
91631 0
91632 0
91633 0
91634 0
91635 0
91636 0
91637 0
91638 0
91639 0
91640 0
91641 0
91642 0
91643 0
91644 0
91645 0
91646 0
91647 0
91648 0
91649 0
91650 0
91651 0
91652 0
91653 0
91654 0
91655 0
91656 0
91657 0
91658 0
91659 0
91660 0
91661 0
91662 0
91663 0
91664 0
91665 0
91666 0
91667 0
91668 0
91669 0
91670 0
91671 0
91672 0
91673 0
91674 0
91675 0
91676 0
91677 0
91678 0
91679 0
91680 0
91681 0
91682 0
91683 0
91684 0
91685 0
91686 0
91687 0
91688 0
91689 0
91690 0
91691 0
91692 0
91693 0
91694 0
91695 0
91696 0
91697 0
91698 0
91699 0
91700 0
91701 0
91702 0
91703 0
91704 0
91705 0
91706 0
91707 0
91708 0
91709 0
91710 0
91711 0
91712 0
91713 0
91714 0
91715 0
91716 0
91717 0
91718 0
91719 0
91720 0
91721 0
91722 0
91723 0
91724 0
91725 0
91726 0
91727 0
91728 0
91729 0
91730 0
91731 0
91732 0
91733 0
91734 0
91735 0
91736 0
91737 0
91738 0
91739 0
91740 0
91741 0
91742 0
91743 0
91744 0
91745 0
91746 0
91747 0
91748 0
91749 0
91750 0
91751 0
91752 0
91753 0
91754 0
91755 0
91756 0
91757 0
91758 0
91759 0
91760 0
91761 0
91762 0
91763 0
91764 0
91765 0
91766 0
91767 0
91768 0
91769 0
91770 0
91771 0
91772 0
91773 0
91774 0
91775 0
91776 0
91777 0
91778 0
91779 0
91780 0
91781 0
91782 0
91783 0
91784 0
91785 0
91786 0
91787 0
91788 0
91789 0
91790 0
91791 0
91792 0
91793 0
91794 0
91795 0
91796 0
91797 0
91798 0
91799 0
91800 0
91801 0
91802 0
91803 0
91804 0
91805 0
91806 0
91807 0
91808 0
91809 0
91810 0
91811 0
91812 0
91813 0
91814 0
91815 0
91816 0
91817 0
91818 0
91819 0
91820 0
91821 0
91822 0
91823 0
91824 0
91825 0
91826 0
91827 0
91828 0
91829 0
91830 0
91831 0
91832 0
91833 0
91834 0
91835 0
91836 0
91837 0
91838 0
91839 0
91840 0
91841 0
91842 0
91843 0
91844 0
91845 0
91846 0
91847 0
91848 0
91849 0
91850 0
91851 0
91852 0
91853 0
91854 0
91855 0
91856 0
91857 0
91858 0
91859 0
91860 0
91861 0
91862 0
91863 0
91864 0
91865 0
91866 0
91867 0
91868 0
91869 0
91870 0
91871 0
91872 0
91873 0
91874 0
91875 0
91876 0
91877 0
91878 0
91879 0
91880 0
91881 0
91882 0
91883 0
91884 0
91885 0
91886 0
91887 0
91888 0
91889 0
91890 0
91891 0
91892 0
91893 0
91894 0
91895 0
91896 0
91897 0
91898 0
91899 0
91900 0
91901 0
91902 0
91903 0
91904 0
91905 0
91906 0
91907 0
91908 0
91909 0
91910 0
91911 0
91912 0
91913 0
91914 0
91915 0
91916 0
91917 0
91918 0
91919 0
91920 0
91921 0
91922 0
91923 0
91924 0
91925 0
91926 0
91927 0
91928 0
91929 0
91930 0
91931 0
91932 0
91933 0
91934 0
91935 0
91936 0
91937 0
91938 0
91939 0
91940 0
91941 0
91942 0
91943 0
91944 0
91945 0
91946 0
91947 0
91948 0
91949 0
91950 0
91951 0
91952 0
91953 0
91954 0
91955 0
91956 0
91957 0
91958 0
91959 0
91960 0
91961 0
91962 0
91963 0
91964 0
91965 0
91966 0
91967 0
91968 0
91969 0
91970 0
91971 0
91972 0
91973 0
91974 0
91975 0
91976 0
91977 0
91978 0
91979 0
91980 0
91981 0
91982 0
91983 0
91984 0
91985 0
91986 0
91987 0
91988 0
91989 0
91990 0
91991 0
91992 0
91993 0
91994 0
91995 0
91996 0
91997 0
91998 0
91999 0
92000 0
92001 0
92002 0
92003 0
92004 0
92005 0
92006 0
92007 0
92008 0
92009 0
92010 0
92011 0
92012 0
92013 0
92014 0
92015 0
92016 0
92017 0
92018 0
92019 0
92020 0
92021 0
92022 0
92023 0
92024 0
92025 0
92026 0
92027 0
92028 0
92029 0
92030 0
92031 0
92032 0
92033 0
92034 0
92035 0
92036 0
92037 0
92038 0
92039 0
92040 0
92041 0
92042 0
92043 0
92044 0
92045 0
92046 0
92047 0
92048 0
92049 0
92050 0
92051 0
92052 0
92053 0
92054 0
92055 0
92056 0
92057 0
92058 0
92059 0
92060 0
92061 0
92062 0
92063 0
92064 0
92065 0
92066 0
92067 0
92068 0
92069 0
92070 0
92071 0
92072 0
92073 0
92074 0
92075 0
92076 0
92077 0
92078 0
92079 0
92080 0
92081 0
92082 0
92083 0
92084 0
92085 0
92086 0
92087 0
92088 0
92089 0
92090 0
92091 0
92092 0
92093 0
92094 0
92095 0
92096 0
92097 0
92098 0
92099 0
92100 0
92101 0
92102 0
92103 0
92104 0
92105 0
92106 0
92107 0
92108 0
92109 0
92110 0
92111 0
92112 0
92113 0
92114 0
92115 0
92116 0
92117 0
92118 0
92119 0
92120 0
92121 0
92122 0
92123 0
92124 0
92125 0
92126 0
92127 0
92128 0
92129 0
92130 0
92131 0
92132 0
92133 0
92134 0
92135 0
92136 0
92137 0
92138 0
92139 0
92140 0
92141 0
92142 0
92143 0
92144 0
92145 0
92146 0
92147 0
92148 0
92149 0
92150 0
92151 0
92152 0
92153 0
92154 0
92155 0
92156 0
92157 0
92158 0
92159 0
92160 1
92161 1
92162 1
92163 1
92164 1
92165 1
92166 1
92167 1
92168 1
92169 1
92170 1
92171 1
92172 1
92173 1
92174 1
92175 1
92176 1
92177 1
92178 1
92179 1
92180 1
92181 1
92182 1
92183 1
92184 1
92185 1
92186 1
92187 1
92188 1
92189 1
92190 1
92191 1
92192 1
92193 1
92194 1
92195 1
92196 1
92197 1
92198 1
92199 1
92200 1
92201 1
92202 1
92203 1
92204 1
92205 1
92206 1
92207 1
92208 1
92209 1
92210 1
92211 1
92212 1
92213 1
92214 1
92215 1
92216 1
92217 1
92218 1
92219 1
92220 1
92221 1
92222 1
92223 1
92224 1
92225 1
92226 1
92227 1
92228 1
92229 1
92230 1
92231 1
92232 1
92233 1
92234 1
92235 1
92236 1
92237 1
92238 1
92239 1
92240 1
92241 1
92242 1
92243 1
92244 1
92245 1
92246 1
92247 1
92248 1
92249 1
92250 1
92251 1
92252 1
92253 1
92254 1
92255 1
92256 1
92257 1
92258 1
92259 1
92260 1
92261 1
92262 1
92263 1
92264 1
92265 1
92266 1
92267 1
92268 1
92269 1
92270 1
92271 1
92272 1
92273 1
92274 1
92275 1
92276 1
92277 1
92278 1
92279 1
92280 1
92281 1
92282 1
92283 1
92284 1
92285 1
92286 1
92287 1
92288 1
92289 1
92290 1
92291 1
92292 1
92293 1
92294 1
92295 1
92296 1
92297 1
92298 1
92299 1
92300 1
92301 1
92302 1
92303 1
92304 1
92305 1
92306 1
92307 1
92308 1
92309 1
92310 1
92311 1
92312 1
92313 1
92314 1
92315 1
92316 1
92317 1
92318 1
92319 1
92320 1
92321 1
92322 1
92323 1
92324 1
92325 1
92326 1
92327 1
92328 1
92329 1
92330 1
92331 1
92332 1
92333 1
92334 1
92335 1
92336 1
92337 1
92338 1
92339 1
92340 1
92341 1
92342 1
92343 1
92344 1
92345 1
92346 1
92347 1
92348 1
92349 1
92350 1
92351 1
92352 1
92353 1
92354 1
92355 1
92356 1
92357 1
92358 1
92359 1
92360 1
92361 1
92362 1
92363 1
92364 1
92365 1
92366 1
92367 1
92368 1
92369 1
92370 1
92371 1
92372 1
92373 1
92374 1
92375 1
92376 1
92377 1
92378 1
92379 1
92380 1
92381 1
92382 1
92383 1
92384 1
92385 1
92386 1
92387 1
92388 1
92389 1
92390 1
92391 1
92392 1
92393 1
92394 1
92395 1
92396 1
92397 1
92398 1
92399 1
92400 1
92401 1
92402 1
92403 1
92404 1
92405 1
92406 1
92407 1
92408 1
92409 1
92410 1
92411 1
92412 1
92413 1
92414 1
92415 1
92416 1
92417 1
92418 1
92419 1
92420 1
92421 1
92422 1
92423 1
92424 1
92425 1
92426 1
92427 1
92428 1
92429 1
92430 1
92431 1
92432 1
92433 1
92434 1
92435 1
92436 1
92437 1
92438 1
92439 1
92440 1
92441 1
92442 1
92443 1
92444 1
92445 1
92446 1
92447 1
92448 1
92449 1
92450 1
92451 1
92452 1
92453 1
92454 1
92455 1
92456 1
92457 1
92458 1
92459 1
92460 1
92461 1
92462 1
92463 1
92464 1
92465 1
92466 1
92467 1
92468 1
92469 1
92470 1
92471 1
92472 1
92473 1
92474 1
92475 1
92476 1
92477 1
92478 1
92479 1
92480 1
92481 1
92482 1
92483 1
92484 1
92485 1
92486 1
92487 1
92488 1
92489 1
92490 1
92491 1
92492 1
92493 1
92494 1
92495 1
92496 1
92497 1
92498 1
92499 1
92500 1
92501 1
92502 1
92503 1
92504 1
92505 1
92506 1
92507 1
92508 1
92509 1
92510 1
92511 1
92512 1
92513 1
92514 1
92515 1
92516 1
92517 1
92518 1
92519 1
92520 1
92521 1
92522 1
92523 1
92524 1
92525 1
92526 1
92527 1
92528 1
92529 1
92530 1
92531 1
92532 1
92533 1
92534 1
92535 1
92536 1
92537 1
92538 1
92539 1
92540 1
92541 1
92542 1
92543 1
92544 1
92545 1
92546 1
92547 1
92548 1
92549 1
92550 1
92551 1
92552 1
92553 1
92554 1
92555 1
92556 1
92557 1
92558 1
92559 1
92560 1
92561 1
92562 1
92563 1
92564 1
92565 1
92566 1
92567 1
92568 1
92569 1
92570 1
92571 1
92572 1
92573 1
92574 1
92575 1
92576 1
92577 1
92578 1
92579 1
92580 1
92581 1
92582 1
92583 1
92584 1
92585 1
92586 1
92587 1
92588 1
92589 1
92590 1
92591 1
92592 1
92593 1
92594 1
92595 1
92596 1
92597 1
92598 1
92599 1
92600 1
92601 1
92602 1
92603 1
92604 1
92605 1
92606 1
92607 1
92608 1
92609 1
92610 1
92611 1
92612 1
92613 1
92614 1
92615 1
92616 1
92617 1
92618 1
92619 1
92620 1
92621 1
92622 1
92623 1
92624 1
92625 1
92626 1
92627 1
92628 1
92629 1
92630 1
92631 1
92632 1
92633 1
92634 1
92635 1
92636 1
92637 1
92638 1
92639 1
92640 1
92641 1
92642 1
92643 1
92644 1
92645 1
92646 1
92647 1
92648 1
92649 1
92650 1
92651 1
92652 1
92653 1
92654 1
92655 1
92656 1
92657 1
92658 1
92659 1
92660 1
92661 1
92662 1
92663 1
92664 1
92665 1
92666 1
92667 1
92668 1
92669 1
92670 1
92671 1
92672 1
92673 1
92674 1
92675 1
92676 1
92677 1
92678 1
92679 1
92680 1
92681 1
92682 1
92683 1
92684 1
92685 1
92686 1
92687 1
92688 1
92689 1
92690 1
92691 1
92692 1
92693 1
92694 1
92695 1
92696 1
92697 1
92698 1
92699 1
92700 1
92701 1
92702 1
92703 1
92704 1
92705 1
92706 1
92707 1
92708 1
92709 1
92710 1
92711 1
92712 1
92713 1
92714 1
92715 1
92716 1
92717 1
92718 1
92719 1
92720 1
92721 1
92722 1
92723 1
92724 1
92725 1
92726 1
92727 1
92728 1
92729 1
92730 1
92731 1
92732 1
92733 1
92734 1
92735 1
92736 1
92737 1
92738 1
92739 1
92740 1
92741 1
92742 1
92743 1
92744 1
92745 1
92746 1
92747 1
92748 1
92749 1
92750 1
92751 1
92752 1
92753 1
92754 1
92755 1
92756 1
92757 1
92758 1
92759 1
92760 1
92761 1
92762 1
92763 1
92764 1
92765 1
92766 1
92767 1
92768 1
92769 1
92770 1
92771 1
92772 1
92773 1
92774 1
92775 1
92776 1
92777 1
92778 1
92779 1
92780 1
92781 1
92782 1
92783 1
92784 1
92785 1
92786 1
92787 1
92788 1
92789 1
92790 1
92791 1
92792 1
92793 1
92794 1
92795 1
92796 1
92797 1
92798 1
92799 1
92800 1
92801 1
92802 1
92803 1
92804 1
92805 1
92806 1
92807 1
92808 1
92809 1
92810 1
92811 1
92812 1
92813 1
92814 1
92815 1
92816 1
92817 1
92818 1
92819 1
92820 1
92821 1
92822 1
92823 1
92824 1
92825 1
92826 1
92827 1
92828 1
92829 1
92830 1
92831 1
92832 1
92833 1
92834 1
92835 1
92836 1
92837 1
92838 1
92839 1
92840 1
92841 1
92842 1
92843 1
92844 1
92845 1
92846 1
92847 1
92848 1
92849 1
92850 1
92851 1
92852 1
92853 1
92854 1
92855 1
92856 1
92857 1
92858 1
92859 1
92860 1
92861 1
92862 1
92863 1
92864 1
92865 1
92866 1
92867 1
92868 1
92869 1
92870 1
92871 1
92872 1
92873 1
92874 1
92875 1
92876 1
92877 1
92878 1
92879 1
92880 1
92881 1
92882 1
92883 1
92884 1
92885 1
92886 1
92887 1
92888 1
92889 1
92890 1
92891 1
92892 1
92893 1
92894 1
92895 1
92896 1
92897 1
92898 1
92899 1
92900 1
92901 1
92902 1
92903 1
92904 1
92905 1
92906 1
92907 1
92908 1
92909 1
92910 1
92911 1
92912 1
92913 1
92914 1
92915 1
92916 1
92917 1
92918 1
92919 1
92920 1
92921 1
92922 1
92923 1
92924 1
92925 1
92926 1
92927 1
92928 1
92929 1
92930 1
92931 1
92932 1
92933 1
92934 1
92935 1
92936 1
92937 1
92938 1
92939 1
92940 1
92941 1
92942 1
92943 1
92944 1
92945 1
92946 1
92947 1
92948 1
92949 1
92950 1
92951 1
92952 1
92953 1
92954 1
92955 1
92956 1
92957 1
92958 1
92959 1
92960 1
92961 1
92962 1
92963 1
92964 1
92965 1
92966 1
92967 1
92968 1
92969 1
92970 1
92971 1
92972 1
92973 1
92974 1
92975 1
92976 1
92977 1
92978 1
92979 1
92980 1
92981 1
92982 1
92983 1
92984 1
92985 1
92986 1
92987 1
92988 1
92989 1
92990 1
92991 1
92992 1
92993 1
92994 1
92995 1
92996 1
92997 1
92998 1
92999 1
93000 1
93001 1
93002 1
93003 1
93004 1
93005 1
93006 1
93007 1
93008 1
93009 1
93010 1
93011 1
93012 1
93013 1
93014 1
93015 1
93016 1
93017 1
93018 1
93019 1
93020 1
93021 1
93022 1
93023 1
93024 1
93025 1
93026 1
93027 1
93028 1
93029 1
93030 1
93031 1
93032 1
93033 1
93034 1
93035 1
93036 1
93037 1
93038 1
93039 1
93040 1
93041 1
93042 1
93043 1
93044 1
93045 1
93046 1
93047 1
93048 1
93049 1
93050 1
93051 1
93052 1
93053 1
93054 1
93055 1
93056 1
93057 1
93058 1
93059 1
93060 1
93061 1
93062 1
93063 1
93064 1
93065 1
93066 1
93067 1
93068 1
93069 1
93070 1
93071 1
93072 1
93073 1
93074 1
93075 1
93076 1
93077 1
93078 1
93079 1
93080 1
93081 1
93082 1
93083 1
93084 1
93085 1
93086 1
93087 1
93088 1
93089 1
93090 1
93091 1
93092 1
93093 1
93094 1
93095 1
93096 1
93097 1
93098 1
93099 1
93100 1
93101 1
93102 1
93103 1
93104 1
93105 1
93106 1
93107 1
93108 1
93109 1
93110 1
93111 1
93112 1
93113 1
93114 1
93115 1
93116 1
93117 1
93118 1
93119 1
93120 1
93121 1
93122 1
93123 1
93124 1
93125 1
93126 1
93127 1
93128 1
93129 1
93130 1
93131 1
93132 1
93133 1
93134 1
93135 1
93136 1
93137 1
93138 1
93139 1
93140 1
93141 1
93142 1
93143 1
93144 1
93145 1
93146 1
93147 1
93148 1
93149 1
93150 1
93151 1
93152 1
93153 1
93154 1
93155 1
93156 1
93157 1
93158 1
93159 1
93160 1
93161 1
93162 1
93163 1
93164 1
93165 1
93166 1
93167 1
93168 1
93169 1
93170 1
93171 1
93172 1
93173 1
93174 1
93175 1
93176 1
93177 1
93178 1
93179 1
93180 1
93181 1
93182 1
93183 1
93184 1
93185 1
93186 1
93187 1
93188 1
93189 1
93190 1
93191 1
93192 1
93193 1
93194 1
93195 1
93196 1
93197 1
93198 1
93199 1
93200 1
93201 1
93202 1
93203 1
93204 1
93205 1
93206 1
93207 1
93208 1
93209 1
93210 1
93211 1
93212 1
93213 1
93214 1
93215 1
93216 1
93217 1
93218 1
93219 1
93220 1
93221 1
93222 1
93223 1
93224 1
93225 1
93226 1
93227 1
93228 1
93229 1
93230 1
93231 1
93232 1
93233 1
93234 1
93235 1
93236 1
93237 1
93238 1
93239 1
93240 1
93241 1
93242 1
93243 1
93244 1
93245 1
93246 1
93247 1
93248 1
93249 1
93250 1
93251 1
93252 1
93253 1
93254 1
93255 1
93256 1
93257 1
93258 1
93259 1
93260 1
93261 1
93262 1
93263 1
93264 1
93265 1
93266 1
93267 1
93268 1
93269 1
93270 1
93271 1
93272 1
93273 1
93274 1
93275 1
93276 1
93277 1
93278 1
93279 1
93280 1
93281 1
93282 1
93283 1
93284 1
93285 1
93286 1
93287 1
93288 1
93289 1
93290 1
93291 1
93292 1
93293 1
93294 1
93295 1
93296 1
93297 1
93298 1
93299 1
93300 1
93301 1
93302 1
93303 1
93304 1
93305 1
93306 1
93307 1
93308 1
93309 1
93310 1
93311 1
93312 1
93313 1
93314 1
93315 1
93316 1
93317 1
93318 1
93319 1
93320 1
93321 1
93322 1
93323 1
93324 1
93325 1
93326 1
93327 1
93328 1
93329 1
93330 1
93331 1
93332 1
93333 1
93334 1
93335 1
93336 1
93337 1
93338 1
93339 1
93340 1
93341 1
93342 1
93343 1
93344 1
93345 1
93346 1
93347 1
93348 1
93349 1
93350 1
93351 1
93352 1
93353 1
93354 1
93355 1
93356 1
93357 1
93358 1
93359 1
93360 1
93361 1
93362 1
93363 1
93364 1
93365 1
93366 1
93367 1
93368 1
93369 1
93370 1
93371 1
93372 1
93373 1
93374 1
93375 1
93376 1
93377 1
93378 1
93379 1
93380 1
93381 1
93382 1
93383 1
93384 1
93385 1
93386 1
93387 1
93388 1
93389 1
93390 1
93391 1
93392 1
93393 1
93394 1
93395 1
93396 1
93397 1
93398 1
93399 1
93400 1
93401 1
93402 1
93403 1
93404 1
93405 1
93406 1
93407 1
93408 1
93409 1
93410 1
93411 1
93412 1
93413 1
93414 1
93415 1
93416 1
93417 1
93418 1
93419 1
93420 1
93421 1
93422 1
93423 1
93424 1
93425 1
93426 1
93427 1
93428 1
93429 1
93430 1
93431 1
93432 1
93433 1
93434 1
93435 1
93436 1
93437 1
93438 1
93439 1
93440 1
93441 1
93442 1
93443 1
93444 1
93445 1
93446 1
93447 1
93448 1
93449 1
93450 1
93451 1
93452 1
93453 1
93454 1
93455 1
93456 1
93457 1
93458 1
93459 1
93460 1
93461 1
93462 1
93463 1
93464 1
93465 1
93466 1
93467 1
93468 1
93469 1
93470 1
93471 1
93472 1
93473 1
93474 1
93475 1
93476 1
93477 1
93478 1
93479 1
93480 1
93481 1
93482 1
93483 1
93484 1
93485 1
93486 1
93487 1
93488 1
93489 1
93490 1
93491 1
93492 1
93493 1
93494 1
93495 1
93496 1
93497 1
93498 1
93499 1
93500 1
93501 1
93502 1
93503 1
93504 1
93505 1
93506 1
93507 1
93508 1
93509 1
93510 1
93511 1
93512 1
93513 1
93514 1
93515 1
93516 1
93517 1
93518 1
93519 1
93520 1
93521 1
93522 1
93523 1
93524 1
93525 1
93526 1
93527 1
93528 1
93529 1
93530 1
93531 1
93532 1
93533 1
93534 1
93535 1
93536 1
93537 1
93538 1
93539 1
93540 1
93541 1
93542 1
93543 1
93544 1
93545 1
93546 1
93547 1
93548 1
93549 1
93550 1
93551 1
93552 1
93553 1
93554 1
93555 1
93556 1
93557 1
93558 1
93559 1
93560 1
93561 1
93562 1
93563 1
93564 1
93565 1
93566 1
93567 1
93568 1
93569 1
93570 1
93571 1
93572 1
93573 1
93574 1
93575 1
93576 1
93577 1
93578 1
93579 1
93580 1
93581 1
93582 1
93583 1
93584 1
93585 1
93586 1
93587 1
93588 1
93589 1
93590 1
93591 1
93592 1
93593 1
93594 1
93595 1
93596 1
93597 1
93598 1
93599 1
93600 1
93601 1
93602 1
93603 1
93604 1
93605 1
93606 1
93607 1
93608 1
93609 1
93610 1
93611 1
93612 1
93613 1
93614 1
93615 1
93616 1
93617 1
93618 1
93619 1
93620 1
93621 1
93622 1
93623 1
93624 1
93625 1
93626 1
93627 1
93628 1
93629 1
93630 1
93631 1
93632 1
93633 1
93634 1
93635 1
93636 1
93637 1
93638 1
93639 1
93640 1
93641 1
93642 1
93643 1
93644 1
93645 1
93646 1
93647 1
93648 1
93649 1
93650 1
93651 1
93652 1
93653 1
93654 1
93655 1
93656 1
93657 1
93658 1
93659 1
93660 1
93661 1
93662 1
93663 1
93664 1
93665 1
93666 1
93667 1
93668 1
93669 1
93670 1
93671 1
93672 1
93673 1
93674 1
93675 1
93676 1
93677 1
93678 1
93679 1
93680 1
93681 1
93682 1
93683 1
93684 1
93685 1
93686 1
93687 1
93688 1
93689 1
93690 1
93691 1
93692 1
93693 1
93694 1
93695 1
93696 1
93697 1
93698 1
93699 1
93700 1
93701 1
93702 1
93703 1
93704 1
93705 1
93706 1
93707 1
93708 1
93709 1
93710 1
93711 1
93712 1
93713 1
93714 1
93715 1
93716 1
93717 1
93718 1
93719 1
93720 1
93721 1
93722 1
93723 1
93724 1
93725 1
93726 1
93727 1
93728 1
93729 1
93730 1
93731 1
93732 1
93733 1
93734 1
93735 1
93736 1
93737 1
93738 1
93739 1
93740 1
93741 1
93742 1
93743 1
93744 1
93745 1
93746 1
93747 1
93748 1
93749 1
93750 1
93751 1
93752 1
93753 1
93754 1
93755 1
93756 1
93757 1
93758 1
93759 1
93760 1
93761 1
93762 1
93763 1
93764 1
93765 1
93766 1
93767 1
93768 1
93769 1
93770 1
93771 1
93772 1
93773 1
93774 1
93775 1
93776 1
93777 1
93778 1
93779 1
93780 1
93781 1
93782 1
93783 1
93784 1
93785 1
93786 1
93787 1
93788 1
93789 1
93790 1
93791 1
93792 1
93793 1
93794 1
93795 1
93796 1
93797 1
93798 1
93799 1
93800 1
93801 1
93802 1
93803 1
93804 1
93805 1
93806 1
93807 1
93808 1
93809 1
93810 1
93811 1
93812 1
93813 1
93814 1
93815 1
93816 1
93817 1
93818 1
93819 1
93820 1
93821 1
93822 1
93823 1
93824 1
93825 1
93826 1
93827 1
93828 1
93829 1
93830 1
93831 1
93832 1
93833 1
93834 1
93835 1
93836 1
93837 1
93838 1
93839 1
93840 1
93841 1
93842 1
93843 1
93844 1
93845 1
93846 1
93847 1
93848 1
93849 1
93850 1
93851 1
93852 1
93853 1
93854 1
93855 1
93856 1
93857 1
93858 1
93859 1
93860 1
93861 1
93862 1
93863 1
93864 1
93865 1
93866 1
93867 1
93868 1
93869 1
93870 1
93871 1
93872 1
93873 1
93874 1
93875 1
93876 1
93877 1
93878 1
93879 1
93880 1
93881 1
93882 1
93883 1
93884 1
93885 1
93886 1
93887 1
93888 1
93889 1
93890 1
93891 1
93892 1
93893 1
93894 1
93895 1
93896 1
93897 1
93898 1
93899 1
93900 1
93901 1
93902 1
93903 1
93904 1
93905 1
93906 1
93907 1
93908 1
93909 1
93910 1
93911 1
93912 1
93913 1
93914 1
93915 1
93916 1
93917 1
93918 1
93919 1
93920 1
93921 1
93922 1
93923 1
93924 1
93925 1
93926 1
93927 1
93928 1
93929 1
93930 1
93931 1
93932 1
93933 1
93934 1
93935 1
93936 1
93937 1
93938 1
93939 1
93940 1
93941 1
93942 1
93943 1
93944 1
93945 1
93946 1
93947 1
93948 1
93949 1
93950 1
93951 1
93952 1
93953 1
93954 1
93955 1
93956 1
93957 1
93958 1
93959 1
93960 1
93961 1
93962 1
93963 1
93964 1
93965 1
93966 1
93967 1
93968 1
93969 1
93970 1
93971 1
93972 1
93973 1
93974 1
93975 1
93976 1
93977 1
93978 1
93979 1
93980 1
93981 1
93982 1
93983 1
93984 1
93985 1
93986 1
93987 1
93988 1
93989 1
93990 1
93991 1
93992 1
93993 1
93994 1
93995 1
93996 1
93997 1
93998 1
93999 1
94000 1
94001 1
94002 1
94003 1
94004 1
94005 1
94006 1
94007 1
94008 1
94009 1
94010 1
94011 1
94012 1
94013 1
94014 1
94015 1
94016 1
94017 1
94018 1
94019 1
94020 1
94021 1
94022 1
94023 1
94024 1
94025 1
94026 1
94027 1
94028 1
94029 1
94030 1
94031 1
94032 1
94033 1
94034 1
94035 1
94036 1
94037 1
94038 1
94039 1
94040 1
94041 1
94042 1
94043 1
94044 1
94045 1
94046 1
94047 1
94048 1
94049 1
94050 1
94051 1
94052 1
94053 1
94054 1
94055 1
94056 1
94057 1
94058 1
94059 1
94060 1
94061 1
94062 1
94063 1
94064 1
94065 1
94066 1
94067 1
94068 1
94069 1
94070 1
94071 1
94072 1
94073 1
94074 1
94075 1
94076 1
94077 1
94078 1
94079 1
94080 1
94081 1
94082 1
94083 1
94084 1
94085 1
94086 1
94087 1
94088 1
94089 1
94090 1
94091 1
94092 1
94093 1
94094 1
94095 1
94096 1
94097 1
94098 1
94099 1
94100 1
94101 1
94102 1
94103 1
94104 1
94105 1
94106 1
94107 1
94108 1
94109 1
94110 1
94111 1
94112 1
94113 1
94114 1
94115 1
94116 1
94117 1
94118 1
94119 1
94120 1
94121 1
94122 1
94123 1
94124 1
94125 1
94126 1
94127 1
94128 1
94129 1
94130 1
94131 1
94132 1
94133 1
94134 1
94135 1
94136 1
94137 1
94138 1
94139 1
94140 1
94141 1
94142 1
94143 1
94144 1
94145 1
94146 1
94147 1
94148 1
94149 1
94150 1
94151 1
94152 1
94153 1
94154 1
94155 1
94156 1
94157 1
94158 1
94159 1
94160 1
94161 1
94162 1
94163 1
94164 1
94165 1
94166 1
94167 1
94168 1
94169 1
94170 1
94171 1
94172 1
94173 1
94174 1
94175 1
94176 1
94177 1
94178 1
94179 1
94180 1
94181 1
94182 1
94183 1
94184 1
94185 1
94186 1
94187 1
94188 1
94189 1
94190 1
94191 1
94192 1
94193 1
94194 1
94195 1
94196 1
94197 1
94198 1
94199 1
94200 1
94201 1
94202 1
94203 1
94204 1
94205 1
94206 1
94207 1
94208 1
94209 1
94210 1
94211 1
94212 1
94213 1
94214 1
94215 1
94216 1
94217 1
94218 1
94219 1
94220 1
94221 1
94222 1
94223 1
94224 1
94225 1
94226 1
94227 1
94228 1
94229 1
94230 1
94231 1
94232 1
94233 1
94234 1
94235 1
94236 1
94237 1
94238 1
94239 1
94240 1
94241 1
94242 1
94243 1
94244 1
94245 1
94246 1
94247 1
94248 1
94249 1
94250 1
94251 1
94252 1
94253 1
94254 1
94255 1
94256 1
94257 1
94258 1
94259 1
94260 1
94261 1
94262 1
94263 1
94264 1
94265 1
94266 1
94267 1
94268 1
94269 1
94270 1
94271 1
94272 2
94273 2
94274 2
94275 2
94276 2
94277 2
94278 2
94279 2
94280 2
94281 2
94282 2
94283 2
94284 2
94285 2
94286 2
94287 2
94288 2
94289 2
94290 2
94291 2
94292 2
94293 2
94294 2
94295 2
94296 2
94297 2
94298 2
94299 2
94300 2
94301 2
94302 2
94303 2
94304 2
94305 2
94306 2
94307 2
94308 2
94309 2
94310 2
94311 2
94312 2
94313 2
94314 2
94315 2
94316 2
94317 2
94318 2
94319 2
94320 2
94321 2
94322 2
94323 2
94324 2
94325 2
94326 2
94327 2
94328 2
94329 2
94330 2
94331 2
94332 2
94333 2
94334 2
94335 2
94336 2
94337 2
94338 2
94339 2
94340 2
94341 2
94342 2
94343 2
94344 2
94345 2
94346 2
94347 2
94348 2
94349 2
94350 2
94351 2
94352 2
94353 2
94354 2
94355 2
94356 2
94357 2
94358 2
94359 2
94360 2
94361 2
94362 2
94363 2
94364 2
94365 2
94366 2
94367 2
94368 2
94369 2
94370 2
94371 2
94372 2
94373 2
94374 2
94375 2
94376 2
94377 2
94378 2
94379 2
94380 2
94381 2
94382 2
94383 2
94384 2
94385 2
94386 2
94387 2
94388 2
94389 2
94390 2
94391 2
94392 2
94393 2
94394 2
94395 2
94396 2
94397 2
94398 2
94399 2
94400 2
94401 2
94402 2
94403 2
94404 2
94405 2
94406 2
94407 2
94408 2
94409 2
94410 2
94411 2
94412 2
94413 2
94414 2
94415 2
94416 2
94417 2
94418 2
94419 2
94420 2
94421 2
94422 2
94423 2
94424 2
94425 2
94426 2
94427 2
94428 2
94429 2
94430 2
94431 2
94432 2
94433 2
94434 2
94435 2
94436 2
94437 2
94438 2
94439 2
94440 2
94441 2
94442 2
94443 2
94444 2
94445 2
94446 2
94447 2
94448 2
94449 2
94450 2
94451 2
94452 2
94453 2
94454 2
94455 2
94456 2
94457 2
94458 2
94459 2
94460 2
94461 2
94462 2
94463 2
94464 1
94465 1
94466 1
94467 1
94468 1
94469 1
94470 1
94471 1
94472 1
94473 1
94474 1
94475 1
94476 1
94477 1
94478 1
94479 1
94480 1
94481 1
94482 1
94483 1
94484 1
94485 1
94486 1
94487 1
94488 1
94489 1
94490 1
94491 1
94492 1
94493 1
94494 1
94495 1
94496 1
94497 1
94498 1
94499 1
94500 1
94501 1
94502 1
94503 1
94504 1
94505 1
94506 1
94507 1
94508 1
94509 1
94510 1
94511 1
94512 1
94513 1
94514 1
94515 1
94516 1
94517 1
94518 1
94519 1
94520 1
94521 1
94522 1
94523 1
94524 1
94525 1
94526 1
94527 1
94528 1
94529 1
94530 1
94531 1
94532 1
94533 1
94534 1
94535 1
94536 1
94537 1
94538 1
94539 1
94540 1
94541 1
94542 1
94543 1
94544 1
94545 1
94546 1
94547 1
94548 1
94549 1
94550 1
94551 1
94552 1
94553 1
94554 1
94555 1
94556 1
94557 1
94558 1
94559 1
94560 1
94561 1
94562 1
94563 1
94564 1
94565 1
94566 1
94567 1
94568 1
94569 1
94570 1
94571 1
94572 1
94573 1
94574 1
94575 1
94576 1
94577 1
94578 1
94579 1
94580 1
94581 1
94582 1
94583 1
94584 1
94585 1
94586 1
94587 1
94588 1
94589 1
94590 1
94591 1
94592 1
94593 1
94594 1
94595 1
94596 1
94597 1
94598 1
94599 1
94600 1
94601 1
94602 1
94603 1
94604 1
94605 1
94606 1
94607 1
94608 1
94609 1
94610 1
94611 1
94612 1
94613 1
94614 1
94615 1
94616 1
94617 1
94618 1
94619 1
94620 1
94621 1
94622 1
94623 1
94624 1
94625 1
94626 1
94627 1
94628 1
94629 1
94630 1
94631 1
94632 1
94633 1
94634 1
94635 1
94636 1
94637 1
94638 1
94639 1
94640 1
94641 1
94642 1
94643 1
94644 1
94645 1
94646 1
94647 1
94648 1
94649 1
94650 1
94651 1
94652 1
94653 1
94654 1
94655 1
94656 2
94657 2
94658 2
94659 2
94660 2
94661 2
94662 2
94663 2
94664 2
94665 2
94666 2
94667 2
94668 2
94669 2
94670 2
94671 2
94672 2
94673 2
94674 2
94675 2
94676 2
94677 2
94678 2
94679 2
94680 2
94681 2
94682 2
94683 2
94684 2
94685 2
94686 2
94687 2
94688 2
94689 2
94690 2
94691 2
94692 2
94693 2
94694 2
94695 2
94696 2
94697 2
94698 2
94699 2
94700 2
94701 2
94702 2
94703 2
94704 2
94705 2
94706 2
94707 2
94708 2
94709 2
94710 2
94711 2
94712 2
94713 2
94714 2
94715 2
94716 2
94717 2
94718 2
94719 2
94720 2
94721 2
94722 2
94723 2
94724 2
94725 2
94726 2
94727 2
94728 2
94729 2
94730 2
94731 2
94732 2
94733 2
94734 2
94735 2
94736 2
94737 2
94738 2
94739 2
94740 2
94741 2
94742 2
94743 2
94744 2
94745 2
94746 2
94747 2
94748 2
94749 2
94750 2
94751 2
94752 2
94753 2
94754 2
94755 2
94756 2
94757 2
94758 2
94759 2
94760 2
94761 2
94762 2
94763 2
94764 2
94765 2
94766 2
94767 2
94768 2
94769 2
94770 2
94771 2
94772 2
94773 2
94774 2
94775 2
94776 2
94777 2
94778 2
94779 2
94780 2
94781 2
94782 2
94783 2
94784 2
94785 2
94786 2
94787 2
94788 2
94789 2
94790 2
94791 2
94792 2
94793 2
94794 2
94795 2
94796 2
94797 2
94798 2
94799 2
94800 2
94801 2
94802 2
94803 2
94804 2
94805 2
94806 2
94807 2
94808 2
94809 2
94810 2
94811 2
94812 2
94813 2
94814 2
94815 2
94816 2
94817 2
94818 2
94819 2
94820 2
94821 2
94822 2
94823 2
94824 2
94825 2
94826 2
94827 2
94828 2
94829 2
94830 2
94831 2
94832 2
94833 2
94834 2
94835 2
94836 2
94837 2
94838 2
94839 2
94840 2
94841 2
94842 2
94843 2
94844 2
94845 2
94846 2
94847 2
94848 3
94849 3
94850 3
94851 3
94852 3
94853 3
94854 3
94855 3
94856 3
94857 3
94858 3
94859 3
94860 3
94861 3
94862 3
94863 3
94864 3
94865 3
94866 3
94867 3
94868 3
94869 3
94870 3
94871 3
94872 3
94873 3
94874 3
94875 3
94876 3
94877 3
94878 3
94879 3
94880 3
94881 3
94882 3
94883 3
94884 3
94885 3
94886 3
94887 3
94888 3
94889 3
94890 3
94891 3
94892 3
94893 3
94894 3
94895 3
94896 3
94897 3
94898 3
94899 3
94900 3
94901 3
94902 3
94903 3
94904 3
94905 3
94906 3
94907 3
94908 3
94909 3
94910 3
94911 3
94912 3
94913 3
94914 3
94915 3
94916 3
94917 3
94918 3
94919 3
94920 3
94921 3
94922 3
94923 3
94924 3
94925 3
94926 3
94927 3
94928 3
94929 3
94930 3
94931 3
94932 3
94933 3
94934 3
94935 3
94936 3
94937 3
94938 3
94939 3
94940 3
94941 3
94942 3
94943 3
94944 3
94945 3
94946 3
94947 3
94948 3
94949 3
94950 3
94951 3
94952 3
94953 3
94954 3
94955 3
94956 3
94957 3
94958 3
94959 3
94960 3
94961 3
94962 3
94963 3
94964 3
94965 3
94966 3
94967 3
94968 3
94969 3
94970 3
94971 3
94972 3
94973 3
94974 3
94975 3
94976 3
94977 3
94978 3
94979 3
94980 3
94981 3
94982 3
94983 3
94984 3
94985 3
94986 3
94987 3
94988 3
94989 3
94990 3
94991 3
94992 3
94993 3
94994 3
94995 3
94996 3
94997 3
94998 3
94999 3
95000 3
95001 3
95002 3
95003 3
95004 3
95005 3
95006 3
95007 3
95008 3
95009 3
95010 3
95011 3
95012 3
95013 3
95014 3
95015 3
95016 3
95017 3
95018 3
95019 3
95020 3
95021 3
95022 3
95023 3
95024 3
95025 3
95026 3
95027 3
95028 3
95029 3
95030 3
95031 3
95032 3
95033 3
95034 3
95035 3
95036 3
95037 3
95038 3
95039 3
95040 3
95041 3
95042 3
95043 3
95044 3
95045 3
95046 3
95047 3
95048 3
95049 3
95050 3
95051 3
95052 3
95053 3
95054 3
95055 3
95056 3
95057 3
95058 3
95059 3
95060 3
95061 3
95062 3
95063 3
95064 3
95065 3
95066 3
95067 3
95068 3
95069 3
95070 3
95071 3
95072 3
95073 3
95074 3
95075 3
95076 3
95077 3
95078 3
95079 3
95080 3
95081 3
95082 3
95083 3
95084 3
95085 3
95086 3
95087 3
95088 3
95089 3
95090 3
95091 3
95092 3
95093 3
95094 3
95095 3
95096 3
95097 3
95098 3
95099 3
95100 3
95101 3
95102 3
95103 3
95104 3
95105 3
95106 3
95107 3
95108 3
95109 3
95110 3
95111 3
95112 3
95113 3
95114 3
95115 3
95116 3
95117 3
95118 3
95119 3
95120 3
95121 3
95122 3
95123 3
95124 3
95125 3
95126 3
95127 3
95128 3
95129 3
95130 3
95131 3
95132 3
95133 3
95134 3
95135 3
95136 3
95137 3
95138 3
95139 3
95140 3
95141 3
95142 3
95143 3
95144 3
95145 3
95146 3
95147 3
95148 3
95149 3
95150 3
95151 3
95152 3
95153 3
95154 3
95155 3
95156 3
95157 3
95158 3
95159 3
95160 3
95161 3
95162 3
95163 3
95164 3
95165 3
95166 3
95167 3
95168 3
95169 3
95170 3
95171 3
95172 3
95173 3
95174 3
95175 3
95176 3
95177 3
95178 3
95179 3
95180 3
95181 3
95182 3
95183 3
95184 3
95185 3
95186 3
95187 3
95188 3
95189 3
95190 3
95191 3
95192 3
95193 3
95194 3
95195 3
95196 3
95197 3
95198 3
95199 3
95200 3
95201 3
95202 3
95203 3
95204 3
95205 3
95206 3
95207 3
95208 3
95209 3
95210 3
95211 3
95212 3
95213 3
95214 3
95215 3
95216 3
95217 3
95218 3
95219 3
95220 3
95221 3
95222 3
95223 3
95224 3
95225 3
95226 3
95227 3
95228 3
95229 3
95230 3
95231 3
95232 0
95233 0
95234 0
95235 0
95236 0
95237 0
95238 0
95239 0
95240 0
95241 0
95242 0
95243 0
95244 0
95245 0
95246 0
95247 0
95248 0
95249 0
95250 0
95251 0
95252 0
95253 0
95254 0
95255 0
95256 0
95257 0
95258 0
95259 0
95260 0
95261 0
95262 0
95263 0
95264 0
95265 0
95266 0
95267 0
95268 0
95269 0
95270 0
95271 0
95272 0
95273 0
95274 0
95275 0
95276 0
95277 0
95278 0
95279 0
95280 0
95281 0
95282 0
95283 0
95284 0
95285 0
95286 0
95287 0
95288 0
95289 0
95290 0
95291 0
95292 0
95293 0
95294 0
95295 0
95296 0
95297 0
95298 0
95299 0
95300 0
95301 0
95302 0
95303 0
95304 0
95305 0
95306 0
95307 0
95308 0
95309 0
95310 0
95311 0
95312 0
95313 0
95314 0
95315 0
95316 0
95317 0
95318 0
95319 0
95320 0
95321 0
95322 0
95323 0
95324 0
95325 0
95326 0
95327 0
95328 0
95329 0
95330 0
95331 0
95332 0
95333 0
95334 0
95335 0
95336 0
95337 0
95338 0
95339 0
95340 0
95341 0
95342 0
95343 0
95344 0
95345 0
95346 0
95347 0
95348 0
95349 0
95350 0
95351 0
95352 0
95353 0
95354 0
95355 0
95356 0
95357 0
95358 0
95359 0
95360 0
95361 0
95362 0
95363 0
95364 0
95365 0
95366 0
95367 0
95368 0
95369 0
95370 0
95371 0
95372 0
95373 0
95374 0
95375 0
95376 0
95377 0
95378 0
95379 0
95380 0
95381 0
95382 0
95383 0
95384 0
95385 0
95386 0
95387 0
95388 0
95389 0
95390 0
95391 0
95392 0
95393 0
95394 0
95395 0
95396 0
95397 0
95398 0
95399 0
95400 0
95401 0
95402 0
95403 0
95404 0
95405 0
95406 0
95407 0
95408 0
95409 0
95410 0
95411 0
95412 0
95413 0
95414 0
95415 0
95416 0
95417 0
95418 0
95419 0
95420 0
95421 0
95422 0
95423 0
95424 0
95425 0
95426 0
95427 0
95428 0
95429 0
95430 0
95431 0
95432 0
95433 0
95434 0
95435 0
95436 0
95437 0
95438 0
95439 0
95440 0
95441 0
95442 0
95443 0
95444 0
95445 0
95446 0
95447 0
95448 0
95449 0
95450 0
95451 0
95452 0
95453 0
95454 0
95455 0
95456 0
95457 0
95458 0
95459 0
95460 0
95461 0
95462 0
95463 0
95464 0
95465 0
95466 0
95467 0
95468 0
95469 0
95470 0
95471 0
95472 0
95473 0
95474 0
95475 0
95476 0
95477 0
95478 0
95479 0
95480 0
95481 0
95482 0
95483 0
95484 0
95485 0
95486 0
95487 0
95488 0
95489 0
95490 0
95491 0
95492 0
95493 0
95494 0
95495 0
95496 0
95497 0
95498 0
95499 0
95500 0
95501 0
95502 0
95503 0
95504 0
95505 0
95506 0
95507 0
95508 0
95509 0
95510 0
95511 0
95512 0
95513 0
95514 0
95515 0
95516 0
95517 0
95518 0
95519 0
95520 0
95521 0
95522 0
95523 0
95524 0
95525 0
95526 0
95527 0
95528 0
95529 0
95530 0
95531 0
95532 0
95533 0
95534 0
95535 0
95536 0
95537 0
95538 0
95539 0
95540 0
95541 0
95542 0
95543 0
95544 0
95545 0
95546 0
95547 0
95548 0
95549 0
95550 0
95551 0
95552 0
95553 0
95554 0
95555 0
95556 0
95557 0
95558 0
95559 0
95560 0
95561 0
95562 0
95563 0
95564 0
95565 0
95566 0
95567 0
95568 0
95569 0
95570 0
95571 0
95572 0
95573 0
95574 0
95575 0
95576 0
95577 0
95578 0
95579 0
95580 0
95581 0
95582 0
95583 0
95584 0
95585 0
95586 0
95587 0
95588 0
95589 0
95590 0
95591 0
95592 0
95593 0
95594 0
95595 0
95596 0
95597 0
95598 0
95599 0
95600 0
95601 0
95602 0
95603 0
95604 0
95605 0
95606 0
95607 0
95608 0
95609 0
95610 0
95611 0
95612 0
95613 0
95614 0
95615 0
95616 0
95617 0
95618 0
95619 0
95620 0
95621 0
95622 0
95623 0
95624 0
95625 0
95626 0
95627 0
95628 0
95629 0
95630 0
95631 0
95632 0
95633 0
95634 0
95635 0
95636 0
95637 0
95638 0
95639 0
95640 0
95641 0
95642 0
95643 0
95644 0
95645 0
95646 0
95647 0
95648 0
95649 0
95650 0
95651 0
95652 0
95653 0
95654 0
95655 0
95656 0
95657 0
95658 0
95659 0
95660 0
95661 0
95662 0
95663 0
95664 0
95665 0
95666 0
95667 0
95668 0
95669 0
95670 0
95671 0
95672 0
95673 0
95674 0
95675 0
95676 0
95677 0
95678 0
95679 0
95680 0
95681 0
95682 0
95683 0
95684 0
95685 0
95686 0
95687 0
95688 0
95689 0
95690 0
95691 0
95692 0
95693 0
95694 0
95695 0
95696 0
95697 0
95698 0
95699 0
95700 0
95701 0
95702 0
95703 0
95704 0
95705 0
95706 0
95707 0
95708 0
95709 0
95710 0
95711 0
95712 0
95713 0
95714 0
95715 0
95716 0
95717 0
95718 0
95719 0
95720 0
95721 0
95722 0
95723 0
95724 0
95725 0
95726 0
95727 0
95728 0
95729 0
95730 0
95731 0
95732 0
95733 0
95734 0
95735 0
95736 0
95737 0
95738 0
95739 0
95740 0
95741 0
95742 0
95743 0
95744 0
95745 0
95746 0
95747 0
95748 0
95749 0
95750 0
95751 0
95752 0
95753 0
95754 0
95755 0
95756 0
95757 0
95758 0
95759 0
95760 0
95761 0
95762 0
95763 0
95764 0
95765 0
95766 0
95767 0
95768 0
95769 0
95770 0
95771 0
95772 0
95773 0
95774 0
95775 0
95776 0
95777 0
95778 0
95779 0
95780 0
95781 0
95782 0
95783 0
95784 0
95785 0
95786 0
95787 0
95788 0
95789 0
95790 0
95791 0
95792 0
95793 0
95794 0
95795 0
95796 0
95797 0
95798 0
95799 0
95800 0
95801 0
95802 0
95803 0
95804 0
95805 0
95806 0
95807 0
95808 0
95809 0
95810 0
95811 0
95812 0
95813 0
95814 0
95815 0
95816 0
95817 0
95818 0
95819 0
95820 0
95821 0
95822 0
95823 0
95824 0
95825 0
95826 0
95827 0
95828 0
95829 0
95830 0
95831 0
95832 0
95833 0
95834 0
95835 0
95836 0
95837 0
95838 0
95839 0
95840 0
95841 0
95842 0
95843 0
95844 0
95845 0
95846 0
95847 0
95848 0
95849 0
95850 0
95851 0
95852 0
95853 0
95854 0
95855 0
95856 0
95857 0
95858 0
95859 0
95860 0
95861 0
95862 0
95863 0
95864 0
95865 0
95866 0
95867 0
95868 0
95869 0
95870 0
95871 0
95872 0
95873 0
95874 0
95875 0
95876 0
95877 0
95878 0
95879 0
95880 0
95881 0
95882 0
95883 0
95884 0
95885 0
95886 0
95887 0
95888 0
95889 0
95890 0
95891 0
95892 0
95893 0
95894 0
95895 0
95896 0
95897 0
95898 0
95899 0
95900 0
95901 0
95902 0
95903 0
95904 0
95905 0
95906 0
95907 0
95908 0
95909 0
95910 0
95911 0
95912 0
95913 0
95914 0
95915 0
95916 0
95917 0
95918 0
95919 0
95920 0
95921 0
95922 0
95923 0
95924 0
95925 0
95926 0
95927 0
95928 0
95929 0
95930 0
95931 0
95932 0
95933 0
95934 0
95935 0
95936 0
95937 0
95938 0
95939 0
95940 0
95941 0
95942 0
95943 0
95944 0
95945 0
95946 0
95947 0
95948 0
95949 0
95950 0
95951 0
95952 0
95953 0
95954 0
95955 0
95956 0
95957 0
95958 0
95959 0
95960 0
95961 0
95962 0
95963 0
95964 0
95965 0
95966 0
95967 0
95968 0
95969 0
95970 0
95971 0
95972 0
95973 0
95974 0
95975 0
95976 0
95977 0
95978 0
95979 0
95980 0
95981 0
95982 0
95983 0
95984 0
95985 0
95986 0
95987 0
95988 0
95989 0
95990 0
95991 0
95992 0
95993 0
95994 0
95995 0
95996 0
95997 0
95998 0
95999 0
96000 1
96001 1
96002 1
96003 1
96004 1
96005 1
96006 1
96007 1
96008 1
96009 1
96010 1
96011 1
96012 1
96013 1
96014 1
96015 1
96016 1
96017 1
96018 1
96019 1
96020 1
96021 1
96022 1
96023 1
96024 1
96025 1
96026 1
96027 1
96028 1
96029 1
96030 1
96031 1
96032 1
96033 1
96034 1
96035 1
96036 1
96037 1
96038 1
96039 1
96040 1
96041 1
96042 1
96043 1
96044 1
96045 1
96046 1
96047 1
96048 1
96049 1
96050 1
96051 1
96052 1
96053 1
96054 1
96055 1
96056 1
96057 1
96058 1
96059 1
96060 1
96061 1
96062 1
96063 1
96064 1
96065 1
96066 1
96067 1
96068 1
96069 1
96070 1
96071 1
96072 1
96073 1
96074 1
96075 1
96076 1
96077 1
96078 1
96079 1
96080 1
96081 1
96082 1
96083 1
96084 1
96085 1
96086 1
96087 1
96088 1
96089 1
96090 1
96091 1
96092 1
96093 1
96094 1
96095 1
96096 1
96097 1
96098 1
96099 1
96100 1
96101 1
96102 1
96103 1
96104 1
96105 1
96106 1
96107 1
96108 1
96109 1
96110 1
96111 1
96112 1
96113 1
96114 1
96115 1
96116 1
96117 1
96118 1
96119 1
96120 1
96121 1
96122 1
96123 1
96124 1
96125 1
96126 1
96127 1
96128 1
96129 1
96130 1
96131 1
96132 1
96133 1
96134 1
96135 1
96136 1
96137 1
96138 1
96139 1
96140 1
96141 1
96142 1
96143 1
96144 1
96145 1
96146 1
96147 1
96148 1
96149 1
96150 1
96151 1
96152 1
96153 1
96154 1
96155 1
96156 1
96157 1
96158 1
96159 1
96160 1
96161 1
96162 1
96163 1
96164 1
96165 1
96166 1
96167 1
96168 1
96169 1
96170 1
96171 1
96172 1
96173 1
96174 1
96175 1
96176 1
96177 1
96178 1
96179 1
96180 1
96181 1
96182 1
96183 1
96184 1
96185 1
96186 1
96187 1
96188 1
96189 1
96190 1
96191 1
96192 1
96193 1
96194 1
96195 1
96196 1
96197 1
96198 1
96199 1
96200 1
96201 1
96202 1
96203 1
96204 1
96205 1
96206 1
96207 1
96208 1
96209 1
96210 1
96211 1
96212 1
96213 1
96214 1
96215 1
96216 1
96217 1
96218 1
96219 1
96220 1
96221 1
96222 1
96223 1
96224 1
96225 1
96226 1
96227 1
96228 1
96229 1
96230 1
96231 1
96232 1
96233 1
96234 1
96235 1
96236 1
96237 1
96238 1
96239 1
96240 1
96241 1
96242 1
96243 1
96244 1
96245 1
96246 1
96247 1
96248 1
96249 1
96250 1
96251 1
96252 1
96253 1
96254 1
96255 1
96256 1
96257 1
96258 1
96259 1
96260 1
96261 1
96262 1
96263 1
96264 1
96265 1
96266 1
96267 1
96268 1
96269 1
96270 1
96271 1
96272 1
96273 1
96274 1
96275 1
96276 1
96277 1
96278 1
96279 1
96280 1
96281 1
96282 1
96283 1
96284 1
96285 1
96286 1
96287 1
96288 1
96289 1
96290 1
96291 1
96292 1
96293 1
96294 1
96295 1
96296 1
96297 1
96298 1
96299 1
96300 1
96301 1
96302 1
96303 1
96304 1
96305 1
96306 1
96307 1
96308 1
96309 1
96310 1
96311 1
96312 1
96313 1
96314 1
96315 1
96316 1
96317 1
96318 1
96319 1
96320 1
96321 1
96322 1
96323 1
96324 1
96325 1
96326 1
96327 1
96328 1
96329 1
96330 1
96331 1
96332 1
96333 1
96334 1
96335 1
96336 1
96337 1
96338 1
96339 1
96340 1
96341 1
96342 1
96343 1
96344 1
96345 1
96346 1
96347 1
96348 1
96349 1
96350 1
96351 1
96352 1
96353 1
96354 1
96355 1
96356 1
96357 1
96358 1
96359 1
96360 1
96361 1
96362 1
96363 1
96364 1
96365 1
96366 1
96367 1
96368 1
96369 1
96370 1
96371 1
96372 1
96373 1
96374 1
96375 1
96376 1
96377 1
96378 1
96379 1
96380 1
96381 1
96382 1
96383 1
96384 1
96385 1
96386 1
96387 1
96388 1
96389 1
96390 1
96391 1
96392 1
96393 1
96394 1
96395 1
96396 1
96397 1
96398 1
96399 1
96400 1
96401 1
96402 1
96403 1
96404 1
96405 1
96406 1
96407 1
96408 1
96409 1
96410 1
96411 1
96412 1
96413 1
96414 1
96415 1
96416 1
96417 1
96418 1
96419 1
96420 1
96421 1
96422 1
96423 1
96424 1
96425 1
96426 1
96427 1
96428 1
96429 1
96430 1
96431 1
96432 1
96433 1
96434 1
96435 1
96436 1
96437 1
96438 1
96439 1
96440 1
96441 1
96442 1
96443 1
96444 1
96445 1
96446 1
96447 1
96448 1
96449 1
96450 1
96451 1
96452 1
96453 1
96454 1
96455 1
96456 1
96457 1
96458 1
96459 1
96460 1
96461 1
96462 1
96463 1
96464 1
96465 1
96466 1
96467 1
96468 1
96469 1
96470 1
96471 1
96472 1
96473 1
96474 1
96475 1
96476 1
96477 1
96478 1
96479 1
96480 1
96481 1
96482 1
96483 1
96484 1
96485 1
96486 1
96487 1
96488 1
96489 1
96490 1
96491 1
96492 1
96493 1
96494 1
96495 1
96496 1
96497 1
96498 1
96499 1
96500 1
96501 1
96502 1
96503 1
96504 1
96505 1
96506 1
96507 1
96508 1
96509 1
96510 1
96511 1
96512 1
96513 1
96514 1
96515 1
96516 1
96517 1
96518 1
96519 1
96520 1
96521 1
96522 1
96523 1
96524 1
96525 1
96526 1
96527 1
96528 1
96529 1
96530 1
96531 1
96532 1
96533 1
96534 1
96535 1
96536 1
96537 1
96538 1
96539 1
96540 1
96541 1
96542 1
96543 1
96544 1
96545 1
96546 1
96547 1
96548 1
96549 1
96550 1
96551 1
96552 1
96553 1
96554 1
96555 1
96556 1
96557 1
96558 1
96559 1
96560 1
96561 1
96562 1
96563 1
96564 1
96565 1
96566 1
96567 1
96568 1
96569 1
96570 1
96571 1
96572 1
96573 1
96574 1
96575 1
96576 1
96577 1
96578 1
96579 1
96580 1
96581 1
96582 1
96583 1
96584 1
96585 1
96586 1
96587 1
96588 1
96589 1
96590 1
96591 1
96592 1
96593 1
96594 1
96595 1
96596 1
96597 1
96598 1
96599 1
96600 1
96601 1
96602 1
96603 1
96604 1
96605 1
96606 1
96607 1
96608 1
96609 1
96610 1
96611 1
96612 1
96613 1
96614 1
96615 1
96616 1
96617 1
96618 1
96619 1
96620 1
96621 1
96622 1
96623 1
96624 1
96625 1
96626 1
96627 1
96628 1
96629 1
96630 1
96631 1
96632 1
96633 1
96634 1
96635 1
96636 1
96637 1
96638 1
96639 1
96640 1
96641 1
96642 1
96643 1
96644 1
96645 1
96646 1
96647 1
96648 1
96649 1
96650 1
96651 1
96652 1
96653 1
96654 1
96655 1
96656 1
96657 1
96658 1
96659 1
96660 1
96661 1
96662 1
96663 1
96664 1
96665 1
96666 1
96667 1
96668 1
96669 1
96670 1
96671 1
96672 1
96673 1
96674 1
96675 1
96676 1
96677 1
96678 1
96679 1
96680 1
96681 1
96682 1
96683 1
96684 1
96685 1
96686 1
96687 1
96688 1
96689 1
96690 1
96691 1
96692 1
96693 1
96694 1
96695 1
96696 1
96697 1
96698 1
96699 1
96700 1
96701 1
96702 1
96703 1
96704 1
96705 1
96706 1
96707 1
96708 1
96709 1
96710 1
96711 1
96712 1
96713 1
96714 1
96715 1
96716 1
96717 1
96718 1
96719 1
96720 1
96721 1
96722 1
96723 1
96724 1
96725 1
96726 1
96727 1
96728 1
96729 1
96730 1
96731 1
96732 1
96733 1
96734 1
96735 1
96736 1
96737 1
96738 1
96739 1
96740 1
96741 1
96742 1
96743 1
96744 1
96745 1
96746 1
96747 1
96748 1
96749 1
96750 1
96751 1
96752 1
96753 1
96754 1
96755 1
96756 1
96757 1
96758 1
96759 1
96760 1
96761 1
96762 1
96763 1
96764 1
96765 1
96766 1
96767 1
96768 1
96769 1
96770 1
96771 1
96772 1
96773 1
96774 1
96775 1
96776 1
96777 1
96778 1
96779 1
96780 1
96781 1
96782 1
96783 1
96784 1
96785 1
96786 1
96787 1
96788 1
96789 1
96790 1
96791 1
96792 1
96793 1
96794 1
96795 1
96796 1
96797 1
96798 1
96799 1
96800 1
96801 1
96802 1
96803 1
96804 1
96805 1
96806 1
96807 1
96808 1
96809 1
96810 1
96811 1
96812 1
96813 1
96814 1
96815 1
96816 1
96817 1
96818 1
96819 1
96820 1
96821 1
96822 1
96823 1
96824 1
96825 1
96826 1
96827 1
96828 1
96829 1
96830 1
96831 1
96832 1
96833 1
96834 1
96835 1
96836 1
96837 1
96838 1
96839 1
96840 1
96841 1
96842 1
96843 1
96844 1
96845 1
96846 1
96847 1
96848 1
96849 1
96850 1
96851 1
96852 1
96853 1
96854 1
96855 1
96856 1
96857 1
96858 1
96859 1
96860 1
96861 1
96862 1
96863 1
96864 1
96865 1
96866 1
96867 1
96868 1
96869 1
96870 1
96871 1
96872 1
96873 1
96874 1
96875 1
96876 1
96877 1
96878 1
96879 1
96880 1
96881 1
96882 1
96883 1
96884 1
96885 1
96886 1
96887 1
96888 1
96889 1
96890 1
96891 1
96892 1
96893 1
96894 1
96895 1
96896 1
96897 1
96898 1
96899 1
96900 1
96901 1
96902 1
96903 1
96904 1
96905 1
96906 1
96907 1
96908 1
96909 1
96910 1
96911 1
96912 1
96913 1
96914 1
96915 1
96916 1
96917 1
96918 1
96919 1
96920 1
96921 1
96922 1
96923 1
96924 1
96925 1
96926 1
96927 1
96928 1
96929 1
96930 1
96931 1
96932 1
96933 1
96934 1
96935 1
96936 1
96937 1
96938 1
96939 1
96940 1
96941 1
96942 1
96943 1
96944 1
96945 1
96946 1
96947 1
96948 1
96949 1
96950 1
96951 1
96952 1
96953 1
96954 1
96955 1
96956 1
96957 1
96958 1
96959 1
96960 2
96961 2
96962 2
96963 2
96964 2
96965 2
96966 2
96967 2
96968 2
96969 2
96970 2
96971 2
96972 2
96973 2
96974 2
96975 2
96976 2
96977 2
96978 2
96979 2
96980 2
96981 2
96982 2
96983 2
96984 2
96985 2
96986 2
96987 2
96988 2
96989 2
96990 2
96991 2
96992 2
96993 2
96994 2
96995 2
96996 2
96997 2
96998 2
96999 2
97000 2
97001 2
97002 2
97003 2
97004 2
97005 2
97006 2
97007 2
97008 2
97009 2
97010 2
97011 2
97012 2
97013 2
97014 2
97015 2
97016 2
97017 2
97018 2
97019 2
97020 2
97021 2
97022 2
97023 2
97024 2
97025 2
97026 2
97027 2
97028 2
97029 2
97030 2
97031 2
97032 2
97033 2
97034 2
97035 2
97036 2
97037 2
97038 2
97039 2
97040 2
97041 2
97042 2
97043 2
97044 2
97045 2
97046 2
97047 2
97048 2
97049 2
97050 2
97051 2
97052 2
97053 2
97054 2
97055 2
97056 2
97057 2
97058 2
97059 2
97060 2
97061 2
97062 2
97063 2
97064 2
97065 2
97066 2
97067 2
97068 2
97069 2
97070 2
97071 2
97072 2
97073 2
97074 2
97075 2
97076 2
97077 2
97078 2
97079 2
97080 2
97081 2
97082 2
97083 2
97084 2
97085 2
97086 2
97087 2
97088 2
97089 2
97090 2
97091 2
97092 2
97093 2
97094 2
97095 2
97096 2
97097 2
97098 2
97099 2
97100 2
97101 2
97102 2
97103 2
97104 2
97105 2
97106 2
97107 2
97108 2
97109 2
97110 2
97111 2
97112 2
97113 2
97114 2
97115 2
97116 2
97117 2
97118 2
97119 2
97120 2
97121 2
97122 2
97123 2
97124 2
97125 2
97126 2
97127 2
97128 2
97129 2
97130 2
97131 2
97132 2
97133 2
97134 2
97135 2
97136 2
97137 2
97138 2
97139 2
97140 2
97141 2
97142 2
97143 2
97144 2
97145 2
97146 2
97147 2
97148 2
97149 2
97150 2
97151 2
97152 2
97153 2
97154 2
97155 2
97156 2
97157 2
97158 2
97159 2
97160 2
97161 2
97162 2
97163 2
97164 2
97165 2
97166 2
97167 2
97168 2
97169 2
97170 2
97171 2
97172 2
97173 2
97174 2
97175 2
97176 2
97177 2
97178 2
97179 2
97180 2
97181 2
97182 2
97183 2
97184 2
97185 2
97186 2
97187 2
97188 2
97189 2
97190 2
97191 2
97192 2
97193 2
97194 2
97195 2
97196 2
97197 2
97198 2
97199 2
97200 2
97201 2
97202 2
97203 2
97204 2
97205 2
97206 2
97207 2
97208 2
97209 2
97210 2
97211 2
97212 2
97213 2
97214 2
97215 2
97216 2
97217 2
97218 2
97219 2
97220 2
97221 2
97222 2
97223 2
97224 2
97225 2
97226 2
97227 2
97228 2
97229 2
97230 2
97231 2
97232 2
97233 2
97234 2
97235 2
97236 2
97237 2
97238 2
97239 2
97240 2
97241 2
97242 2
97243 2
97244 2
97245 2
97246 2
97247 2
97248 2
97249 2
97250 2
97251 2
97252 2
97253 2
97254 2
97255 2
97256 2
97257 2
97258 2
97259 2
97260 2
97261 2
97262 2
97263 2
97264 2
97265 2
97266 2
97267 2
97268 2
97269 2
97270 2
97271 2
97272 2
97273 2
97274 2
97275 2
97276 2
97277 2
97278 2
97279 2
97280 2
97281 2
97282 2
97283 2
97284 2
97285 2
97286 2
97287 2
97288 2
97289 2
97290 2
97291 2
97292 2
97293 2
97294 2
97295 2
97296 2
97297 2
97298 2
97299 2
97300 2
97301 2
97302 2
97303 2
97304 2
97305 2
97306 2
97307 2
97308 2
97309 2
97310 2
97311 2
97312 2
97313 2
97314 2
97315 2
97316 2
97317 2
97318 2
97319 2
97320 2
97321 2
97322 2
97323 2
97324 2
97325 2
97326 2
97327 2
97328 2
97329 2
97330 2
97331 2
97332 2
97333 2
97334 2
97335 2
97336 2
97337 2
97338 2
97339 2
97340 2
97341 2
97342 2
97343 2
97344 2
97345 2
97346 2
97347 2
97348 2
97349 2
97350 2
97351 2
97352 2
97353 2
97354 2
97355 2
97356 2
97357 2
97358 2
97359 2
97360 2
97361 2
97362 2
97363 2
97364 2
97365 2
97366 2
97367 2
97368 2
97369 2
97370 2
97371 2
97372 2
97373 2
97374 2
97375 2
97376 2
97377 2
97378 2
97379 2
97380 2
97381 2
97382 2
97383 2
97384 2
97385 2
97386 2
97387 2
97388 2
97389 2
97390 2
97391 2
97392 2
97393 2
97394 2
97395 2
97396 2
97397 2
97398 2
97399 2
97400 2
97401 2
97402 2
97403 2
97404 2
97405 2
97406 2
97407 2
97408 2
97409 2
97410 2
97411 2
97412 2
97413 2
97414 2
97415 2
97416 2
97417 2
97418 2
97419 2
97420 2
97421 2
97422 2
97423 2
97424 2
97425 2
97426 2
97427 2
97428 2
97429 2
97430 2
97431 2
97432 2
97433 2
97434 2
97435 2
97436 2
97437 2
97438 2
97439 2
97440 2
97441 2
97442 2
97443 2
97444 2
97445 2
97446 2
97447 2
97448 2
97449 2
97450 2
97451 2
97452 2
97453 2
97454 2
97455 2
97456 2
97457 2
97458 2
97459 2
97460 2
97461 2
97462 2
97463 2
97464 2
97465 2
97466 2
97467 2
97468 2
97469 2
97470 2
97471 2
97472 2
97473 2
97474 2
97475 2
97476 2
97477 2
97478 2
97479 2
97480 2
97481 2
97482 2
97483 2
97484 2
97485 2
97486 2
97487 2
97488 2
97489 2
97490 2
97491 2
97492 2
97493 2
97494 2
97495 2
97496 2
97497 2
97498 2
97499 2
97500 2
97501 2
97502 2
97503 2
97504 2
97505 2
97506 2
97507 2
97508 2
97509 2
97510 2
97511 2
97512 2
97513 2
97514 2
97515 2
97516 2
97517 2
97518 2
97519 2
97520 2
97521 2
97522 2
97523 2
97524 2
97525 2
97526 2
97527 2
97528 2
97529 2
97530 2
97531 2
97532 2
97533 2
97534 2
97535 2
97536 2
97537 2
97538 2
97539 2
97540 2
97541 2
97542 2
97543 2
97544 2
97545 2
97546 2
97547 2
97548 2
97549 2
97550 2
97551 2
97552 2
97553 2
97554 2
97555 2
97556 2
97557 2
97558 2
97559 2
97560 2
97561 2
97562 2
97563 2
97564 2
97565 2
97566 2
97567 2
97568 2
97569 2
97570 2
97571 2
97572 2
97573 2
97574 2
97575 2
97576 2
97577 2
97578 2
97579 2
97580 2
97581 2
97582 2
97583 2
97584 2
97585 2
97586 2
97587 2
97588 2
97589 2
97590 2
97591 2
97592 2
97593 2
97594 2
97595 2
97596 2
97597 2
97598 2
97599 2
97600 2
97601 2
97602 2
97603 2
97604 2
97605 2
97606 2
97607 2
97608 2
97609 2
97610 2
97611 2
97612 2
97613 2
97614 2
97615 2
97616 2
97617 2
97618 2
97619 2
97620 2
97621 2
97622 2
97623 2
97624 2
97625 2
97626 2
97627 2
97628 2
97629 2
97630 2
97631 2
97632 2
97633 2
97634 2
97635 2
97636 2
97637 2
97638 2
97639 2
97640 2
97641 2
97642 2
97643 2
97644 2
97645 2
97646 2
97647 2
97648 2
97649 2
97650 2
97651 2
97652 2
97653 2
97654 2
97655 2
97656 2
97657 2
97658 2
97659 2
97660 2
97661 2
97662 2
97663 2
97664 2
97665 2
97666 2
97667 2
97668 2
97669 2
97670 2
97671 2
97672 2
97673 2
97674 2
97675 2
97676 2
97677 2
97678 2
97679 2
97680 2
97681 2
97682 2
97683 2
97684 2
97685 2
97686 2
97687 2
97688 2
97689 2
97690 2
97691 2
97692 2
97693 2
97694 2
97695 2
97696 2
97697 2
97698 2
97699 2
97700 2
97701 2
97702 2
97703 2
97704 2
97705 2
97706 2
97707 2
97708 2
97709 2
97710 2
97711 2
97712 2
97713 2
97714 2
97715 2
97716 2
97717 2
97718 2
97719 2
97720 2
97721 2
97722 2
97723 2
97724 2
97725 2
97726 2
97727 2
97728 2
97729 2
97730 2
97731 2
97732 2
97733 2
97734 2
97735 2
97736 2
97737 2
97738 2
97739 2
97740 2
97741 2
97742 2
97743 2
97744 2
97745 2
97746 2
97747 2
97748 2
97749 2
97750 2
97751 2
97752 2
97753 2
97754 2
97755 2
97756 2
97757 2
97758 2
97759 2
97760 2
97761 2
97762 2
97763 2
97764 2
97765 2
97766 2
97767 2
97768 2
97769 2
97770 2
97771 2
97772 2
97773 2
97774 2
97775 2
97776 2
97777 2
97778 2
97779 2
97780 2
97781 2
97782 2
97783 2
97784 2
97785 2
97786 2
97787 2
97788 2
97789 2
97790 2
97791 2
97792 2
97793 2
97794 2
97795 2
97796 2
97797 2
97798 2
97799 2
97800 2
97801 2
97802 2
97803 2
97804 2
97805 2
97806 2
97807 2
97808 2
97809 2
97810 2
97811 2
97812 2
97813 2
97814 2
97815 2
97816 2
97817 2
97818 2
97819 2
97820 2
97821 2
97822 2
97823 2
97824 2
97825 2
97826 2
97827 2
97828 2
97829 2
97830 2
97831 2
97832 2
97833 2
97834 2
97835 2
97836 2
97837 2
97838 2
97839 2
97840 2
97841 2
97842 2
97843 2
97844 2
97845 2
97846 2
97847 2
97848 2
97849 2
97850 2
97851 2
97852 2
97853 2
97854 2
97855 2
97856 2
97857 2
97858 2
97859 2
97860 2
97861 2
97862 2
97863 2
97864 2
97865 2
97866 2
97867 2
97868 2
97869 2
97870 2
97871 2
97872 2
97873 2
97874 2
97875 2
97876 2
97877 2
97878 2
97879 2
97880 2
97881 2
97882 2
97883 2
97884 2
97885 2
97886 2
97887 2
97888 2
97889 2
97890 2
97891 2
97892 2
97893 2
97894 2
97895 2
97896 2
97897 2
97898 2
97899 2
97900 2
97901 2
97902 2
97903 2
97904 2
97905 2
97906 2
97907 2
97908 2
97909 2
97910 2
97911 2
97912 2
97913 2
97914 2
97915 2
97916 2
97917 2
97918 2
97919 2
97920 3
97921 3
97922 3
97923 3
97924 3
97925 3
97926 3
97927 3
97928 3
97929 3
97930 3
97931 3
97932 3
97933 3
97934 3
97935 3
97936 3
97937 3
97938 3
97939 3
97940 3
97941 3
97942 3
97943 3
97944 3
97945 3
97946 3
97947 3
97948 3
97949 3
97950 3
97951 3
97952 3
97953 3
97954 3
97955 3
97956 3
97957 3
97958 3
97959 3
97960 3
97961 3
97962 3
97963 3
97964 3
97965 3
97966 3
97967 3
97968 3
97969 3
97970 3
97971 3
97972 3
97973 3
97974 3
97975 3
97976 3
97977 3
97978 3
97979 3
97980 3
97981 3
97982 3
97983 3
97984 3
97985 3
97986 3
97987 3
97988 3
97989 3
97990 3
97991 3
97992 3
97993 3
97994 3
97995 3
97996 3
97997 3
97998 3
97999 3
98000 3
98001 3
98002 3
98003 3
98004 3
98005 3
98006 3
98007 3
98008 3
98009 3
98010 3
98011 3
98012 3
98013 3
98014 3
98015 3
98016 3
98017 3
98018 3
98019 3
98020 3
98021 3
98022 3
98023 3
98024 3
98025 3
98026 3
98027 3
98028 3
98029 3
98030 3
98031 3
98032 3
98033 3
98034 3
98035 3
98036 3
98037 3
98038 3
98039 3
98040 3
98041 3
98042 3
98043 3
98044 3
98045 3
98046 3
98047 3
98048 3
98049 3
98050 3
98051 3
98052 3
98053 3
98054 3
98055 3
98056 3
98057 3
98058 3
98059 3
98060 3
98061 3
98062 3
98063 3
98064 3
98065 3
98066 3
98067 3
98068 3
98069 3
98070 3
98071 3
98072 3
98073 3
98074 3
98075 3
98076 3
98077 3
98078 3
98079 3
98080 3
98081 3
98082 3
98083 3
98084 3
98085 3
98086 3
98087 3
98088 3
98089 3
98090 3
98091 3
98092 3
98093 3
98094 3
98095 3
98096 3
98097 3
98098 3
98099 3
98100 3
98101 3
98102 3
98103 3
98104 3
98105 3
98106 3
98107 3
98108 3
98109 3
98110 3
98111 3
98112 3
98113 3
98114 3
98115 3
98116 3
98117 3
98118 3
98119 3
98120 3
98121 3
98122 3
98123 3
98124 3
98125 3
98126 3
98127 3
98128 3
98129 3
98130 3
98131 3
98132 3
98133 3
98134 3
98135 3
98136 3
98137 3
98138 3
98139 3
98140 3
98141 3
98142 3
98143 3
98144 3
98145 3
98146 3
98147 3
98148 3
98149 3
98150 3
98151 3
98152 3
98153 3
98154 3
98155 3
98156 3
98157 3
98158 3
98159 3
98160 3
98161 3
98162 3
98163 3
98164 3
98165 3
98166 3
98167 3
98168 3
98169 3
98170 3
98171 3
98172 3
98173 3
98174 3
98175 3
98176 3
98177 3
98178 3
98179 3
98180 3
98181 3
98182 3
98183 3
98184 3
98185 3
98186 3
98187 3
98188 3
98189 3
98190 3
98191 3
98192 3
98193 3
98194 3
98195 3
98196 3
98197 3
98198 3
98199 3
98200 3
98201 3
98202 3
98203 3
98204 3
98205 3
98206 3
98207 3
98208 3
98209 3
98210 3
98211 3
98212 3
98213 3
98214 3
98215 3
98216 3
98217 3
98218 3
98219 3
98220 3
98221 3
98222 3
98223 3
98224 3
98225 3
98226 3
98227 3
98228 3
98229 3
98230 3
98231 3
98232 3
98233 3
98234 3
98235 3
98236 3
98237 3
98238 3
98239 3
98240 3
98241 3
98242 3
98243 3
98244 3
98245 3
98246 3
98247 3
98248 3
98249 3
98250 3
98251 3
98252 3
98253 3
98254 3
98255 3
98256 3
98257 3
98258 3
98259 3
98260 3
98261 3
98262 3
98263 3
98264 3
98265 3
98266 3
98267 3
98268 3
98269 3
98270 3
98271 3
98272 3
98273 3
98274 3
98275 3
98276 3
98277 3
98278 3
98279 3
98280 3
98281 3
98282 3
98283 3
98284 3
98285 3
98286 3
98287 3
98288 3
98289 3
98290 3
98291 3
98292 3
98293 3
98294 3
98295 3
98296 3
98297 3
98298 3
98299 3
98300 3
98301 3
98302 3
98303 3
98304 2
98305 2
98306 2
98307 2
98308 2
98309 2
98310 2
98311 2
98312 2
98313 2
98314 2
98315 2
98316 2
98317 2
98318 2
98319 2
98320 2
98321 2
98322 2
98323 2
98324 2
98325 2
98326 2
98327 2
98328 2
98329 2
98330 2
98331 2
98332 2
98333 2
98334 2
98335 2
98336 2
98337 2
98338 2
98339 2
98340 2
98341 2
98342 2
98343 2
98344 2
98345 2
98346 2
98347 2
98348 2
98349 2
98350 2
98351 2
98352 2
98353 2
98354 2
98355 2
98356 2
98357 2
98358 2
98359 2
98360 2
98361 2
98362 2
98363 2
98364 2
98365 2
98366 2
98367 2
98368 2
98369 2
98370 2
98371 2
98372 2
98373 2
98374 2
98375 2
98376 2
98377 2
98378 2
98379 2
98380 2
98381 2
98382 2
98383 2
98384 2
98385 2
98386 2
98387 2
98388 2
98389 2
98390 2
98391 2
98392 2
98393 2
98394 2
98395 2
98396 2
98397 2
98398 2
98399 2
98400 2
98401 2
98402 2
98403 2
98404 2
98405 2
98406 2
98407 2
98408 2
98409 2
98410 2
98411 2
98412 2
98413 2
98414 2
98415 2
98416 2
98417 2
98418 2
98419 2
98420 2
98421 2
98422 2
98423 2
98424 2
98425 2
98426 2
98427 2
98428 2
98429 2
98430 2
98431 2
98432 2
98433 2
98434 2
98435 2
98436 2
98437 2
98438 2
98439 2
98440 2
98441 2
98442 2
98443 2
98444 2
98445 2
98446 2
98447 2
98448 2
98449 2
98450 2
98451 2
98452 2
98453 2
98454 2
98455 2
98456 2
98457 2
98458 2
98459 2
98460 2
98461 2
98462 2
98463 2
98464 2
98465 2
98466 2
98467 2
98468 2
98469 2
98470 2
98471 2
98472 2
98473 2
98474 2
98475 2
98476 2
98477 2
98478 2
98479 2
98480 2
98481 2
98482 2
98483 2
98484 2
98485 2
98486 2
98487 2
98488 2
98489 2
98490 2
98491 2
98492 2
98493 2
98494 2
98495 2
98496 3
98497 3
98498 3
98499 3
98500 3
98501 3
98502 3
98503 3
98504 3
98505 3
98506 3
98507 3
98508 3
98509 3
98510 3
98511 3
98512 3
98513 3
98514 3
98515 3
98516 3
98517 3
98518 3
98519 3
98520 3
98521 3
98522 3
98523 3
98524 3
98525 3
98526 3
98527 3
98528 3
98529 3
98530 3
98531 3
98532 3
98533 3
98534 3
98535 3
98536 3
98537 3
98538 3
98539 3
98540 3
98541 3
98542 3
98543 3
98544 3
98545 3
98546 3
98547 3
98548 3
98549 3
98550 3
98551 3
98552 3
98553 3
98554 3
98555 3
98556 3
98557 3
98558 3
98559 3
98560 3
98561 3
98562 3
98563 3
98564 3
98565 3
98566 3
98567 3
98568 3
98569 3
98570 3
98571 3
98572 3
98573 3
98574 3
98575 3
98576 3
98577 3
98578 3
98579 3
98580 3
98581 3
98582 3
98583 3
98584 3
98585 3
98586 3
98587 3
98588 3
98589 3
98590 3
98591 3
98592 3
98593 3
98594 3
98595 3
98596 3
98597 3
98598 3
98599 3
98600 3
98601 3
98602 3
98603 3
98604 3
98605 3
98606 3
98607 3
98608 3
98609 3
98610 3
98611 3
98612 3
98613 3
98614 3
98615 3
98616 3
98617 3
98618 3
98619 3
98620 3
98621 3
98622 3
98623 3
98624 3
98625 3
98626 3
98627 3
98628 3
98629 3
98630 3
98631 3
98632 3
98633 3
98634 3
98635 3
98636 3
98637 3
98638 3
98639 3
98640 3
98641 3
98642 3
98643 3
98644 3
98645 3
98646 3
98647 3
98648 3
98649 3
98650 3
98651 3
98652 3
98653 3
98654 3
98655 3
98656 3
98657 3
98658 3
98659 3
98660 3
98661 3
98662 3
98663 3
98664 3
98665 3
98666 3
98667 3
98668 3
98669 3
98670 3
98671 3
98672 3
98673 3
98674 3
98675 3
98676 3
98677 3
98678 3
98679 3
98680 3
98681 3
98682 3
98683 3
98684 3
98685 3
98686 3
98687 3
98688 3
98689 3
98690 3
98691 3
98692 3
98693 3
98694 3
98695 3
98696 3
98697 3
98698 3
98699 3
98700 3
98701 3
98702 3
98703 3
98704 3
98705 3
98706 3
98707 3
98708 3
98709 3
98710 3
98711 3
98712 3
98713 3
98714 3
98715 3
98716 3
98717 3
98718 3
98719 3
98720 3
98721 3
98722 3
98723 3
98724 3
98725 3
98726 3
98727 3
98728 3
98729 3
98730 3
98731 3
98732 3
98733 3
98734 3
98735 3
98736 3
98737 3
98738 3
98739 3
98740 3
98741 3
98742 3
98743 3
98744 3
98745 3
98746 3
98747 3
98748 3
98749 3
98750 3
98751 3
98752 3
98753 3
98754 3
98755 3
98756 3
98757 3
98758 3
98759 3
98760 3
98761 3
98762 3
98763 3
98764 3
98765 3
98766 3
98767 3
98768 3
98769 3
98770 3
98771 3
98772 3
98773 3
98774 3
98775 3
98776 3
98777 3
98778 3
98779 3
98780 3
98781 3
98782 3
98783 3
98784 3
98785 3
98786 3
98787 3
98788 3
98789 3
98790 3
98791 3
98792 3
98793 3
98794 3
98795 3
98796 3
98797 3
98798 3
98799 3
98800 3
98801 3
98802 3
98803 3
98804 3
98805 3
98806 3
98807 3
98808 3
98809 3
98810 3
98811 3
98812 3
98813 3
98814 3
98815 3
98816 3
98817 3
98818 3
98819 3
98820 3
98821 3
98822 3
98823 3
98824 3
98825 3
98826 3
98827 3
98828 3
98829 3
98830 3
98831 3
98832 3
98833 3
98834 3
98835 3
98836 3
98837 3
98838 3
98839 3
98840 3
98841 3
98842 3
98843 3
98844 3
98845 3
98846 3
98847 3
98848 3
98849 3
98850 3
98851 3
98852 3
98853 3
98854 3
98855 3
98856 3
98857 3
98858 3
98859 3
98860 3
98861 3
98862 3
98863 3
98864 3
98865 3
98866 3
98867 3
98868 3
98869 3
98870 3
98871 3
98872 3
98873 3
98874 3
98875 3
98876 3
98877 3
98878 3
98879 3
98880 3
98881 3
98882 3
98883 3
98884 3
98885 3
98886 3
98887 3
98888 3
98889 3
98890 3
98891 3
98892 3
98893 3
98894 3
98895 3
98896 3
98897 3
98898 3
98899 3
98900 3
98901 3
98902 3
98903 3
98904 3
98905 3
98906 3
98907 3
98908 3
98909 3
98910 3
98911 3
98912 3
98913 3
98914 3
98915 3
98916 3
98917 3
98918 3
98919 3
98920 3
98921 3
98922 3
98923 3
98924 3
98925 3
98926 3
98927 3
98928 3
98929 3
98930 3
98931 3
98932 3
98933 3
98934 3
98935 3
98936 3
98937 3
98938 3
98939 3
98940 3
98941 3
98942 3
98943 3
98944 3
98945 3
98946 3
98947 3
98948 3
98949 3
98950 3
98951 3
98952 3
98953 3
98954 3
98955 3
98956 3
98957 3
98958 3
98959 3
98960 3
98961 3
98962 3
98963 3
98964 3
98965 3
98966 3
98967 3
98968 3
98969 3
98970 3
98971 3
98972 3
98973 3
98974 3
98975 3
98976 3
98977 3
98978 3
98979 3
98980 3
98981 3
98982 3
98983 3
98984 3
98985 3
98986 3
98987 3
98988 3
98989 3
98990 3
98991 3
98992 3
98993 3
98994 3
98995 3
98996 3
98997 3
98998 3
98999 3
99000 3
99001 3
99002 3
99003 3
99004 3
99005 3
99006 3
99007 3
99008 3
99009 3
99010 3
99011 3
99012 3
99013 3
99014 3
99015 3
99016 3
99017 3
99018 3
99019 3
99020 3
99021 3
99022 3
99023 3
99024 3
99025 3
99026 3
99027 3
99028 3
99029 3
99030 3
99031 3
99032 3
99033 3
99034 3
99035 3
99036 3
99037 3
99038 3
99039 3
99040 3
99041 3
99042 3
99043 3
99044 3
99045 3
99046 3
99047 3
99048 3
99049 3
99050 3
99051 3
99052 3
99053 3
99054 3
99055 3
99056 3
99057 3
99058 3
99059 3
99060 3
99061 3
99062 3
99063 3
99064 3
99065 3
99066 3
99067 3
99068 3
99069 3
99070 3
99071 3
99072 3
99073 3
99074 3
99075 3
99076 3
99077 3
99078 3
99079 3
99080 3
99081 3
99082 3
99083 3
99084 3
99085 3
99086 3
99087 3
99088 3
99089 3
99090 3
99091 3
99092 3
99093 3
99094 3
99095 3
99096 3
99097 3
99098 3
99099 3
99100 3
99101 3
99102 3
99103 3
99104 3
99105 3
99106 3
99107 3
99108 3
99109 3
99110 3
99111 3
99112 3
99113 3
99114 3
99115 3
99116 3
99117 3
99118 3
99119 3
99120 3
99121 3
99122 3
99123 3
99124 3
99125 3
99126 3
99127 3
99128 3
99129 3
99130 3
99131 3
99132 3
99133 3
99134 3
99135 3
99136 3
99137 3
99138 3
99139 3
99140 3
99141 3
99142 3
99143 3
99144 3
99145 3
99146 3
99147 3
99148 3
99149 3
99150 3
99151 3
99152 3
99153 3
99154 3
99155 3
99156 3
99157 3
99158 3
99159 3
99160 3
99161 3
99162 3
99163 3
99164 3
99165 3
99166 3
99167 3
99168 3
99169 3
99170 3
99171 3
99172 3
99173 3
99174 3
99175 3
99176 3
99177 3
99178 3
99179 3
99180 3
99181 3
99182 3
99183 3
99184 3
99185 3
99186 3
99187 3
99188 3
99189 3
99190 3
99191 3
99192 3
99193 3
99194 3
99195 3
99196 3
99197 3
99198 3
99199 3
99200 3
99201 3
99202 3
99203 3
99204 3
99205 3
99206 3
99207 3
99208 3
99209 3
99210 3
99211 3
99212 3
99213 3
99214 3
99215 3
99216 3
99217 3
99218 3
99219 3
99220 3
99221 3
99222 3
99223 3
99224 3
99225 3
99226 3
99227 3
99228 3
99229 3
99230 3
99231 3
99232 3
99233 3
99234 3
99235 3
99236 3
99237 3
99238 3
99239 3
99240 3
99241 3
99242 3
99243 3
99244 3
99245 3
99246 3
99247 3
99248 3
99249 3
99250 3
99251 3
99252 3
99253 3
99254 3
99255 3
99256 3
99257 3
99258 3
99259 3
99260 3
99261 3
99262 3
99263 3
99264 3
99265 3
99266 3
99267 3
99268 3
99269 3
99270 3
99271 3
99272 3
99273 3
99274 3
99275 3
99276 3
99277 3
99278 3
99279 3
99280 3
99281 3
99282 3
99283 3
99284 3
99285 3
99286 3
99287 3
99288 3
99289 3
99290 3
99291 3
99292 3
99293 3
99294 3
99295 3
99296 3
99297 3
99298 3
99299 3
99300 3
99301 3
99302 3
99303 3
99304 3
99305 3
99306 3
99307 3
99308 3
99309 3
99310 3
99311 3
99312 3
99313 3
99314 3
99315 3
99316 3
99317 3
99318 3
99319 3
99320 3
99321 3
99322 3
99323 3
99324 3
99325 3
99326 3
99327 3
99328 3
99329 3
99330 3
99331 3
99332 3
99333 3
99334 3
99335 3
99336 3
99337 3
99338 3
99339 3
99340 3
99341 3
99342 3
99343 3
99344 3
99345 3
99346 3
99347 3
99348 3
99349 3
99350 3
99351 3
99352 3
99353 3
99354 3
99355 3
99356 3
99357 3
99358 3
99359 3
99360 3
99361 3
99362 3
99363 3
99364 3
99365 3
99366 3
99367 3
99368 3
99369 3
99370 3
99371 3
99372 3
99373 3
99374 3
99375 3
99376 3
99377 3
99378 3
99379 3
99380 3
99381 3
99382 3
99383 3
99384 3
99385 3
99386 3
99387 3
99388 3
99389 3
99390 3
99391 3
99392 3
99393 3
99394 3
99395 3
99396 3
99397 3
99398 3
99399 3
99400 3
99401 3
99402 3
99403 3
99404 3
99405 3
99406 3
99407 3
99408 3
99409 3
99410 3
99411 3
99412 3
99413 3
99414 3
99415 3
99416 3
99417 3
99418 3
99419 3
99420 3
99421 3
99422 3
99423 3
99424 3
99425 3
99426 3
99427 3
99428 3
99429 3
99430 3
99431 3
99432 3
99433 3
99434 3
99435 3
99436 3
99437 3
99438 3
99439 3
99440 3
99441 3
99442 3
99443 3
99444 3
99445 3
99446 3
99447 3
99448 3
99449 3
99450 3
99451 3
99452 3
99453 3
99454 3
99455 3
99456 3
99457 3
99458 3
99459 3
99460 3
99461 3
99462 3
99463 3
99464 3
99465 3
99466 3
99467 3
99468 3
99469 3
99470 3
99471 3
99472 3
99473 3
99474 3
99475 3
99476 3
99477 3
99478 3
99479 3
99480 3
99481 3
99482 3
99483 3
99484 3
99485 3
99486 3
99487 3
99488 3
99489 3
99490 3
99491 3
99492 3
99493 3
99494 3
99495 3
99496 3
99497 3
99498 3
99499 3
99500 3
99501 3
99502 3
99503 3
99504 3
99505 3
99506 3
99507 3
99508 3
99509 3
99510 3
99511 3
99512 3
99513 3
99514 3
99515 3
99516 3
99517 3
99518 3
99519 3
99520 3
99521 3
99522 3
99523 3
99524 3
99525 3
99526 3
99527 3
99528 3
99529 3
99530 3
99531 3
99532 3
99533 3
99534 3
99535 3
99536 3
99537 3
99538 3
99539 3
99540 3
99541 3
99542 3
99543 3
99544 3
99545 3
99546 3
99547 3
99548 3
99549 3
99550 3
99551 3
99552 3
99553 3
99554 3
99555 3
99556 3
99557 3
99558 3
99559 3
99560 3
99561 3
99562 3
99563 3
99564 3
99565 3
99566 3
99567 3
99568 3
99569 3
99570 3
99571 3
99572 3
99573 3
99574 3
99575 3
99576 3
99577 3
99578 3
99579 3
99580 3
99581 3
99582 3
99583 3
99584 3
99585 3
99586 3
99587 3
99588 3
99589 3
99590 3
99591 3
99592 3
99593 3
99594 3
99595 3
99596 3
99597 3
99598 3
99599 3
99600 3
99601 3
99602 3
99603 3
99604 3
99605 3
99606 3
99607 3
99608 3
99609 3
99610 3
99611 3
99612 3
99613 3
99614 3
99615 3
99616 3
99617 3
99618 3
99619 3
99620 3
99621 3
99622 3
99623 3
99624 3
99625 3
99626 3
99627 3
99628 3
99629 3
99630 3
99631 3
99632 3
99633 3
99634 3
99635 3
99636 3
99637 3
99638 3
99639 3
99640 3
99641 3
99642 3
99643 3
99644 3
99645 3
99646 3
99647 3
99648 4
99649 4
99650 4
99651 4
99652 4
99653 4
99654 4
99655 4
99656 4
99657 4
99658 4
99659 4
99660 4
99661 4
99662 4
99663 4
99664 4
99665 4
99666 4
99667 4
99668 4
99669 4
99670 4
99671 4
99672 4
99673 4
99674 4
99675 4
99676 4
99677 4
99678 4
99679 4
99680 4
99681 4
99682 4
99683 4
99684 4
99685 4
99686 4
99687 4
99688 4
99689 4
99690 4
99691 4
99692 4
99693 4
99694 4
99695 4
99696 4
99697 4
99698 4
99699 4
99700 4
99701 4
99702 4
99703 4
99704 4
99705 4
99706 4
99707 4
99708 4
99709 4
99710 4
99711 4
99712 4
99713 4
99714 4
99715 4
99716 4
99717 4
99718 4
99719 4
99720 4
99721 4
99722 4
99723 4
99724 4
99725 4
99726 4
99727 4
99728 4
99729 4
99730 4
99731 4
99732 4
99733 4
99734 4
99735 4
99736 4
99737 4
99738 4
99739 4
99740 4
99741 4
99742 4
99743 4
99744 4
99745 4
99746 4
99747 4
99748 4
99749 4
99750 4
99751 4
99752 4
99753 4
99754 4
99755 4
99756 4
99757 4
99758 4
99759 4
99760 4
99761 4
99762 4
99763 4
99764 4
99765 4
99766 4
99767 4
99768 4
99769 4
99770 4
99771 4
99772 4
99773 4
99774 4
99775 4
99776 4
99777 4
99778 4
99779 4
99780 4
99781 4
99782 4
99783 4
99784 4
99785 4
99786 4
99787 4
99788 4
99789 4
99790 4
99791 4
99792 4
99793 4
99794 4
99795 4
99796 4
99797 4
99798 4
99799 4
99800 4
99801 4
99802 4
99803 4
99804 4
99805 4
99806 4
99807 4
99808 4
99809 4
99810 4
99811 4
99812 4
99813 4
99814 4
99815 4
99816 4
99817 4
99818 4
99819 4
99820 4
99821 4
99822 4
99823 4
99824 4
99825 4
99826 4
99827 4
99828 4
99829 4
99830 4
99831 4
99832 4
99833 4
99834 4
99835 4
99836 4
99837 4
99838 4
99839 4
99840 4
99841 4
99842 4
99843 4
99844 4
99845 4
99846 4
99847 4
99848 4
99849 4
99850 4
99851 4
99852 4
99853 4
99854 4
99855 4
99856 4
99857 4
99858 4
99859 4
99860 4
99861 4
99862 4
99863 4
99864 4
99865 4
99866 4
99867 4
99868 4
99869 4
99870 4
99871 4
99872 4
99873 4
99874 4
99875 4
99876 4
99877 4
99878 4
99879 4
99880 4
99881 4
99882 4
99883 4
99884 4
99885 4
99886 4
99887 4
99888 4
99889 4
99890 4
99891 4
99892 4
99893 4
99894 4
99895 4
99896 4
99897 4
99898 4
99899 4
99900 4
99901 4
99902 4
99903 4
99904 4
99905 4
99906 4
99907 4
99908 4
99909 4
99910 4
99911 4
99912 4
99913 4
99914 4
99915 4
99916 4
99917 4
99918 4
99919 4
99920 4
99921 4
99922 4
99923 4
99924 4
99925 4
99926 4
99927 4
99928 4
99929 4
99930 4
99931 4
99932 4
99933 4
99934 4
99935 4
99936 4
99937 4
99938 4
99939 4
99940 4
99941 4
99942 4
99943 4
99944 4
99945 4
99946 4
99947 4
99948 4
99949 4
99950 4
99951 4
99952 4
99953 4
99954 4
99955 4
99956 4
99957 4
99958 4
99959 4
99960 4
99961 4
99962 4
99963 4
99964 4
99965 4
99966 4
99967 4
99968 4
99969 4
99970 4
99971 4
99972 4
99973 4
99974 4
99975 4
99976 4
99977 4
99978 4
99979 4
99980 4
99981 4
99982 4
99983 4
99984 4
99985 4
99986 4
99987 4
99988 4
99989 4
99990 4
99991 4
99992 4
99993 4
99994 4
99995 4
99996 4
99997 4
99998 4
99999 4
100000 4
100001 4
100002 4
100003 4
100004 4
100005 4
100006 4
100007 4
100008 4
100009 4
100010 4
100011 4
100012 4
100013 4
100014 4
100015 4
100016 4
100017 4
100018 4
100019 4
100020 4
100021 4
100022 4
100023 4
100024 4
100025 4
100026 4
100027 4
100028 4
100029 4
100030 4
100031 4
100032 4
100033 4
100034 4
100035 4
100036 4
100037 4
100038 4
100039 4
100040 4
100041 4
100042 4
100043 4
100044 4
100045 4
100046 4
100047 4
100048 4
100049 4
100050 4
100051 4
100052 4
100053 4
100054 4
100055 4
100056 4
100057 4
100058 4
100059 4
100060 4
100061 4
100062 4
100063 4
100064 4
100065 4
100066 4
100067 4
100068 4
100069 4
100070 4
100071 4
100072 4
100073 4
100074 4
100075 4
100076 4
100077 4
100078 4
100079 4
100080 4
100081 4
100082 4
100083 4
100084 4
100085 4
100086 4
100087 4
100088 4
100089 4
100090 4
100091 4
100092 4
100093 4
100094 4
100095 4
100096 4
100097 4
100098 4
100099 4
100100 4
100101 4
100102 4
100103 4
100104 4
100105 4
100106 4
100107 4
100108 4
100109 4
100110 4
100111 4
100112 4
100113 4
100114 4
100115 4
100116 4
100117 4
100118 4
100119 4
100120 4
100121 4
100122 4
100123 4
100124 4
100125 4
100126 4
100127 4
100128 4
100129 4
100130 4
100131 4
100132 4
100133 4
100134 4
100135 4
100136 4
100137 4
100138 4
100139 4
100140 4
100141 4
100142 4
100143 4
100144 4
100145 4
100146 4
100147 4
100148 4
100149 4
100150 4
100151 4
100152 4
100153 4
100154 4
100155 4
100156 4
100157 4
100158 4
100159 4
100160 4
100161 4
100162 4
100163 4
100164 4
100165 4
100166 4
100167 4
100168 4
100169 4
100170 4
100171 4
100172 4
100173 4
100174 4
100175 4
100176 4
100177 4
100178 4
100179 4
100180 4
100181 4
100182 4
100183 4
100184 4
100185 4
100186 4
100187 4
100188 4
100189 4
100190 4
100191 4
100192 4
100193 4
100194 4
100195 4
100196 4
100197 4
100198 4
100199 4
100200 4
100201 4
100202 4
100203 4
100204 4
100205 4
100206 4
100207 4
100208 4
100209 4
100210 4
100211 4
100212 4
100213 4
100214 4
100215 4
100216 4
100217 4
100218 4
100219 4
100220 4
100221 4
100222 4
100223 4
100224 4
100225 4
100226 4
100227 4
100228 4
100229 4
100230 4
100231 4
100232 4
100233 4
100234 4
100235 4
100236 4
100237 4
100238 4
100239 4
100240 4
100241 4
100242 4
100243 4
100244 4
100245 4
100246 4
100247 4
100248 4
100249 4
100250 4
100251 4
100252 4
100253 4
100254 4
100255 4
100256 4
100257 4
100258 4
100259 4
100260 4
100261 4
100262 4
100263 4
100264 4
100265 4
100266 4
100267 4
100268 4
100269 4
100270 4
100271 4
100272 4
100273 4
100274 4
100275 4
100276 4
100277 4
100278 4
100279 4
100280 4
100281 4
100282 4
100283 4
100284 4
100285 4
100286 4
100287 4
100288 4
100289 4
100290 4
100291 4
100292 4
100293 4
100294 4
100295 4
100296 4
100297 4
100298 4
100299 4
100300 4
100301 4
100302 4
100303 4
100304 4
100305 4
100306 4
100307 4
100308 4
100309 4
100310 4
100311 4
100312 4
100313 4
100314 4
100315 4
100316 4
100317 4
100318 4
100319 4
100320 4
100321 4
100322 4
100323 4
100324 4
100325 4
100326 4
100327 4
100328 4
100329 4
100330 4
100331 4
100332 4
100333 4
100334 4
100335 4
100336 4
100337 4
100338 4
100339 4
100340 4
100341 4
100342 4
100343 4
100344 4
100345 4
100346 4
100347 4
100348 4
100349 4
100350 4
100351 4
100352 4
100353 4
100354 4
100355 4
100356 4
100357 4
100358 4
100359 4
100360 4
100361 4
100362 4
100363 4
100364 4
100365 4
100366 4
100367 4
100368 4
100369 4
100370 4
100371 4
100372 4
100373 4
100374 4
100375 4
100376 4
100377 4
100378 4
100379 4
100380 4
100381 4
100382 4
100383 4
100384 4
100385 4
100386 4
100387 4
100388 4
100389 4
100390 4
100391 4
100392 4
100393 4
100394 4
100395 4
100396 4
100397 4
100398 4
100399 4
100400 4
100401 4
100402 4
100403 4
100404 4
100405 4
100406 4
100407 4
100408 4
100409 4
100410 4
100411 4
100412 4
100413 4
100414 4
100415 4
100416 5
100417 5
100418 5
100419 5
100420 5
100421 5
100422 5
100423 5
100424 5
100425 5
100426 5
100427 5
100428 5
100429 5
100430 5
100431 5
100432 5
100433 5
100434 5
100435 5
100436 5
100437 5
100438 5
100439 5
100440 5
100441 5
100442 5
100443 5
100444 5
100445 5
100446 5
100447 5
100448 5
100449 5
100450 5
100451 5
100452 5
100453 5
100454 5
100455 5
100456 5
100457 5
100458 5
100459 5
100460 5
100461 5
100462 5
100463 5
100464 5
100465 5
100466 5
100467 5
100468 5
100469 5
100470 5
100471 5
100472 5
100473 5
100474 5
100475 5
100476 5
100477 5
100478 5
100479 5
100480 5
100481 5
100482 5
100483 5
100484 5
100485 5
100486 5
100487 5
100488 5
100489 5
100490 5
100491 5
100492 5
100493 5
100494 5
100495 5
100496 5
100497 5
100498 5
100499 5
100500 5
100501 5
100502 5
100503 5
100504 5
100505 5
100506 5
100507 5
100508 5
100509 5
100510 5
100511 5
100512 5
100513 5
100514 5
100515 5
100516 5
100517 5
100518 5
100519 5
100520 5
100521 5
100522 5
100523 5
100524 5
100525 5
100526 5
100527 5
100528 5
100529 5
100530 5
100531 5
100532 5
100533 5
100534 5
100535 5
100536 5
100537 5
100538 5
100539 5
100540 5
100541 5
100542 5
100543 5
100544 5
100545 5
100546 5
100547 5
100548 5
100549 5
100550 5
100551 5
100552 5
100553 5
100554 5
100555 5
100556 5
100557 5
100558 5
100559 5
100560 5
100561 5
100562 5
100563 5
100564 5
100565 5
100566 5
100567 5
100568 5
100569 5
100570 5
100571 5
100572 5
100573 5
100574 5
100575 5
100576 5
100577 5
100578 5
100579 5
100580 5
100581 5
100582 5
100583 5
100584 5
100585 5
100586 5
100587 5
100588 5
100589 5
100590 5
100591 5
100592 5
100593 5
100594 5
100595 5
100596 5
100597 5
100598 5
100599 5
100600 5
100601 5
100602 5
100603 5
100604 5
100605 5
100606 5
100607 5
100608 4
100609 4
100610 4
100611 4
100612 4
100613 4
100614 4
100615 4
100616 4
100617 4
100618 4
100619 4
100620 4
100621 4
100622 4
100623 4
100624 4
100625 4
100626 4
100627 4
100628 4
100629 4
100630 4
100631 4
100632 4
100633 4
100634 4
100635 4
100636 4
100637 4
100638 4
100639 4
100640 4
100641 4
100642 4
100643 4
100644 4
100645 4
100646 4
100647 4
100648 4
100649 4
100650 4
100651 4
100652 4
100653 4
100654 4
100655 4
100656 4
100657 4
100658 4
100659 4
100660 4
100661 4
100662 4
100663 4
100664 4
100665 4
100666 4
100667 4
100668 4
100669 4
100670 4
100671 4
100672 4
100673 4
100674 4
100675 4
100676 4
100677 4
100678 4
100679 4
100680 4
100681 4
100682 4
100683 4
100684 4
100685 4
100686 4
100687 4
100688 4
100689 4
100690 4
100691 4
100692 4
100693 4
100694 4
100695 4
100696 4
100697 4
100698 4
100699 4
100700 4
100701 4
100702 4
100703 4
100704 4
100705 4
100706 4
100707 4
100708 4
100709 4
100710 4
100711 4
100712 4
100713 4
100714 4
100715 4
100716 4
100717 4
100718 4
100719 4
100720 4
100721 4
100722 4
100723 4
100724 4
100725 4
100726 4
100727 4
100728 4
100729 4
100730 4
100731 4
100732 4
100733 4
100734 4
100735 4
100736 4
100737 4
100738 4
100739 4
100740 4
100741 4
100742 4
100743 4
100744 4
100745 4
100746 4
100747 4
100748 4
100749 4
100750 4
100751 4
100752 4
100753 4
100754 4
100755 4
100756 4
100757 4
100758 4
100759 4
100760 4
100761 4
100762 4
100763 4
100764 4
100765 4
100766 4
100767 4
100768 4
100769 4
100770 4
100771 4
100772 4
100773 4
100774 4
100775 4
100776 4
100777 4
100778 4
100779 4
100780 4
100781 4
100782 4
100783 4
100784 4
100785 4
100786 4
100787 4
100788 4
100789 4
100790 4
100791 4
100792 4
100793 4
100794 4
100795 4
100796 4
100797 4
100798 4
100799 4
100800 5
100801 5
100802 5
100803 5
100804 5
100805 5
100806 5
100807 5
100808 5
100809 5
100810 5
100811 5
100812 5
100813 5
100814 5
100815 5
100816 5
100817 5
100818 5
100819 5
100820 5
100821 5
100822 5
100823 5
100824 5
100825 5
100826 5
100827 5
100828 5
100829 5
100830 5
100831 5
100832 5
100833 5
100834 5
100835 5
100836 5
100837 5
100838 5
100839 5
100840 5
100841 5
100842 5
100843 5
100844 5
100845 5
100846 5
100847 5
100848 5
100849 5
100850 5
100851 5
100852 5
100853 5
100854 5
100855 5
100856 5
100857 5
100858 5
100859 5
100860 5
100861 5
100862 5
100863 5
100864 5
100865 5
100866 5
100867 5
100868 5
100869 5
100870 5
100871 5
100872 5
100873 5
100874 5
100875 5
100876 5
100877 5
100878 5
100879 5
100880 5
100881 5
100882 5
100883 5
100884 5
100885 5
100886 5
100887 5
100888 5
100889 5
100890 5
100891 5
100892 5
100893 5
100894 5
100895 5
100896 5
100897 5
100898 5
100899 5
100900 5
100901 5
100902 5
100903 5
100904 5
100905 5
100906 5
100907 5
100908 5
100909 5
100910 5
100911 5
100912 5
100913 5
100914 5
100915 5
100916 5
100917 5
100918 5
100919 5
100920 5
100921 5
100922 5
100923 5
100924 5
100925 5
100926 5
100927 5
100928 5
100929 5
100930 5
100931 5
100932 5
100933 5
100934 5
100935 5
100936 5
100937 5
100938 5
100939 5
100940 5
100941 5
100942 5
100943 5
100944 5
100945 5
100946 5
100947 5
100948 5
100949 5
100950 5
100951 5
100952 5
100953 5
100954 5
100955 5
100956 5
100957 5
100958 5
100959 5
100960 5
100961 5
100962 5
100963 5
100964 5
100965 5
100966 5
100967 5
100968 5
100969 5
100970 5
100971 5
100972 5
100973 5
100974 5
100975 5
100976 5
100977 5
100978 5
100979 5
100980 5
100981 5
100982 5
100983 5
100984 5
100985 5
100986 5
100987 5
100988 5
100989 5
100990 5
100991 5
100992 6
100993 6
100994 6
100995 6
100996 6
100997 6
100998 6
100999 6
101000 6
101001 6
101002 6
101003 6
101004 6
101005 6
101006 6
101007 6
101008 6
101009 6
101010 6
101011 6
101012 6
101013 6
101014 6
101015 6
101016 6
101017 6
101018 6
101019 6
101020 6
101021 6
101022 6
101023 6
101024 6
101025 6
101026 6
101027 6
101028 6
101029 6
101030 6
101031 6
101032 6
101033 6
101034 6
101035 6
101036 6
101037 6
101038 6
101039 6
101040 6
101041 6
101042 6
101043 6
101044 6
101045 6
101046 6
101047 6
101048 6
101049 6
101050 6
101051 6
101052 6
101053 6
101054 6
101055 6
101056 6
101057 6
101058 6
101059 6
101060 6
101061 6
101062 6
101063 6
101064 6
101065 6
101066 6
101067 6
101068 6
101069 6
101070 6
101071 6
101072 6
101073 6
101074 6
101075 6
101076 6
101077 6
101078 6
101079 6
101080 6
101081 6
101082 6
101083 6
101084 6
101085 6
101086 6
101087 6
101088 6
101089 6
101090 6
101091 6
101092 6
101093 6
101094 6
101095 6
101096 6
101097 6
101098 6
101099 6
101100 6
101101 6
101102 6
101103 6
101104 6
101105 6
101106 6
101107 6
101108 6
101109 6
101110 6
101111 6
101112 6
101113 6
101114 6
101115 6
101116 6
101117 6
101118 6
101119 6
101120 6
101121 6
101122 6
101123 6
101124 6
101125 6
101126 6
101127 6
101128 6
101129 6
101130 6
101131 6
101132 6
101133 6
101134 6
101135 6
101136 6
101137 6
101138 6
101139 6
101140 6
101141 6
101142 6
101143 6
101144 6
101145 6
101146 6
101147 6
101148 6
101149 6
101150 6
101151 6
101152 6
101153 6
101154 6
101155 6
101156 6
101157 6
101158 6
101159 6
101160 6
101161 6
101162 6
101163 6
101164 6
101165 6
101166 6
101167 6
101168 6
101169 6
101170 6
101171 6
101172 6
101173 6
101174 6
101175 6
101176 6
101177 6
101178 6
101179 6
101180 6
101181 6
101182 6
101183 6
101184 6
101185 6
101186 6
101187 6
101188 6
101189 6
101190 6
101191 6
101192 6
101193 6
101194 6
101195 6
101196 6
101197 6
101198 6
101199 6
101200 6
101201 6
101202 6
101203 6
101204 6
101205 6
101206 6
101207 6
101208 6
101209 6
101210 6
101211 6
101212 6
101213 6
101214 6
101215 6
101216 6
101217 6
101218 6
101219 6
101220 6
101221 6
101222 6
101223 6
101224 6
101225 6
101226 6
101227 6
101228 6
101229 6
101230 6
101231 6
101232 6
101233 6
101234 6
101235 6
101236 6
101237 6
101238 6
101239 6
101240 6
101241 6
101242 6
101243 6
101244 6
101245 6
101246 6
101247 6
101248 6
101249 6
101250 6
101251 6
101252 6
101253 6
101254 6
101255 6
101256 6
101257 6
101258 6
101259 6
101260 6
101261 6
101262 6
101263 6
101264 6
101265 6
101266 6
101267 6
101268 6
101269 6
101270 6
101271 6
101272 6
101273 6
101274 6
101275 6
101276 6
101277 6
101278 6
101279 6
101280 6
101281 6
101282 6
101283 6
101284 6
101285 6
101286 6
101287 6
101288 6
101289 6
101290 6
101291 6
101292 6
101293 6
101294 6
101295 6
101296 6
101297 6
101298 6
101299 6
101300 6
101301 6
101302 6
101303 6
101304 6
101305 6
101306 6
101307 6
101308 6
101309 6
101310 6
101311 6
101312 6
101313 6
101314 6
101315 6
101316 6
101317 6
101318 6
101319 6
101320 6
101321 6
101322 6
101323 6
101324 6
101325 6
101326 6
101327 6
101328 6
101329 6
101330 6
101331 6
101332 6
101333 6
101334 6
101335 6
101336 6
101337 6
101338 6
101339 6
101340 6
101341 6
101342 6
101343 6
101344 6
101345 6
101346 6
101347 6
101348 6
101349 6
101350 6
101351 6
101352 6
101353 6
101354 6
101355 6
101356 6
101357 6
101358 6
101359 6
101360 6
101361 6
101362 6
101363 6
101364 6
101365 6
101366 6
101367 6
101368 6
101369 6
101370 6
101371 6
101372 6
101373 6
101374 6
101375 6
101376 2
101377 2
101378 2
101379 2
101380 2
101381 2
101382 2
101383 2
101384 2
101385 2
101386 2
101387 2
101388 2
101389 2
101390 2
101391 2
101392 2
101393 2
101394 2
101395 2
101396 2
101397 2
101398 2
101399 2
101400 2
101401 2
101402 2
101403 2
101404 2
101405 2
101406 2
101407 2
101408 2
101409 2
101410 2
101411 2
101412 2
101413 2
101414 2
101415 2
101416 2
101417 2
101418 2
101419 2
101420 2
101421 2
101422 2
101423 2
101424 2
101425 2
101426 2
101427 2
101428 2
101429 2
101430 2
101431 2
101432 2
101433 2
101434 2
101435 2
101436 2
101437 2
101438 2
101439 2
101440 2
101441 2
101442 2
101443 2
101444 2
101445 2
101446 2
101447 2
101448 2
101449 2
101450 2
101451 2
101452 2
101453 2
101454 2
101455 2
101456 2
101457 2
101458 2
101459 2
101460 2
101461 2
101462 2
101463 2
101464 2
101465 2
101466 2
101467 2
101468 2
101469 2
101470 2
101471 2
101472 2
101473 2
101474 2
101475 2
101476 2
101477 2
101478 2
101479 2
101480 2
101481 2
101482 2
101483 2
101484 2
101485 2
101486 2
101487 2
101488 2
101489 2
101490 2
101491 2
101492 2
101493 2
101494 2
101495 2
101496 2
101497 2
101498 2
101499 2
101500 2
101501 2
101502 2
101503 2
101504 2
101505 2
101506 2
101507 2
101508 2
101509 2
101510 2
101511 2
101512 2
101513 2
101514 2
101515 2
101516 2
101517 2
101518 2
101519 2
101520 2
101521 2
101522 2
101523 2
101524 2
101525 2
101526 2
101527 2
101528 2
101529 2
101530 2
101531 2
101532 2
101533 2
101534 2
101535 2
101536 2
101537 2
101538 2
101539 2
101540 2
101541 2
101542 2
101543 2
101544 2
101545 2
101546 2
101547 2
101548 2
101549 2
101550 2
101551 2
101552 2
101553 2
101554 2
101555 2
101556 2
101557 2
101558 2
101559 2
101560 2
101561 2
101562 2
101563 2
101564 2
101565 2
101566 2
101567 2
101568 2
101569 2
101570 2
101571 2
101572 2
101573 2
101574 2
101575 2
101576 2
101577 2
101578 2
101579 2
101580 2
101581 2
101582 2
101583 2
101584 2
101585 2
101586 2
101587 2
101588 2
101589 2
101590 2
101591 2
101592 2
101593 2
101594 2
101595 2
101596 2
101597 2
101598 2
101599 2
101600 2
101601 2
101602 2
101603 2
101604 2
101605 2
101606 2
101607 2
101608 2
101609 2
101610 2
101611 2
101612 2
101613 2
101614 2
101615 2
101616 2
101617 2
101618 2
101619 2
101620 2
101621 2
101622 2
101623 2
101624 2
101625 2
101626 2
101627 2
101628 2
101629 2
101630 2
101631 2
101632 2
101633 2
101634 2
101635 2
101636 2
101637 2
101638 2
101639 2
101640 2
101641 2
101642 2
101643 2
101644 2
101645 2
101646 2
101647 2
101648 2
101649 2
101650 2
101651 2
101652 2
101653 2
101654 2
101655 2
101656 2
101657 2
101658 2
101659 2
101660 2
101661 2
101662 2
101663 2
101664 2
101665 2
101666 2
101667 2
101668 2
101669 2
101670 2
101671 2
101672 2
101673 2
101674 2
101675 2
101676 2
101677 2
101678 2
101679 2
101680 2
101681 2
101682 2
101683 2
101684 2
101685 2
101686 2
101687 2
101688 2
101689 2
101690 2
101691 2
101692 2
101693 2
101694 2
101695 2
101696 2
101697 2
101698 2
101699 2
101700 2
101701 2
101702 2
101703 2
101704 2
101705 2
101706 2
101707 2
101708 2
101709 2
101710 2
101711 2
101712 2
101713 2
101714 2
101715 2
101716 2
101717 2
101718 2
101719 2
101720 2
101721 2
101722 2
101723 2
101724 2
101725 2
101726 2
101727 2
101728 2
101729 2
101730 2
101731 2
101732 2
101733 2
101734 2
101735 2
101736 2
101737 2
101738 2
101739 2
101740 2
101741 2
101742 2
101743 2
101744 2
101745 2
101746 2
101747 2
101748 2
101749 2
101750 2
101751 2
101752 2
101753 2
101754 2
101755 2
101756 2
101757 2
101758 2
101759 2
101760 3
101761 3
101762 3
101763 3
101764 3
101765 3
101766 3
101767 3
101768 3
101769 3
101770 3
101771 3
101772 3
101773 3
101774 3
101775 3
101776 3
101777 3
101778 3
101779 3
101780 3
101781 3
101782 3
101783 3
101784 3
101785 3
101786 3
101787 3
101788 3
101789 3
101790 3
101791 3
101792 3
101793 3
101794 3
101795 3
101796 3
101797 3
101798 3
101799 3
101800 3
101801 3
101802 3
101803 3
101804 3
101805 3
101806 3
101807 3
101808 3
101809 3
101810 3
101811 3
101812 3
101813 3
101814 3
101815 3
101816 3
101817 3
101818 3
101819 3
101820 3
101821 3
101822 3
101823 3
101824 3
101825 3
101826 3
101827 3
101828 3
101829 3
101830 3
101831 3
101832 3
101833 3
101834 3
101835 3
101836 3
101837 3
101838 3
101839 3
101840 3
101841 3
101842 3
101843 3
101844 3
101845 3
101846 3
101847 3
101848 3
101849 3
101850 3
101851 3
101852 3
101853 3
101854 3
101855 3
101856 3
101857 3
101858 3
101859 3
101860 3
101861 3
101862 3
101863 3
101864 3
101865 3
101866 3
101867 3
101868 3
101869 3
101870 3
101871 3
101872 3
101873 3
101874 3
101875 3
101876 3
101877 3
101878 3
101879 3
101880 3
101881 3
101882 3
101883 3
101884 3
101885 3
101886 3
101887 3
101888 3
101889 3
101890 3
101891 3
101892 3
101893 3
101894 3
101895 3
101896 3
101897 3
101898 3
101899 3
101900 3
101901 3
101902 3
101903 3
101904 3
101905 3
101906 3
101907 3
101908 3
101909 3
101910 3
101911 3
101912 3
101913 3
101914 3
101915 3
101916 3
101917 3
101918 3
101919 3
101920 3
101921 3
101922 3
101923 3
101924 3
101925 3
101926 3
101927 3
101928 3
101929 3
101930 3
101931 3
101932 3
101933 3
101934 3
101935 3
101936 3
101937 3
101938 3
101939 3
101940 3
101941 3
101942 3
101943 3
101944 3
101945 3
101946 3
101947 3
101948 3
101949 3
101950 3
101951 3
101952 2
101953 2
101954 2
101955 2
101956 2
101957 2
101958 2
101959 2
101960 2
101961 2
101962 2
101963 2
101964 2
101965 2
101966 2
101967 2
101968 2
101969 2
101970 2
101971 2
101972 2
101973 2
101974 2
101975 2
101976 2
101977 2
101978 2
101979 2
101980 2
101981 2
101982 2
101983 2
101984 2
101985 2
101986 2
101987 2
101988 2
101989 2
101990 2
101991 2
101992 2
101993 2
101994 2
101995 2
101996 2
101997 2
101998 2
101999 2
102000 2
102001 2
102002 2
102003 2
102004 2
102005 2
102006 2
102007 2
102008 2
102009 2
102010 2
102011 2
102012 2
102013 2
102014 2
102015 2
102016 2
102017 2
102018 2
102019 2
102020 2
102021 2
102022 2
102023 2
102024 2
102025 2
102026 2
102027 2
102028 2
102029 2
102030 2
102031 2
102032 2
102033 2
102034 2
102035 2
102036 2
102037 2
102038 2
102039 2
102040 2
102041 2
102042 2
102043 2
102044 2
102045 2
102046 2
102047 2
102048 2
102049 2
102050 2
102051 2
102052 2
102053 2
102054 2
102055 2
102056 2
102057 2
102058 2
102059 2
102060 2
102061 2
102062 2
102063 2
102064 2
102065 2
102066 2
102067 2
102068 2
102069 2
102070 2
102071 2
102072 2
102073 2
102074 2
102075 2
102076 2
102077 2
102078 2
102079 2
102080 2
102081 2
102082 2
102083 2
102084 2
102085 2
102086 2
102087 2
102088 2
102089 2
102090 2
102091 2
102092 2
102093 2
102094 2
102095 2
102096 2
102097 2
102098 2
102099 2
102100 2
102101 2
102102 2
102103 2
102104 2
102105 2
102106 2
102107 2
102108 2
102109 2
102110 2
102111 2
102112 2
102113 2
102114 2
102115 2
102116 2
102117 2
102118 2
102119 2
102120 2
102121 2
102122 2
102123 2
102124 2
102125 2
102126 2
102127 2
102128 2
102129 2
102130 2
102131 2
102132 2
102133 2
102134 2
102135 2
102136 2
102137 2
102138 2
102139 2
102140 2
102141 2
102142 2
102143 2
102144 3
102145 3
102146 3
102147 3
102148 3
102149 3
102150 3
102151 3
102152 3
102153 3
102154 3
102155 3
102156 3
102157 3
102158 3
102159 3
102160 3
102161 3
102162 3
102163 3
102164 3
102165 3
102166 3
102167 3
102168 3
102169 3
102170 3
102171 3
102172 3
102173 3
102174 3
102175 3
102176 3
102177 3
102178 3
102179 3
102180 3
102181 3
102182 3
102183 3
102184 3
102185 3
102186 3
102187 3
102188 3
102189 3
102190 3
102191 3
102192 3
102193 3
102194 3
102195 3
102196 3
102197 3
102198 3
102199 3
102200 3
102201 3
102202 3
102203 3
102204 3
102205 3
102206 3
102207 3
102208 3
102209 3
102210 3
102211 3
102212 3
102213 3
102214 3
102215 3
102216 3
102217 3
102218 3
102219 3
102220 3
102221 3
102222 3
102223 3
102224 3
102225 3
102226 3
102227 3
102228 3
102229 3
102230 3
102231 3
102232 3
102233 3
102234 3
102235 3
102236 3
102237 3
102238 3
102239 3
102240 3
102241 3
102242 3
102243 3
102244 3
102245 3
102246 3
102247 3
102248 3
102249 3
102250 3
102251 3
102252 3
102253 3
102254 3
102255 3
102256 3
102257 3
102258 3
102259 3
102260 3
102261 3
102262 3
102263 3
102264 3
102265 3
102266 3
102267 3
102268 3
102269 3
102270 3
102271 3
102272 3
102273 3
102274 3
102275 3
102276 3
102277 3
102278 3
102279 3
102280 3
102281 3
102282 3
102283 3
102284 3
102285 3
102286 3
102287 3
102288 3
102289 3
102290 3
102291 3
102292 3
102293 3
102294 3
102295 3
102296 3
102297 3
102298 3
102299 3
102300 3
102301 3
102302 3
102303 3
102304 3
102305 3
102306 3
102307 3
102308 3
102309 3
102310 3
102311 3
102312 3
102313 3
102314 3
102315 3
102316 3
102317 3
102318 3
102319 3
102320 3
102321 3
102322 3
102323 3
102324 3
102325 3
102326 3
102327 3
102328 3
102329 3
102330 3
102331 3
102332 3
102333 3
102334 3
102335 3
102336 3
102337 3
102338 3
102339 3
102340 3
102341 3
102342 3
102343 3
102344 3
102345 3
102346 3
102347 3
102348 3
102349 3
102350 3
102351 3
102352 3
102353 3
102354 3
102355 3
102356 3
102357 3
102358 3
102359 3
102360 3
102361 3
102362 3
102363 3
102364 3
102365 3
102366 3
102367 3
102368 3
102369 3
102370 3
102371 3
102372 3
102373 3
102374 3
102375 3
102376 3
102377 3
102378 3
102379 3
102380 3
102381 3
102382 3
102383 3
102384 3
102385 3
102386 3
102387 3
102388 3
102389 3
102390 3
102391 3
102392 3
102393 3
102394 3
102395 3
102396 3
102397 3
102398 3
102399 3
102400 3
102401 3
102402 3
102403 3
102404 3
102405 3
102406 3
102407 3
102408 3
102409 3
102410 3
102411 3
102412 3
102413 3
102414 3
102415 3
102416 3
102417 3
102418 3
102419 3
102420 3
102421 3
102422 3
102423 3
102424 3
102425 3
102426 3
102427 3
102428 3
102429 3
102430 3
102431 3
102432 3
102433 3
102434 3
102435 3
102436 3
102437 3
102438 3
102439 3
102440 3
102441 3
102442 3
102443 3
102444 3
102445 3
102446 3
102447 3
102448 3
102449 3
102450 3
102451 3
102452 3
102453 3
102454 3
102455 3
102456 3
102457 3
102458 3
102459 3
102460 3
102461 3
102462 3
102463 3
102464 3
102465 3
102466 3
102467 3
102468 3
102469 3
102470 3
102471 3
102472 3
102473 3
102474 3
102475 3
102476 3
102477 3
102478 3
102479 3
102480 3
102481 3
102482 3
102483 3
102484 3
102485 3
102486 3
102487 3
102488 3
102489 3
102490 3
102491 3
102492 3
102493 3
102494 3
102495 3
102496 3
102497 3
102498 3
102499 3
102500 3
102501 3
102502 3
102503 3
102504 3
102505 3
102506 3
102507 3
102508 3
102509 3
102510 3
102511 3
102512 3
102513 3
102514 3
102515 3
102516 3
102517 3
102518 3
102519 3
102520 3
102521 3
102522 3
102523 3
102524 3
102525 3
102526 3
102527 3
102528 3
102529 3
102530 3
102531 3
102532 3
102533 3
102534 3
102535 3
102536 3
102537 3
102538 3
102539 3
102540 3
102541 3
102542 3
102543 3
102544 3
102545 3
102546 3
102547 3
102548 3
102549 3
102550 3
102551 3
102552 3
102553 3
102554 3
102555 3
102556 3
102557 3
102558 3
102559 3
102560 3
102561 3
102562 3
102563 3
102564 3
102565 3
102566 3
102567 3
102568 3
102569 3
102570 3
102571 3
102572 3
102573 3
102574 3
102575 3
102576 3
102577 3
102578 3
102579 3
102580 3
102581 3
102582 3
102583 3
102584 3
102585 3
102586 3
102587 3
102588 3
102589 3
102590 3
102591 3
102592 3
102593 3
102594 3
102595 3
102596 3
102597 3
102598 3
102599 3
102600 3
102601 3
102602 3
102603 3
102604 3
102605 3
102606 3
102607 3
102608 3
102609 3
102610 3
102611 3
102612 3
102613 3
102614 3
102615 3
102616 3
102617 3
102618 3
102619 3
102620 3
102621 3
102622 3
102623 3
102624 3
102625 3
102626 3
102627 3
102628 3
102629 3
102630 3
102631 3
102632 3
102633 3
102634 3
102635 3
102636 3
102637 3
102638 3
102639 3
102640 3
102641 3
102642 3
102643 3
102644 3
102645 3
102646 3
102647 3
102648 3
102649 3
102650 3
102651 3
102652 3
102653 3
102654 3
102655 3
102656 3
102657 3
102658 3
102659 3
102660 3
102661 3
102662 3
102663 3
102664 3
102665 3
102666 3
102667 3
102668 3
102669 3
102670 3
102671 3
102672 3
102673 3
102674 3
102675 3
102676 3
102677 3
102678 3
102679 3
102680 3
102681 3
102682 3
102683 3
102684 3
102685 3
102686 3
102687 3
102688 3
102689 3
102690 3
102691 3
102692 3
102693 3
102694 3
102695 3
102696 3
102697 3
102698 3
102699 3
102700 3
102701 3
102702 3
102703 3
102704 3
102705 3
102706 3
102707 3
102708 3
102709 3
102710 3
102711 3
102712 3
102713 3
102714 3
102715 3
102716 3
102717 3
102718 3
102719 3
102720 3
102721 3
102722 3
102723 3
102724 3
102725 3
102726 3
102727 3
102728 3
102729 3
102730 3
102731 3
102732 3
102733 3
102734 3
102735 3
102736 3
102737 3
102738 3
102739 3
102740 3
102741 3
102742 3
102743 3
102744 3
102745 3
102746 3
102747 3
102748 3
102749 3
102750 3
102751 3
102752 3
102753 3
102754 3
102755 3
102756 3
102757 3
102758 3
102759 3
102760 3
102761 3
102762 3
102763 3
102764 3
102765 3
102766 3
102767 3
102768 3
102769 3
102770 3
102771 3
102772 3
102773 3
102774 3
102775 3
102776 3
102777 3
102778 3
102779 3
102780 3
102781 3
102782 3
102783 3
102784 3
102785 3
102786 3
102787 3
102788 3
102789 3
102790 3
102791 3
102792 3
102793 3
102794 3
102795 3
102796 3
102797 3
102798 3
102799 3
102800 3
102801 3
102802 3
102803 3
102804 3
102805 3
102806 3
102807 3
102808 3
102809 3
102810 3
102811 3
102812 3
102813 3
102814 3
102815 3
102816 3
102817 3
102818 3
102819 3
102820 3
102821 3
102822 3
102823 3
102824 3
102825 3
102826 3
102827 3
102828 3
102829 3
102830 3
102831 3
102832 3
102833 3
102834 3
102835 3
102836 3
102837 3
102838 3
102839 3
102840 3
102841 3
102842 3
102843 3
102844 3
102845 3
102846 3
102847 3
102848 3
102849 3
102850 3
102851 3
102852 3
102853 3
102854 3
102855 3
102856 3
102857 3
102858 3
102859 3
102860 3
102861 3
102862 3
102863 3
102864 3
102865 3
102866 3
102867 3
102868 3
102869 3
102870 3
102871 3
102872 3
102873 3
102874 3
102875 3
102876 3
102877 3
102878 3
102879 3
102880 3
102881 3
102882 3
102883 3
102884 3
102885 3
102886 3
102887 3
102888 3
102889 3
102890 3
102891 3
102892 3
102893 3
102894 3
102895 3
102896 3
102897 3
102898 3
102899 3
102900 3
102901 3
102902 3
102903 3
102904 3
102905 3
102906 3
102907 3
102908 3
102909 3
102910 3
102911 3
102912 3
102913 3
102914 3
102915 3
102916 3
102917 3
102918 3
102919 3
102920 3
102921 3
102922 3
102923 3
102924 3
102925 3
102926 3
102927 3
102928 3
102929 3
102930 3
102931 3
102932 3
102933 3
102934 3
102935 3
102936 3
102937 3
102938 3
102939 3
102940 3
102941 3
102942 3
102943 3
102944 3
102945 3
102946 3
102947 3
102948 3
102949 3
102950 3
102951 3
102952 3
102953 3
102954 3
102955 3
102956 3
102957 3
102958 3
102959 3
102960 3
102961 3
102962 3
102963 3
102964 3
102965 3
102966 3
102967 3
102968 3
102969 3
102970 3
102971 3
102972 3
102973 3
102974 3
102975 3
102976 3
102977 3
102978 3
102979 3
102980 3
102981 3
102982 3
102983 3
102984 3
102985 3
102986 3
102987 3
102988 3
102989 3
102990 3
102991 3
102992 3
102993 3
102994 3
102995 3
102996 3
102997 3
102998 3
102999 3
103000 3
103001 3
103002 3
103003 3
103004 3
103005 3
103006 3
103007 3
103008 3
103009 3
103010 3
103011 3
103012 3
103013 3
103014 3
103015 3
103016 3
103017 3
103018 3
103019 3
103020 3
103021 3
103022 3
103023 3
103024 3
103025 3
103026 3
103027 3
103028 3
103029 3
103030 3
103031 3
103032 3
103033 3
103034 3
103035 3
103036 3
103037 3
103038 3
103039 3
103040 3
103041 3
103042 3
103043 3
103044 3
103045 3
103046 3
103047 3
103048 3
103049 3
103050 3
103051 3
103052 3
103053 3
103054 3
103055 3
103056 3
103057 3
103058 3
103059 3
103060 3
103061 3
103062 3
103063 3
103064 3
103065 3
103066 3
103067 3
103068 3
103069 3
103070 3
103071 3
103072 3
103073 3
103074 3
103075 3
103076 3
103077 3
103078 3
103079 3
103080 3
103081 3
103082 3
103083 3
103084 3
103085 3
103086 3
103087 3
103088 3
103089 3
103090 3
103091 3
103092 3
103093 3
103094 3
103095 3
103096 3
103097 3
103098 3
103099 3
103100 3
103101 3
103102 3
103103 3
103104 3
103105 3
103106 3
103107 3
103108 3
103109 3
103110 3
103111 3
103112 3
103113 3
103114 3
103115 3
103116 3
103117 3
103118 3
103119 3
103120 3
103121 3
103122 3
103123 3
103124 3
103125 3
103126 3
103127 3
103128 3
103129 3
103130 3
103131 3
103132 3
103133 3
103134 3
103135 3
103136 3
103137 3
103138 3
103139 3
103140 3
103141 3
103142 3
103143 3
103144 3
103145 3
103146 3
103147 3
103148 3
103149 3
103150 3
103151 3
103152 3
103153 3
103154 3
103155 3
103156 3
103157 3
103158 3
103159 3
103160 3
103161 3
103162 3
103163 3
103164 3
103165 3
103166 3
103167 3
103168 3
103169 3
103170 3
103171 3
103172 3
103173 3
103174 3
103175 3
103176 3
103177 3
103178 3
103179 3
103180 3
103181 3
103182 3
103183 3
103184 3
103185 3
103186 3
103187 3
103188 3
103189 3
103190 3
103191 3
103192 3
103193 3
103194 3
103195 3
103196 3
103197 3
103198 3
103199 3
103200 3
103201 3
103202 3
103203 3
103204 3
103205 3
103206 3
103207 3
103208 3
103209 3
103210 3
103211 3
103212 3
103213 3
103214 3
103215 3
103216 3
103217 3
103218 3
103219 3
103220 3
103221 3
103222 3
103223 3
103224 3
103225 3
103226 3
103227 3
103228 3
103229 3
103230 3
103231 3
103232 3
103233 3
103234 3
103235 3
103236 3
103237 3
103238 3
103239 3
103240 3
103241 3
103242 3
103243 3
103244 3
103245 3
103246 3
103247 3
103248 3
103249 3
103250 3
103251 3
103252 3
103253 3
103254 3
103255 3
103256 3
103257 3
103258 3
103259 3
103260 3
103261 3
103262 3
103263 3
103264 3
103265 3
103266 3
103267 3
103268 3
103269 3
103270 3
103271 3
103272 3
103273 3
103274 3
103275 3
103276 3
103277 3
103278 3
103279 3
103280 3
103281 3
103282 3
103283 3
103284 3
103285 3
103286 3
103287 3
103288 3
103289 3
103290 3
103291 3
103292 3
103293 3
103294 3
103295 3
103296 4
103297 4
103298 4
103299 4
103300 4
103301 4
103302 4
103303 4
103304 4
103305 4
103306 4
103307 4
103308 4
103309 4
103310 4
103311 4
103312 4
103313 4
103314 4
103315 4
103316 4
103317 4
103318 4
103319 4
103320 4
103321 4
103322 4
103323 4
103324 4
103325 4
103326 4
103327 4
103328 4
103329 4
103330 4
103331 4
103332 4
103333 4
103334 4
103335 4
103336 4
103337 4
103338 4
103339 4
103340 4
103341 4
103342 4
103343 4
103344 4
103345 4
103346 4
103347 4
103348 4
103349 4
103350 4
103351 4
103352 4
103353 4
103354 4
103355 4
103356 4
103357 4
103358 4
103359 4
103360 4
103361 4
103362 4
103363 4
103364 4
103365 4
103366 4
103367 4
103368 4
103369 4
103370 4
103371 4
103372 4
103373 4
103374 4
103375 4
103376 4
103377 4
103378 4
103379 4
103380 4
103381 4
103382 4
103383 4
103384 4
103385 4
103386 4
103387 4
103388 4
103389 4
103390 4
103391 4
103392 4
103393 4
103394 4
103395 4
103396 4
103397 4
103398 4
103399 4
103400 4
103401 4
103402 4
103403 4
103404 4
103405 4
103406 4
103407 4
103408 4
103409 4
103410 4
103411 4
103412 4
103413 4
103414 4
103415 4
103416 4
103417 4
103418 4
103419 4
103420 4
103421 4
103422 4
103423 4
103424 4
103425 4
103426 4
103427 4
103428 4
103429 4
103430 4
103431 4
103432 4
103433 4
103434 4
103435 4
103436 4
103437 4
103438 4
103439 4
103440 4
103441 4
103442 4
103443 4
103444 4
103445 4
103446 4
103447 4
103448 4
103449 4
103450 4
103451 4
103452 4
103453 4
103454 4
103455 4
103456 4
103457 4
103458 4
103459 4
103460 4
103461 4
103462 4
103463 4
103464 4
103465 4
103466 4
103467 4
103468 4
103469 4
103470 4
103471 4
103472 4
103473 4
103474 4
103475 4
103476 4
103477 4
103478 4
103479 4
103480 4
103481 4
103482 4
103483 4
103484 4
103485 4
103486 4
103487 4
103488 3
103489 3
103490 3
103491 3
103492 3
103493 3
103494 3
103495 3
103496 3
103497 3
103498 3
103499 3
103500 3
103501 3
103502 3
103503 3
103504 3
103505 3
103506 3
103507 3
103508 3
103509 3
103510 3
103511 3
103512 3
103513 3
103514 3
103515 3
103516 3
103517 3
103518 3
103519 3
103520 3
103521 3
103522 3
103523 3
103524 3
103525 3
103526 3
103527 3
103528 3
103529 3
103530 3
103531 3
103532 3
103533 3
103534 3
103535 3
103536 3
103537 3
103538 3
103539 3
103540 3
103541 3
103542 3
103543 3
103544 3
103545 3
103546 3
103547 3
103548 3
103549 3
103550 3
103551 3
103552 3
103553 3
103554 3
103555 3
103556 3
103557 3
103558 3
103559 3
103560 3
103561 3
103562 3
103563 3
103564 3
103565 3
103566 3
103567 3
103568 3
103569 3
103570 3
103571 3
103572 3
103573 3
103574 3
103575 3
103576 3
103577 3
103578 3
103579 3
103580 3
103581 3
103582 3
103583 3
103584 3
103585 3
103586 3
103587 3
103588 3
103589 3
103590 3
103591 3
103592 3
103593 3
103594 3
103595 3
103596 3
103597 3
103598 3
103599 3
103600 3
103601 3
103602 3
103603 3
103604 3
103605 3
103606 3
103607 3
103608 3
103609 3
103610 3
103611 3
103612 3
103613 3
103614 3
103615 3
103616 3
103617 3
103618 3
103619 3
103620 3
103621 3
103622 3
103623 3
103624 3
103625 3
103626 3
103627 3
103628 3
103629 3
103630 3
103631 3
103632 3
103633 3
103634 3
103635 3
103636 3
103637 3
103638 3
103639 3
103640 3
103641 3
103642 3
103643 3
103644 3
103645 3
103646 3
103647 3
103648 3
103649 3
103650 3
103651 3
103652 3
103653 3
103654 3
103655 3
103656 3
103657 3
103658 3
103659 3
103660 3
103661 3
103662 3
103663 3
103664 3
103665 3
103666 3
103667 3
103668 3
103669 3
103670 3
103671 3
103672 3
103673 3
103674 3
103675 3
103676 3
103677 3
103678 3
103679 3
103680 4
103681 4
103682 4
103683 4
103684 4
103685 4
103686 4
103687 4
103688 4
103689 4
103690 4
103691 4
103692 4
103693 4
103694 4
103695 4
103696 4
103697 4
103698 4
103699 4
103700 4
103701 4
103702 4
103703 4
103704 4
103705 4
103706 4
103707 4
103708 4
103709 4
103710 4
103711 4
103712 4
103713 4
103714 4
103715 4
103716 4
103717 4
103718 4
103719 4
103720 4
103721 4
103722 4
103723 4
103724 4
103725 4
103726 4
103727 4
103728 4
103729 4
103730 4
103731 4
103732 4
103733 4
103734 4
103735 4
103736 4
103737 4
103738 4
103739 4
103740 4
103741 4
103742 4
103743 4
103744 4
103745 4
103746 4
103747 4
103748 4
103749 4
103750 4
103751 4
103752 4
103753 4
103754 4
103755 4
103756 4
103757 4
103758 4
103759 4
103760 4
103761 4
103762 4
103763 4
103764 4
103765 4
103766 4
103767 4
103768 4
103769 4
103770 4
103771 4
103772 4
103773 4
103774 4
103775 4
103776 4
103777 4
103778 4
103779 4
103780 4
103781 4
103782 4
103783 4
103784 4
103785 4
103786 4
103787 4
103788 4
103789 4
103790 4
103791 4
103792 4
103793 4
103794 4
103795 4
103796 4
103797 4
103798 4
103799 4
103800 4
103801 4
103802 4
103803 4
103804 4
103805 4
103806 4
103807 4
103808 4
103809 4
103810 4
103811 4
103812 4
103813 4
103814 4
103815 4
103816 4
103817 4
103818 4
103819 4
103820 4
103821 4
103822 4
103823 4
103824 4
103825 4
103826 4
103827 4
103828 4
103829 4
103830 4
103831 4
103832 4
103833 4
103834 4
103835 4
103836 4
103837 4
103838 4
103839 4
103840 4
103841 4
103842 4
103843 4
103844 4
103845 4
103846 4
103847 4
103848 4
103849 4
103850 4
103851 4
103852 4
103853 4
103854 4
103855 4
103856 4
103857 4
103858 4
103859 4
103860 4
103861 4
103862 4
103863 4
103864 4
103865 4
103866 4
103867 4
103868 4
103869 4
103870 4
103871 4
103872 4
103873 4
103874 4
103875 4
103876 4
103877 4
103878 4
103879 4
103880 4
103881 4
103882 4
103883 4
103884 4
103885 4
103886 4
103887 4
103888 4
103889 4
103890 4
103891 4
103892 4
103893 4
103894 4
103895 4
103896 4
103897 4
103898 4
103899 4
103900 4
103901 4
103902 4
103903 4
103904 4
103905 4
103906 4
103907 4
103908 4
103909 4
103910 4
103911 4
103912 4
103913 4
103914 4
103915 4
103916 4
103917 4
103918 4
103919 4
103920 4
103921 4
103922 4
103923 4
103924 4
103925 4
103926 4
103927 4
103928 4
103929 4
103930 4
103931 4
103932 4
103933 4
103934 4
103935 4
103936 4
103937 4
103938 4
103939 4
103940 4
103941 4
103942 4
103943 4
103944 4
103945 4
103946 4
103947 4
103948 4
103949 4
103950 4
103951 4
103952 4
103953 4
103954 4
103955 4
103956 4
103957 4
103958 4
103959 4
103960 4
103961 4
103962 4
103963 4
103964 4
103965 4
103966 4
103967 4
103968 4
103969 4
103970 4
103971 4
103972 4
103973 4
103974 4
103975 4
103976 4
103977 4
103978 4
103979 4
103980 4
103981 4
103982 4
103983 4
103984 4
103985 4
103986 4
103987 4
103988 4
103989 4
103990 4
103991 4
103992 4
103993 4
103994 4
103995 4
103996 4
103997 4
103998 4
103999 4
104000 4
104001 4
104002 4
104003 4
104004 4
104005 4
104006 4
104007 4
104008 4
104009 4
104010 4
104011 4
104012 4
104013 4
104014 4
104015 4
104016 4
104017 4
104018 4
104019 4
104020 4
104021 4
104022 4
104023 4
104024 4
104025 4
104026 4
104027 4
104028 4
104029 4
104030 4
104031 4
104032 4
104033 4
104034 4
104035 4
104036 4
104037 4
104038 4
104039 4
104040 4
104041 4
104042 4
104043 4
104044 4
104045 4
104046 4
104047 4
104048 4
104049 4
104050 4
104051 4
104052 4
104053 4
104054 4
104055 4
104056 4
104057 4
104058 4
104059 4
104060 4
104061 4
104062 4
104063 4
104064 4
104065 4
104066 4
104067 4
104068 4
104069 4
104070 4
104071 4
104072 4
104073 4
104074 4
104075 4
104076 4
104077 4
104078 4
104079 4
104080 4
104081 4
104082 4
104083 4
104084 4
104085 4
104086 4
104087 4
104088 4
104089 4
104090 4
104091 4
104092 4
104093 4
104094 4
104095 4
104096 4
104097 4
104098 4
104099 4
104100 4
104101 4
104102 4
104103 4
104104 4
104105 4
104106 4
104107 4
104108 4
104109 4
104110 4
104111 4
104112 4
104113 4
104114 4
104115 4
104116 4
104117 4
104118 4
104119 4
104120 4
104121 4
104122 4
104123 4
104124 4
104125 4
104126 4
104127 4
104128 4
104129 4
104130 4
104131 4
104132 4
104133 4
104134 4
104135 4
104136 4
104137 4
104138 4
104139 4
104140 4
104141 4
104142 4
104143 4
104144 4
104145 4
104146 4
104147 4
104148 4
104149 4
104150 4
104151 4
104152 4
104153 4
104154 4
104155 4
104156 4
104157 4
104158 4
104159 4
104160 4
104161 4
104162 4
104163 4
104164 4
104165 4
104166 4
104167 4
104168 4
104169 4
104170 4
104171 4
104172 4
104173 4
104174 4
104175 4
104176 4
104177 4
104178 4
104179 4
104180 4
104181 4
104182 4
104183 4
104184 4
104185 4
104186 4
104187 4
104188 4
104189 4
104190 4
104191 4
104192 4
104193 4
104194 4
104195 4
104196 4
104197 4
104198 4
104199 4
104200 4
104201 4
104202 4
104203 4
104204 4
104205 4
104206 4
104207 4
104208 4
104209 4
104210 4
104211 4
104212 4
104213 4
104214 4
104215 4
104216 4
104217 4
104218 4
104219 4
104220 4
104221 4
104222 4
104223 4
104224 4
104225 4
104226 4
104227 4
104228 4
104229 4
104230 4
104231 4
104232 4
104233 4
104234 4
104235 4
104236 4
104237 4
104238 4
104239 4
104240 4
104241 4
104242 4
104243 4
104244 4
104245 4
104246 4
104247 4
104248 4
104249 4
104250 4
104251 4
104252 4
104253 4
104254 4
104255 4
104256 4
104257 4
104258 4
104259 4
104260 4
104261 4
104262 4
104263 4
104264 4
104265 4
104266 4
104267 4
104268 4
104269 4
104270 4
104271 4
104272 4
104273 4
104274 4
104275 4
104276 4
104277 4
104278 4
104279 4
104280 4
104281 4
104282 4
104283 4
104284 4
104285 4
104286 4
104287 4
104288 4
104289 4
104290 4
104291 4
104292 4
104293 4
104294 4
104295 4
104296 4
104297 4
104298 4
104299 4
104300 4
104301 4
104302 4
104303 4
104304 4
104305 4
104306 4
104307 4
104308 4
104309 4
104310 4
104311 4
104312 4
104313 4
104314 4
104315 4
104316 4
104317 4
104318 4
104319 4
104320 4
104321 4
104322 4
104323 4
104324 4
104325 4
104326 4
104327 4
104328 4
104329 4
104330 4
104331 4
104332 4
104333 4
104334 4
104335 4
104336 4
104337 4
104338 4
104339 4
104340 4
104341 4
104342 4
104343 4
104344 4
104345 4
104346 4
104347 4
104348 4
104349 4
104350 4
104351 4
104352 4
104353 4
104354 4
104355 4
104356 4
104357 4
104358 4
104359 4
104360 4
104361 4
104362 4
104363 4
104364 4
104365 4
104366 4
104367 4
104368 4
104369 4
104370 4
104371 4
104372 4
104373 4
104374 4
104375 4
104376 4
104377 4
104378 4
104379 4
104380 4
104381 4
104382 4
104383 4
104384 4
104385 4
104386 4
104387 4
104388 4
104389 4
104390 4
104391 4
104392 4
104393 4
104394 4
104395 4
104396 4
104397 4
104398 4
104399 4
104400 4
104401 4
104402 4
104403 4
104404 4
104405 4
104406 4
104407 4
104408 4
104409 4
104410 4
104411 4
104412 4
104413 4
104414 4
104415 4
104416 4
104417 4
104418 4
104419 4
104420 4
104421 4
104422 4
104423 4
104424 4
104425 4
104426 4
104427 4
104428 4
104429 4
104430 4
104431 4
104432 4
104433 4
104434 4
104435 4
104436 4
104437 4
104438 4
104439 4
104440 4
104441 4
104442 4
104443 4
104444 4
104445 4
104446 4
104447 4
104448 4
104449 4
104450 4
104451 4
104452 4
104453 4
104454 4
104455 4
104456 4
104457 4
104458 4
104459 4
104460 4
104461 4
104462 4
104463 4
104464 4
104465 4
104466 4
104467 4
104468 4
104469 4
104470 4
104471 4
104472 4
104473 4
104474 4
104475 4
104476 4
104477 4
104478 4
104479 4
104480 4
104481 4
104482 4
104483 4
104484 4
104485 4
104486 4
104487 4
104488 4
104489 4
104490 4
104491 4
104492 4
104493 4
104494 4
104495 4
104496 4
104497 4
104498 4
104499 4
104500 4
104501 4
104502 4
104503 4
104504 4
104505 4
104506 4
104507 4
104508 4
104509 4
104510 4
104511 4
104512 4
104513 4
104514 4
104515 4
104516 4
104517 4
104518 4
104519 4
104520 4
104521 4
104522 4
104523 4
104524 4
104525 4
104526 4
104527 4
104528 4
104529 4
104530 4
104531 4
104532 4
104533 4
104534 4
104535 4
104536 4
104537 4
104538 4
104539 4
104540 4
104541 4
104542 4
104543 4
104544 4
104545 4
104546 4
104547 4
104548 4
104549 4
104550 4
104551 4
104552 4
104553 4
104554 4
104555 4
104556 4
104557 4
104558 4
104559 4
104560 4
104561 4
104562 4
104563 4
104564 4
104565 4
104566 4
104567 4
104568 4
104569 4
104570 4
104571 4
104572 4
104573 4
104574 4
104575 4
104576 4
104577 4
104578 4
104579 4
104580 4
104581 4
104582 4
104583 4
104584 4
104585 4
104586 4
104587 4
104588 4
104589 4
104590 4
104591 4
104592 4
104593 4
104594 4
104595 4
104596 4
104597 4
104598 4
104599 4
104600 4
104601 4
104602 4
104603 4
104604 4
104605 4
104606 4
104607 4
104608 4
104609 4
104610 4
104611 4
104612 4
104613 4
104614 4
104615 4
104616 4
104617 4
104618 4
104619 4
104620 4
104621 4
104622 4
104623 4
104624 4
104625 4
104626 4
104627 4
104628 4
104629 4
104630 4
104631 4
104632 4
104633 4
104634 4
104635 4
104636 4
104637 4
104638 4
104639 4
104640 3
104641 3
104642 3
104643 3
104644 3
104645 3
104646 3
104647 3
104648 3
104649 3
104650 3
104651 3
104652 3
104653 3
104654 3
104655 3
104656 3
104657 3
104658 3
104659 3
104660 3
104661 3
104662 3
104663 3
104664 3
104665 3
104666 3
104667 3
104668 3
104669 3
104670 3
104671 3
104672 3
104673 3
104674 3
104675 3
104676 3
104677 3
104678 3
104679 3
104680 3
104681 3
104682 3
104683 3
104684 3
104685 3
104686 3
104687 3
104688 3
104689 3
104690 3
104691 3
104692 3
104693 3
104694 3
104695 3
104696 3
104697 3
104698 3
104699 3
104700 3
104701 3
104702 3
104703 3
104704 3
104705 3
104706 3
104707 3
104708 3
104709 3
104710 3
104711 3
104712 3
104713 3
104714 3
104715 3
104716 3
104717 3
104718 3
104719 3
104720 3
104721 3
104722 3
104723 3
104724 3
104725 3
104726 3
104727 3
104728 3
104729 3
104730 3
104731 3
104732 3
104733 3
104734 3
104735 3
104736 3
104737 3
104738 3
104739 3
104740 3
104741 3
104742 3
104743 3
104744 3
104745 3
104746 3
104747 3
104748 3
104749 3
104750 3
104751 3
104752 3
104753 3
104754 3
104755 3
104756 3
104757 3
104758 3
104759 3
104760 3
104761 3
104762 3
104763 3
104764 3
104765 3
104766 3
104767 3
104768 3
104769 3
104770 3
104771 3
104772 3
104773 3
104774 3
104775 3
104776 3
104777 3
104778 3
104779 3
104780 3
104781 3
104782 3
104783 3
104784 3
104785 3
104786 3
104787 3
104788 3
104789 3
104790 3
104791 3
104792 3
104793 3
104794 3
104795 3
104796 3
104797 3
104798 3
104799 3
104800 3
104801 3
104802 3
104803 3
104804 3
104805 3
104806 3
104807 3
104808 3
104809 3
104810 3
104811 3
104812 3
104813 3
104814 3
104815 3
104816 3
104817 3
104818 3
104819 3
104820 3
104821 3
104822 3
104823 3
104824 3
104825 3
104826 3
104827 3
104828 3
104829 3
104830 3
104831 3
104832 4
104833 4
104834 4
104835 4
104836 4
104837 4
104838 4
104839 4
104840 4
104841 4
104842 4
104843 4
104844 4
104845 4
104846 4
104847 4
104848 4
104849 4
104850 4
104851 4
104852 4
104853 4
104854 4
104855 4
104856 4
104857 4
104858 4
104859 4
104860 4
104861 4
104862 4
104863 4
104864 4
104865 4
104866 4
104867 4
104868 4
104869 4
104870 4
104871 4
104872 4
104873 4
104874 4
104875 4
104876 4
104877 4
104878 4
104879 4
104880 4
104881 4
104882 4
104883 4
104884 4
104885 4
104886 4
104887 4
104888 4
104889 4
104890 4
104891 4
104892 4
104893 4
104894 4
104895 4
104896 4
104897 4
104898 4
104899 4
104900 4
104901 4
104902 4
104903 4
104904 4
104905 4
104906 4
104907 4
104908 4
104909 4
104910 4
104911 4
104912 4
104913 4
104914 4
104915 4
104916 4
104917 4
104918 4
104919 4
104920 4
104921 4
104922 4
104923 4
104924 4
104925 4
104926 4
104927 4
104928 4
104929 4
104930 4
104931 4
104932 4
104933 4
104934 4
104935 4
104936 4
104937 4
104938 4
104939 4
104940 4
104941 4
104942 4
104943 4
104944 4
104945 4
104946 4
104947 4
104948 4
104949 4
104950 4
104951 4
104952 4
104953 4
104954 4
104955 4
104956 4
104957 4
104958 4
104959 4
104960 4
104961 4
104962 4
104963 4
104964 4
104965 4
104966 4
104967 4
104968 4
104969 4
104970 4
104971 4
104972 4
104973 4
104974 4
104975 4
104976 4
104977 4
104978 4
104979 4
104980 4
104981 4
104982 4
104983 4
104984 4
104985 4
104986 4
104987 4
104988 4
104989 4
104990 4
104991 4
104992 4
104993 4
104994 4
104995 4
104996 4
104997 4
104998 4
104999 4
105000 4
105001 4
105002 4
105003 4
105004 4
105005 4
105006 4
105007 4
105008 4
105009 4
105010 4
105011 4
105012 4
105013 4
105014 4
105015 4
105016 4
105017 4
105018 4
105019 4
105020 4
105021 4
105022 4
105023 4
105024 4
105025 4
105026 4
105027 4
105028 4
105029 4
105030 4
105031 4
105032 4
105033 4
105034 4
105035 4
105036 4
105037 4
105038 4
105039 4
105040 4
105041 4
105042 4
105043 4
105044 4
105045 4
105046 4
105047 4
105048 4
105049 4
105050 4
105051 4
105052 4
105053 4
105054 4
105055 4
105056 4
105057 4
105058 4
105059 4
105060 4
105061 4
105062 4
105063 4
105064 4
105065 4
105066 4
105067 4
105068 4
105069 4
105070 4
105071 4
105072 4
105073 4
105074 4
105075 4
105076 4
105077 4
105078 4
105079 4
105080 4
105081 4
105082 4
105083 4
105084 4
105085 4
105086 4
105087 4
105088 4
105089 4
105090 4
105091 4
105092 4
105093 4
105094 4
105095 4
105096 4
105097 4
105098 4
105099 4
105100 4
105101 4
105102 4
105103 4
105104 4
105105 4
105106 4
105107 4
105108 4
105109 4
105110 4
105111 4
105112 4
105113 4
105114 4
105115 4
105116 4
105117 4
105118 4
105119 4
105120 4
105121 4
105122 4
105123 4
105124 4
105125 4
105126 4
105127 4
105128 4
105129 4
105130 4
105131 4
105132 4
105133 4
105134 4
105135 4
105136 4
105137 4
105138 4
105139 4
105140 4
105141 4
105142 4
105143 4
105144 4
105145 4
105146 4
105147 4
105148 4
105149 4
105150 4
105151 4
105152 4
105153 4
105154 4
105155 4
105156 4
105157 4
105158 4
105159 4
105160 4
105161 4
105162 4
105163 4
105164 4
105165 4
105166 4
105167 4
105168 4
105169 4
105170 4
105171 4
105172 4
105173 4
105174 4
105175 4
105176 4
105177 4
105178 4
105179 4
105180 4
105181 4
105182 4
105183 4
105184 4
105185 4
105186 4
105187 4
105188 4
105189 4
105190 4
105191 4
105192 4
105193 4
105194 4
105195 4
105196 4
105197 4
105198 4
105199 4
105200 4
105201 4
105202 4
105203 4
105204 4
105205 4
105206 4
105207 4
105208 4
105209 4
105210 4
105211 4
105212 4
105213 4
105214 4
105215 4
105216 4
105217 4
105218 4
105219 4
105220 4
105221 4
105222 4
105223 4
105224 4
105225 4
105226 4
105227 4
105228 4
105229 4
105230 4
105231 4
105232 4
105233 4
105234 4
105235 4
105236 4
105237 4
105238 4
105239 4
105240 4
105241 4
105242 4
105243 4
105244 4
105245 4
105246 4
105247 4
105248 4
105249 4
105250 4
105251 4
105252 4
105253 4
105254 4
105255 4
105256 4
105257 4
105258 4
105259 4
105260 4
105261 4
105262 4
105263 4
105264 4
105265 4
105266 4
105267 4
105268 4
105269 4
105270 4
105271 4
105272 4
105273 4
105274 4
105275 4
105276 4
105277 4
105278 4
105279 4
105280 4
105281 4
105282 4
105283 4
105284 4
105285 4
105286 4
105287 4
105288 4
105289 4
105290 4
105291 4
105292 4
105293 4
105294 4
105295 4
105296 4
105297 4
105298 4
105299 4
105300 4
105301 4
105302 4
105303 4
105304 4
105305 4
105306 4
105307 4
105308 4
105309 4
105310 4
105311 4
105312 4
105313 4
105314 4
105315 4
105316 4
105317 4
105318 4
105319 4
105320 4
105321 4
105322 4
105323 4
105324 4
105325 4
105326 4
105327 4
105328 4
105329 4
105330 4
105331 4
105332 4
105333 4
105334 4
105335 4
105336 4
105337 4
105338 4
105339 4
105340 4
105341 4
105342 4
105343 4
105344 4
105345 4
105346 4
105347 4
105348 4
105349 4
105350 4
105351 4
105352 4
105353 4
105354 4
105355 4
105356 4
105357 4
105358 4
105359 4
105360 4
105361 4
105362 4
105363 4
105364 4
105365 4
105366 4
105367 4
105368 4
105369 4
105370 4
105371 4
105372 4
105373 4
105374 4
105375 4
105376 4
105377 4
105378 4
105379 4
105380 4
105381 4
105382 4
105383 4
105384 4
105385 4
105386 4
105387 4
105388 4
105389 4
105390 4
105391 4
105392 4
105393 4
105394 4
105395 4
105396 4
105397 4
105398 4
105399 4
105400 4
105401 4
105402 4
105403 4
105404 4
105405 4
105406 4
105407 4
105408 4
105409 4
105410 4
105411 4
105412 4
105413 4
105414 4
105415 4
105416 4
105417 4
105418 4
105419 4
105420 4
105421 4
105422 4
105423 4
105424 4
105425 4
105426 4
105427 4
105428 4
105429 4
105430 4
105431 4
105432 4
105433 4
105434 4
105435 4
105436 4
105437 4
105438 4
105439 4
105440 4
105441 4
105442 4
105443 4
105444 4
105445 4
105446 4
105447 4
105448 4
105449 4
105450 4
105451 4
105452 4
105453 4
105454 4
105455 4
105456 4
105457 4
105458 4
105459 4
105460 4
105461 4
105462 4
105463 4
105464 4
105465 4
105466 4
105467 4
105468 4
105469 4
105470 4
105471 4
105472 4
105473 4
105474 4
105475 4
105476 4
105477 4
105478 4
105479 4
105480 4
105481 4
105482 4
105483 4
105484 4
105485 4
105486 4
105487 4
105488 4
105489 4
105490 4
105491 4
105492 4
105493 4
105494 4
105495 4
105496 4
105497 4
105498 4
105499 4
105500 4
105501 4
105502 4
105503 4
105504 4
105505 4
105506 4
105507 4
105508 4
105509 4
105510 4
105511 4
105512 4
105513 4
105514 4
105515 4
105516 4
105517 4
105518 4
105519 4
105520 4
105521 4
105522 4
105523 4
105524 4
105525 4
105526 4
105527 4
105528 4
105529 4
105530 4
105531 4
105532 4
105533 4
105534 4
105535 4
105536 4
105537 4
105538 4
105539 4
105540 4
105541 4
105542 4
105543 4
105544 4
105545 4
105546 4
105547 4
105548 4
105549 4
105550 4
105551 4
105552 4
105553 4
105554 4
105555 4
105556 4
105557 4
105558 4
105559 4
105560 4
105561 4
105562 4
105563 4
105564 4
105565 4
105566 4
105567 4
105568 4
105569 4
105570 4
105571 4
105572 4
105573 4
105574 4
105575 4
105576 4
105577 4
105578 4
105579 4
105580 4
105581 4
105582 4
105583 4
105584 4
105585 4
105586 4
105587 4
105588 4
105589 4
105590 4
105591 4
105592 4
105593 4
105594 4
105595 4
105596 4
105597 4
105598 4
105599 4
105600 5
105601 5
105602 5
105603 5
105604 5
105605 5
105606 5
105607 5
105608 5
105609 5
105610 5
105611 5
105612 5
105613 5
105614 5
105615 5
105616 5
105617 5
105618 5
105619 5
105620 5
105621 5
105622 5
105623 5
105624 5
105625 5
105626 5
105627 5
105628 5
105629 5
105630 5
105631 5
105632 5
105633 5
105634 5
105635 5
105636 5
105637 5
105638 5
105639 5
105640 5
105641 5
105642 5
105643 5
105644 5
105645 5
105646 5
105647 5
105648 5
105649 5
105650 5
105651 5
105652 5
105653 5
105654 5
105655 5
105656 5
105657 5
105658 5
105659 5
105660 5
105661 5
105662 5
105663 5
105664 5
105665 5
105666 5
105667 5
105668 5
105669 5
105670 5
105671 5
105672 5
105673 5
105674 5
105675 5
105676 5
105677 5
105678 5
105679 5
105680 5
105681 5
105682 5
105683 5
105684 5
105685 5
105686 5
105687 5
105688 5
105689 5
105690 5
105691 5
105692 5
105693 5
105694 5
105695 5
105696 5
105697 5
105698 5
105699 5
105700 5
105701 5
105702 5
105703 5
105704 5
105705 5
105706 5
105707 5
105708 5
105709 5
105710 5
105711 5
105712 5
105713 5
105714 5
105715 5
105716 5
105717 5
105718 5
105719 5
105720 5
105721 5
105722 5
105723 5
105724 5
105725 5
105726 5
105727 5
105728 5
105729 5
105730 5
105731 5
105732 5
105733 5
105734 5
105735 5
105736 5
105737 5
105738 5
105739 5
105740 5
105741 5
105742 5
105743 5
105744 5
105745 5
105746 5
105747 5
105748 5
105749 5
105750 5
105751 5
105752 5
105753 5
105754 5
105755 5
105756 5
105757 5
105758 5
105759 5
105760 5
105761 5
105762 5
105763 5
105764 5
105765 5
105766 5
105767 5
105768 5
105769 5
105770 5
105771 5
105772 5
105773 5
105774 5
105775 5
105776 5
105777 5
105778 5
105779 5
105780 5
105781 5
105782 5
105783 5
105784 5
105785 5
105786 5
105787 5
105788 5
105789 5
105790 5
105791 5
105792 5
105793 5
105794 5
105795 5
105796 5
105797 5
105798 5
105799 5
105800 5
105801 5
105802 5
105803 5
105804 5
105805 5
105806 5
105807 5
105808 5
105809 5
105810 5
105811 5
105812 5
105813 5
105814 5
105815 5
105816 5
105817 5
105818 5
105819 5
105820 5
105821 5
105822 5
105823 5
105824 5
105825 5
105826 5
105827 5
105828 5
105829 5
105830 5
105831 5
105832 5
105833 5
105834 5
105835 5
105836 5
105837 5
105838 5
105839 5
105840 5
105841 5
105842 5
105843 5
105844 5
105845 5
105846 5
105847 5
105848 5
105849 5
105850 5
105851 5
105852 5
105853 5
105854 5
105855 5
105856 5
105857 5
105858 5
105859 5
105860 5
105861 5
105862 5
105863 5
105864 5
105865 5
105866 5
105867 5
105868 5
105869 5
105870 5
105871 5
105872 5
105873 5
105874 5
105875 5
105876 5
105877 5
105878 5
105879 5
105880 5
105881 5
105882 5
105883 5
105884 5
105885 5
105886 5
105887 5
105888 5
105889 5
105890 5
105891 5
105892 5
105893 5
105894 5
105895 5
105896 5
105897 5
105898 5
105899 5
105900 5
105901 5
105902 5
105903 5
105904 5
105905 5
105906 5
105907 5
105908 5
105909 5
105910 5
105911 5
105912 5
105913 5
105914 5
105915 5
105916 5
105917 5
105918 5
105919 5
105920 5
105921 5
105922 5
105923 5
105924 5
105925 5
105926 5
105927 5
105928 5
105929 5
105930 5
105931 5
105932 5
105933 5
105934 5
105935 5
105936 5
105937 5
105938 5
105939 5
105940 5
105941 5
105942 5
105943 5
105944 5
105945 5
105946 5
105947 5
105948 5
105949 5
105950 5
105951 5
105952 5
105953 5
105954 5
105955 5
105956 5
105957 5
105958 5
105959 5
105960 5
105961 5
105962 5
105963 5
105964 5
105965 5
105966 5
105967 5
105968 5
105969 5
105970 5
105971 5
105972 5
105973 5
105974 5
105975 5
105976 5
105977 5
105978 5
105979 5
105980 5
105981 5
105982 5
105983 5
105984 5
105985 5
105986 5
105987 5
105988 5
105989 5
105990 5
105991 5
105992 5
105993 5
105994 5
105995 5
105996 5
105997 5
105998 5
105999 5
106000 5
106001 5
106002 5
106003 5
106004 5
106005 5
106006 5
106007 5
106008 5
106009 5
106010 5
106011 5
106012 5
106013 5
106014 5
106015 5
106016 5
106017 5
106018 5
106019 5
106020 5
106021 5
106022 5
106023 5
106024 5
106025 5
106026 5
106027 5
106028 5
106029 5
106030 5
106031 5
106032 5
106033 5
106034 5
106035 5
106036 5
106037 5
106038 5
106039 5
106040 5
106041 5
106042 5
106043 5
106044 5
106045 5
106046 5
106047 5
106048 5
106049 5
106050 5
106051 5
106052 5
106053 5
106054 5
106055 5
106056 5
106057 5
106058 5
106059 5
106060 5
106061 5
106062 5
106063 5
106064 5
106065 5
106066 5
106067 5
106068 5
106069 5
106070 5
106071 5
106072 5
106073 5
106074 5
106075 5
106076 5
106077 5
106078 5
106079 5
106080 5
106081 5
106082 5
106083 5
106084 5
106085 5
106086 5
106087 5
106088 5
106089 5
106090 5
106091 5
106092 5
106093 5
106094 5
106095 5
106096 5
106097 5
106098 5
106099 5
106100 5
106101 5
106102 5
106103 5
106104 5
106105 5
106106 5
106107 5
106108 5
106109 5
106110 5
106111 5
106112 5
106113 5
106114 5
106115 5
106116 5
106117 5
106118 5
106119 5
106120 5
106121 5
106122 5
106123 5
106124 5
106125 5
106126 5
106127 5
106128 5
106129 5
106130 5
106131 5
106132 5
106133 5
106134 5
106135 5
106136 5
106137 5
106138 5
106139 5
106140 5
106141 5
106142 5
106143 5
106144 5
106145 5
106146 5
106147 5
106148 5
106149 5
106150 5
106151 5
106152 5
106153 5
106154 5
106155 5
106156 5
106157 5
106158 5
106159 5
106160 5
106161 5
106162 5
106163 5
106164 5
106165 5
106166 5
106167 5
106168 5
106169 5
106170 5
106171 5
106172 5
106173 5
106174 5
106175 5
106176 5
106177 5
106178 5
106179 5
106180 5
106181 5
106182 5
106183 5
106184 5
106185 5
106186 5
106187 5
106188 5
106189 5
106190 5
106191 5
106192 5
106193 5
106194 5
106195 5
106196 5
106197 5
106198 5
106199 5
106200 5
106201 5
106202 5
106203 5
106204 5
106205 5
106206 5
106207 5
106208 5
106209 5
106210 5
106211 5
106212 5
106213 5
106214 5
106215 5
106216 5
106217 5
106218 5
106219 5
106220 5
106221 5
106222 5
106223 5
106224 5
106225 5
106226 5
106227 5
106228 5
106229 5
106230 5
106231 5
106232 5
106233 5
106234 5
106235 5
106236 5
106237 5
106238 5
106239 5
106240 5
106241 5
106242 5
106243 5
106244 5
106245 5
106246 5
106247 5
106248 5
106249 5
106250 5
106251 5
106252 5
106253 5
106254 5
106255 5
106256 5
106257 5
106258 5
106259 5
106260 5
106261 5
106262 5
106263 5
106264 5
106265 5
106266 5
106267 5
106268 5
106269 5
106270 5
106271 5
106272 5
106273 5
106274 5
106275 5
106276 5
106277 5
106278 5
106279 5
106280 5
106281 5
106282 5
106283 5
106284 5
106285 5
106286 5
106287 5
106288 5
106289 5
106290 5
106291 5
106292 5
106293 5
106294 5
106295 5
106296 5
106297 5
106298 5
106299 5
106300 5
106301 5
106302 5
106303 5
106304 5
106305 5
106306 5
106307 5
106308 5
106309 5
106310 5
106311 5
106312 5
106313 5
106314 5
106315 5
106316 5
106317 5
106318 5
106319 5
106320 5
106321 5
106322 5
106323 5
106324 5
106325 5
106326 5
106327 5
106328 5
106329 5
106330 5
106331 5
106332 5
106333 5
106334 5
106335 5
106336 5
106337 5
106338 5
106339 5
106340 5
106341 5
106342 5
106343 5
106344 5
106345 5
106346 5
106347 5
106348 5
106349 5
106350 5
106351 5
106352 5
106353 5
106354 5
106355 5
106356 5
106357 5
106358 5
106359 5
106360 5
106361 5
106362 5
106363 5
106364 5
106365 5
106366 5
106367 5
106368 6
106369 6
106370 6
106371 6
106372 6
106373 6
106374 6
106375 6
106376 6
106377 6
106378 6
106379 6
106380 6
106381 6
106382 6
106383 6
106384 6
106385 6
106386 6
106387 6
106388 6
106389 6
106390 6
106391 6
106392 6
106393 6
106394 6
106395 6
106396 6
106397 6
106398 6
106399 6
106400 6
106401 6
106402 6
106403 6
106404 6
106405 6
106406 6
106407 6
106408 6
106409 6
106410 6
106411 6
106412 6
106413 6
106414 6
106415 6
106416 6
106417 6
106418 6
106419 6
106420 6
106421 6
106422 6
106423 6
106424 6
106425 6
106426 6
106427 6
106428 6
106429 6
106430 6
106431 6
106432 6
106433 6
106434 6
106435 6
106436 6
106437 6
106438 6
106439 6
106440 6
106441 6
106442 6
106443 6
106444 6
106445 6
106446 6
106447 6
106448 6
106449 6
106450 6
106451 6
106452 6
106453 6
106454 6
106455 6
106456 6
106457 6
106458 6
106459 6
106460 6
106461 6
106462 6
106463 6
106464 6
106465 6
106466 6
106467 6
106468 6
106469 6
106470 6
106471 6
106472 6
106473 6
106474 6
106475 6
106476 6
106477 6
106478 6
106479 6
106480 6
106481 6
106482 6
106483 6
106484 6
106485 6
106486 6
106487 6
106488 6
106489 6
106490 6
106491 6
106492 6
106493 6
106494 6
106495 6
106496 6
106497 6
106498 6
106499 6
106500 6
106501 6
106502 6
106503 6
106504 6
106505 6
106506 6
106507 6
106508 6
106509 6
106510 6
106511 6
106512 6
106513 6
106514 6
106515 6
106516 6
106517 6
106518 6
106519 6
106520 6
106521 6
106522 6
106523 6
106524 6
106525 6
106526 6
106527 6
106528 6
106529 6
106530 6
106531 6
106532 6
106533 6
106534 6
106535 6
106536 6
106537 6
106538 6
106539 6
106540 6
106541 6
106542 6
106543 6
106544 6
106545 6
106546 6
106547 6
106548 6
106549 6
106550 6
106551 6
106552 6
106553 6
106554 6
106555 6
106556 6
106557 6
106558 6
106559 6
106560 5
106561 5
106562 5
106563 5
106564 5
106565 5
106566 5
106567 5
106568 5
106569 5
106570 5
106571 5
106572 5
106573 5
106574 5
106575 5
106576 5
106577 5
106578 5
106579 5
106580 5
106581 5
106582 5
106583 5
106584 5
106585 5
106586 5
106587 5
106588 5
106589 5
106590 5
106591 5
106592 5
106593 5
106594 5
106595 5
106596 5
106597 5
106598 5
106599 5
106600 5
106601 5
106602 5
106603 5
106604 5
106605 5
106606 5
106607 5
106608 5
106609 5
106610 5
106611 5
106612 5
106613 5
106614 5
106615 5
106616 5
106617 5
106618 5
106619 5
106620 5
106621 5
106622 5
106623 5
106624 5
106625 5
106626 5
106627 5
106628 5
106629 5
106630 5
106631 5
106632 5
106633 5
106634 5
106635 5
106636 5
106637 5
106638 5
106639 5
106640 5
106641 5
106642 5
106643 5
106644 5
106645 5
106646 5
106647 5
106648 5
106649 5
106650 5
106651 5
106652 5
106653 5
106654 5
106655 5
106656 5
106657 5
106658 5
106659 5
106660 5
106661 5
106662 5
106663 5
106664 5
106665 5
106666 5
106667 5
106668 5
106669 5
106670 5
106671 5
106672 5
106673 5
106674 5
106675 5
106676 5
106677 5
106678 5
106679 5
106680 5
106681 5
106682 5
106683 5
106684 5
106685 5
106686 5
106687 5
106688 5
106689 5
106690 5
106691 5
106692 5
106693 5
106694 5
106695 5
106696 5
106697 5
106698 5
106699 5
106700 5
106701 5
106702 5
106703 5
106704 5
106705 5
106706 5
106707 5
106708 5
106709 5
106710 5
106711 5
106712 5
106713 5
106714 5
106715 5
106716 5
106717 5
106718 5
106719 5
106720 5
106721 5
106722 5
106723 5
106724 5
106725 5
106726 5
106727 5
106728 5
106729 5
106730 5
106731 5
106732 5
106733 5
106734 5
106735 5
106736 5
106737 5
106738 5
106739 5
106740 5
106741 5
106742 5
106743 5
106744 5
106745 5
106746 5
106747 5
106748 5
106749 5
106750 5
106751 5
106752 6
106753 6
106754 6
106755 6
106756 6
106757 6
106758 6
106759 6
106760 6
106761 6
106762 6
106763 6
106764 6
106765 6
106766 6
106767 6
106768 6
106769 6
106770 6
106771 6
106772 6
106773 6
106774 6
106775 6
106776 6
106777 6
106778 6
106779 6
106780 6
106781 6
106782 6
106783 6
106784 6
106785 6
106786 6
106787 6
106788 6
106789 6
106790 6
106791 6
106792 6
106793 6
106794 6
106795 6
106796 6
106797 6
106798 6
106799 6
106800 6
106801 6
106802 6
106803 6
106804 6
106805 6
106806 6
106807 6
106808 6
106809 6
106810 6
106811 6
106812 6
106813 6
106814 6
106815 6
106816 6
106817 6
106818 6
106819 6
106820 6
106821 6
106822 6
106823 6
106824 6
106825 6
106826 6
106827 6
106828 6
106829 6
106830 6
106831 6
106832 6
106833 6
106834 6
106835 6
106836 6
106837 6
106838 6
106839 6
106840 6
106841 6
106842 6
106843 6
106844 6
106845 6
106846 6
106847 6
106848 6
106849 6
106850 6
106851 6
106852 6
106853 6
106854 6
106855 6
106856 6
106857 6
106858 6
106859 6
106860 6
106861 6
106862 6
106863 6
106864 6
106865 6
106866 6
106867 6
106868 6
106869 6
106870 6
106871 6
106872 6
106873 6
106874 6
106875 6
106876 6
106877 6
106878 6
106879 6
106880 6
106881 6
106882 6
106883 6
106884 6
106885 6
106886 6
106887 6
106888 6
106889 6
106890 6
106891 6
106892 6
106893 6
106894 6
106895 6
106896 6
106897 6
106898 6
106899 6
106900 6
106901 6
106902 6
106903 6
106904 6
106905 6
106906 6
106907 6
106908 6
106909 6
106910 6
106911 6
106912 6
106913 6
106914 6
106915 6
106916 6
106917 6
106918 6
106919 6
106920 6
106921 6
106922 6
106923 6
106924 6
106925 6
106926 6
106927 6
106928 6
106929 6
106930 6
106931 6
106932 6
106933 6
106934 6
106935 6
106936 6
106937 6
106938 6
106939 6
106940 6
106941 6
106942 6
106943 6
106944 6
106945 6
106946 6
106947 6
106948 6
106949 6
106950 6
106951 6
106952 6
106953 6
106954 6
106955 6
106956 6
106957 6
106958 6
106959 6
106960 6
106961 6
106962 6
106963 6
106964 6
106965 6
106966 6
106967 6
106968 6
106969 6
106970 6
106971 6
106972 6
106973 6
106974 6
106975 6
106976 6
106977 6
106978 6
106979 6
106980 6
106981 6
106982 6
106983 6
106984 6
106985 6
106986 6
106987 6
106988 6
106989 6
106990 6
106991 6
106992 6
106993 6
106994 6
106995 6
106996 6
106997 6
106998 6
106999 6
107000 6
107001 6
107002 6
107003 6
107004 6
107005 6
107006 6
107007 6
107008 6
107009 6
107010 6
107011 6
107012 6
107013 6
107014 6
107015 6
107016 6
107017 6
107018 6
107019 6
107020 6
107021 6
107022 6
107023 6
107024 6
107025 6
107026 6
107027 6
107028 6
107029 6
107030 6
107031 6
107032 6
107033 6
107034 6
107035 6
107036 6
107037 6
107038 6
107039 6
107040 6
107041 6
107042 6
107043 6
107044 6
107045 6
107046 6
107047 6
107048 6
107049 6
107050 6
107051 6
107052 6
107053 6
107054 6
107055 6
107056 6
107057 6
107058 6
107059 6
107060 6
107061 6
107062 6
107063 6
107064 6
107065 6
107066 6
107067 6
107068 6
107069 6
107070 6
107071 6
107072 6
107073 6
107074 6
107075 6
107076 6
107077 6
107078 6
107079 6
107080 6
107081 6
107082 6
107083 6
107084 6
107085 6
107086 6
107087 6
107088 6
107089 6
107090 6
107091 6
107092 6
107093 6
107094 6
107095 6
107096 6
107097 6
107098 6
107099 6
107100 6
107101 6
107102 6
107103 6
107104 6
107105 6
107106 6
107107 6
107108 6
107109 6
107110 6
107111 6
107112 6
107113 6
107114 6
107115 6
107116 6
107117 6
107118 6
107119 6
107120 6
107121 6
107122 6
107123 6
107124 6
107125 6
107126 6
107127 6
107128 6
107129 6
107130 6
107131 6
107132 6
107133 6
107134 6
107135 6
107136 8
107137 8
107138 8
107139 8
107140 8
107141 8
107142 8
107143 8
107144 8
107145 8
107146 8
107147 8
107148 8
107149 8
107150 8
107151 8
107152 8
107153 8
107154 8
107155 8
107156 8
107157 8
107158 8
107159 8
107160 8
107161 8
107162 8
107163 8
107164 8
107165 8
107166 8
107167 8
107168 8
107169 8
107170 8
107171 8
107172 8
107173 8
107174 8
107175 8
107176 8
107177 8
107178 8
107179 8
107180 8
107181 8
107182 8
107183 8
107184 8
107185 8
107186 8
107187 8
107188 8
107189 8
107190 8
107191 8
107192 8
107193 8
107194 8
107195 8
107196 8
107197 8
107198 8
107199 8
107200 8
107201 8
107202 8
107203 8
107204 8
107205 8
107206 8
107207 8
107208 8
107209 8
107210 8
107211 8
107212 8
107213 8
107214 8
107215 8
107216 8
107217 8
107218 8
107219 8
107220 8
107221 8
107222 8
107223 8
107224 8
107225 8
107226 8
107227 8
107228 8
107229 8
107230 8
107231 8
107232 8
107233 8
107234 8
107235 8
107236 8
107237 8
107238 8
107239 8
107240 8
107241 8
107242 8
107243 8
107244 8
107245 8
107246 8
107247 8
107248 8
107249 8
107250 8
107251 8
107252 8
107253 8
107254 8
107255 8
107256 8
107257 8
107258 8
107259 8
107260 8
107261 8
107262 8
107263 8
107264 8
107265 8
107266 8
107267 8
107268 8
107269 8
107270 8
107271 8
107272 8
107273 8
107274 8
107275 8
107276 8
107277 8
107278 8
107279 8
107280 8
107281 8
107282 8
107283 8
107284 8
107285 8
107286 8
107287 8
107288 8
107289 8
107290 8
107291 8
107292 8
107293 8
107294 8
107295 8
107296 8
107297 8
107298 8
107299 8
107300 8
107301 8
107302 8
107303 8
107304 8
107305 8
107306 8
107307 8
107308 8
107309 8
107310 8
107311 8
107312 8
107313 8
107314 8
107315 8
107316 8
107317 8
107318 8
107319 8
107320 8
107321 8
107322 8
107323 8
107324 8
107325 8
107326 8
107327 8
107328 8
107329 8
107330 8
107331 8
107332 8
107333 8
107334 8
107335 8
107336 8
107337 8
107338 8
107339 8
107340 8
107341 8
107342 8
107343 8
107344 8
107345 8
107346 8
107347 8
107348 8
107349 8
107350 8
107351 8
107352 8
107353 8
107354 8
107355 8
107356 8
107357 8
107358 8
107359 8
107360 8
107361 8
107362 8
107363 8
107364 8
107365 8
107366 8
107367 8
107368 8
107369 8
107370 8
107371 8
107372 8
107373 8
107374 8
107375 8
107376 8
107377 8
107378 8
107379 8
107380 8
107381 8
107382 8
107383 8
107384 8
107385 8
107386 8
107387 8
107388 8
107389 8
107390 8
107391 8
107392 8
107393 8
107394 8
107395 8
107396 8
107397 8
107398 8
107399 8
107400 8
107401 8
107402 8
107403 8
107404 8
107405 8
107406 8
107407 8
107408 8
107409 8
107410 8
107411 8
107412 8
107413 8
107414 8
107415 8
107416 8
107417 8
107418 8
107419 8
107420 8
107421 8
107422 8
107423 8
107424 8
107425 8
107426 8
107427 8
107428 8
107429 8
107430 8
107431 8
107432 8
107433 8
107434 8
107435 8
107436 8
107437 8
107438 8
107439 8
107440 8
107441 8
107442 8
107443 8
107444 8
107445 8
107446 8
107447 8
107448 8
107449 8
107450 8
107451 8
107452 8
107453 8
107454 8
107455 8
107456 8
107457 8
107458 8
107459 8
107460 8
107461 8
107462 8
107463 8
107464 8
107465 8
107466 8
107467 8
107468 8
107469 8
107470 8
107471 8
107472 8
107473 8
107474 8
107475 8
107476 8
107477 8
107478 8
107479 8
107480 8
107481 8
107482 8
107483 8
107484 8
107485 8
107486 8
107487 8
107488 8
107489 8
107490 8
107491 8
107492 8
107493 8
107494 8
107495 8
107496 8
107497 8
107498 8
107499 8
107500 8
107501 8
107502 8
107503 8
107504 8
107505 8
107506 8
107507 8
107508 8
107509 8
107510 8
107511 8
107512 8
107513 8
107514 8
107515 8
107516 8
107517 8
107518 8
107519 8
107520 4
107521 4
107522 4
107523 4
107524 4
107525 4
107526 4
107527 4
107528 4
107529 4
107530 4
107531 4
107532 4
107533 4
107534 4
107535 4
107536 4
107537 4
107538 4
107539 4
107540 4
107541 4
107542 4
107543 4
107544 4
107545 4
107546 4
107547 4
107548 4
107549 4
107550 4
107551 4
107552 4
107553 4
107554 4
107555 4
107556 4
107557 4
107558 4
107559 4
107560 4
107561 4
107562 4
107563 4
107564 4
107565 4
107566 4
107567 4
107568 4
107569 4
107570 4
107571 4
107572 4
107573 4
107574 4
107575 4
107576 4
107577 4
107578 4
107579 4
107580 4
107581 4
107582 4
107583 4
107584 4
107585 4
107586 4
107587 4
107588 4
107589 4
107590 4
107591 4
107592 4
107593 4
107594 4
107595 4
107596 4
107597 4
107598 4
107599 4
107600 4
107601 4
107602 4
107603 4
107604 4
107605 4
107606 4
107607 4
107608 4
107609 4
107610 4
107611 4
107612 4
107613 4
107614 4
107615 4
107616 4
107617 4
107618 4
107619 4
107620 4
107621 4
107622 4
107623 4
107624 4
107625 4
107626 4
107627 4
107628 4
107629 4
107630 4
107631 4
107632 4
107633 4
107634 4
107635 4
107636 4
107637 4
107638 4
107639 4
107640 4
107641 4
107642 4
107643 4
107644 4
107645 4
107646 4
107647 4
107648 4
107649 4
107650 4
107651 4
107652 4
107653 4
107654 4
107655 4
107656 4
107657 4
107658 4
107659 4
107660 4
107661 4
107662 4
107663 4
107664 4
107665 4
107666 4
107667 4
107668 4
107669 4
107670 4
107671 4
107672 4
107673 4
107674 4
107675 4
107676 4
107677 4
107678 4
107679 4
107680 4
107681 4
107682 4
107683 4
107684 4
107685 4
107686 4
107687 4
107688 4
107689 4
107690 4
107691 4
107692 4
107693 4
107694 4
107695 4
107696 4
107697 4
107698 4
107699 4
107700 4
107701 4
107702 4
107703 4
107704 4
107705 4
107706 4
107707 4
107708 4
107709 4
107710 4
107711 4
107712 4
107713 4
107714 4
107715 4
107716 4
107717 4
107718 4
107719 4
107720 4
107721 4
107722 4
107723 4
107724 4
107725 4
107726 4
107727 4
107728 4
107729 4
107730 4
107731 4
107732 4
107733 4
107734 4
107735 4
107736 4
107737 4
107738 4
107739 4
107740 4
107741 4
107742 4
107743 4
107744 4
107745 4
107746 4
107747 4
107748 4
107749 4
107750 4
107751 4
107752 4
107753 4
107754 4
107755 4
107756 4
107757 4
107758 4
107759 4
107760 4
107761 4
107762 4
107763 4
107764 4
107765 4
107766 4
107767 4
107768 4
107769 4
107770 4
107771 4
107772 4
107773 4
107774 4
107775 4
107776 4
107777 4
107778 4
107779 4
107780 4
107781 4
107782 4
107783 4
107784 4
107785 4
107786 4
107787 4
107788 4
107789 4
107790 4
107791 4
107792 4
107793 4
107794 4
107795 4
107796 4
107797 4
107798 4
107799 4
107800 4
107801 4
107802 4
107803 4
107804 4
107805 4
107806 4
107807 4
107808 4
107809 4
107810 4
107811 4
107812 4
107813 4
107814 4
107815 4
107816 4
107817 4
107818 4
107819 4
107820 4
107821 4
107822 4
107823 4
107824 4
107825 4
107826 4
107827 4
107828 4
107829 4
107830 4
107831 4
107832 4
107833 4
107834 4
107835 4
107836 4
107837 4
107838 4
107839 4
107840 4
107841 4
107842 4
107843 4
107844 4
107845 4
107846 4
107847 4
107848 4
107849 4
107850 4
107851 4
107852 4
107853 4
107854 4
107855 4
107856 4
107857 4
107858 4
107859 4
107860 4
107861 4
107862 4
107863 4
107864 4
107865 4
107866 4
107867 4
107868 4
107869 4
107870 4
107871 4
107872 4
107873 4
107874 4
107875 4
107876 4
107877 4
107878 4
107879 4
107880 4
107881 4
107882 4
107883 4
107884 4
107885 4
107886 4
107887 4
107888 4
107889 4
107890 4
107891 4
107892 4
107893 4
107894 4
107895 4
107896 4
107897 4
107898 4
107899 4
107900 4
107901 4
107902 4
107903 4
107904 4
107905 4
107906 4
107907 4
107908 4
107909 4
107910 4
107911 4
107912 4
107913 4
107914 4
107915 4
107916 4
107917 4
107918 4
107919 4
107920 4
107921 4
107922 4
107923 4
107924 4
107925 4
107926 4
107927 4
107928 4
107929 4
107930 4
107931 4
107932 4
107933 4
107934 4
107935 4
107936 4
107937 4
107938 4
107939 4
107940 4
107941 4
107942 4
107943 4
107944 4
107945 4
107946 4
107947 4
107948 4
107949 4
107950 4
107951 4
107952 4
107953 4
107954 4
107955 4
107956 4
107957 4
107958 4
107959 4
107960 4
107961 4
107962 4
107963 4
107964 4
107965 4
107966 4
107967 4
107968 4
107969 4
107970 4
107971 4
107972 4
107973 4
107974 4
107975 4
107976 4
107977 4
107978 4
107979 4
107980 4
107981 4
107982 4
107983 4
107984 4
107985 4
107986 4
107987 4
107988 4
107989 4
107990 4
107991 4
107992 4
107993 4
107994 4
107995 4
107996 4
107997 4
107998 4
107999 4
108000 4
108001 4
108002 4
108003 4
108004 4
108005 4
108006 4
108007 4
108008 4
108009 4
108010 4
108011 4
108012 4
108013 4
108014 4
108015 4
108016 4
108017 4
108018 4
108019 4
108020 4
108021 4
108022 4
108023 4
108024 4
108025 4
108026 4
108027 4
108028 4
108029 4
108030 4
108031 4
108032 4
108033 4
108034 4
108035 4
108036 4
108037 4
108038 4
108039 4
108040 4
108041 4
108042 4
108043 4
108044 4
108045 4
108046 4
108047 4
108048 4
108049 4
108050 4
108051 4
108052 4
108053 4
108054 4
108055 4
108056 4
108057 4
108058 4
108059 4
108060 4
108061 4
108062 4
108063 4
108064 4
108065 4
108066 4
108067 4
108068 4
108069 4
108070 4
108071 4
108072 4
108073 4
108074 4
108075 4
108076 4
108077 4
108078 4
108079 4
108080 4
108081 4
108082 4
108083 4
108084 4
108085 4
108086 4
108087 4
108088 4
108089 4
108090 4
108091 4
108092 4
108093 4
108094 4
108095 4
108096 4
108097 4
108098 4
108099 4
108100 4
108101 4
108102 4
108103 4
108104 4
108105 4
108106 4
108107 4
108108 4
108109 4
108110 4
108111 4
108112 4
108113 4
108114 4
108115 4
108116 4
108117 4
108118 4
108119 4
108120 4
108121 4
108122 4
108123 4
108124 4
108125 4
108126 4
108127 4
108128 4
108129 4
108130 4
108131 4
108132 4
108133 4
108134 4
108135 4
108136 4
108137 4
108138 4
108139 4
108140 4
108141 4
108142 4
108143 4
108144 4
108145 4
108146 4
108147 4
108148 4
108149 4
108150 4
108151 4
108152 4
108153 4
108154 4
108155 4
108156 4
108157 4
108158 4
108159 4
108160 4
108161 4
108162 4
108163 4
108164 4
108165 4
108166 4
108167 4
108168 4
108169 4
108170 4
108171 4
108172 4
108173 4
108174 4
108175 4
108176 4
108177 4
108178 4
108179 4
108180 4
108181 4
108182 4
108183 4
108184 4
108185 4
108186 4
108187 4
108188 4
108189 4
108190 4
108191 4
108192 4
108193 4
108194 4
108195 4
108196 4
108197 4
108198 4
108199 4
108200 4
108201 4
108202 4
108203 4
108204 4
108205 4
108206 4
108207 4
108208 4
108209 4
108210 4
108211 4
108212 4
108213 4
108214 4
108215 4
108216 4
108217 4
108218 4
108219 4
108220 4
108221 4
108222 4
108223 4
108224 4
108225 4
108226 4
108227 4
108228 4
108229 4
108230 4
108231 4
108232 4
108233 4
108234 4
108235 4
108236 4
108237 4
108238 4
108239 4
108240 4
108241 4
108242 4
108243 4
108244 4
108245 4
108246 4
108247 4
108248 4
108249 4
108250 4
108251 4
108252 4
108253 4
108254 4
108255 4
108256 4
108257 4
108258 4
108259 4
108260 4
108261 4
108262 4
108263 4
108264 4
108265 4
108266 4
108267 4
108268 4
108269 4
108270 4
108271 4
108272 4
108273 4
108274 4
108275 4
108276 4
108277 4
108278 4
108279 4
108280 4
108281 4
108282 4
108283 4
108284 4
108285 4
108286 4
108287 4
108288 4
108289 4
108290 4
108291 4
108292 4
108293 4
108294 4
108295 4
108296 4
108297 4
108298 4
108299 4
108300 4
108301 4
108302 4
108303 4
108304 4
108305 4
108306 4
108307 4
108308 4
108309 4
108310 4
108311 4
108312 4
108313 4
108314 4
108315 4
108316 4
108317 4
108318 4
108319 4
108320 4
108321 4
108322 4
108323 4
108324 4
108325 4
108326 4
108327 4
108328 4
108329 4
108330 4
108331 4
108332 4
108333 4
108334 4
108335 4
108336 4
108337 4
108338 4
108339 4
108340 4
108341 4
108342 4
108343 4
108344 4
108345 4
108346 4
108347 4
108348 4
108349 4
108350 4
108351 4
108352 4
108353 4
108354 4
108355 4
108356 4
108357 4
108358 4
108359 4
108360 4
108361 4
108362 4
108363 4
108364 4
108365 4
108366 4
108367 4
108368 4
108369 4
108370 4
108371 4
108372 4
108373 4
108374 4
108375 4
108376 4
108377 4
108378 4
108379 4
108380 4
108381 4
108382 4
108383 4
108384 4
108385 4
108386 4
108387 4
108388 4
108389 4
108390 4
108391 4
108392 4
108393 4
108394 4
108395 4
108396 4
108397 4
108398 4
108399 4
108400 4
108401 4
108402 4
108403 4
108404 4
108405 4
108406 4
108407 4
108408 4
108409 4
108410 4
108411 4
108412 4
108413 4
108414 4
108415 4
108416 4
108417 4
108418 4
108419 4
108420 4
108421 4
108422 4
108423 4
108424 4
108425 4
108426 4
108427 4
108428 4
108429 4
108430 4
108431 4
108432 4
108433 4
108434 4
108435 4
108436 4
108437 4
108438 4
108439 4
108440 4
108441 4
108442 4
108443 4
108444 4
108445 4
108446 4
108447 4
108448 4
108449 4
108450 4
108451 4
108452 4
108453 4
108454 4
108455 4
108456 4
108457 4
108458 4
108459 4
108460 4
108461 4
108462 4
108463 4
108464 4
108465 4
108466 4
108467 4
108468 4
108469 4
108470 4
108471 4
108472 4
108473 4
108474 4
108475 4
108476 4
108477 4
108478 4
108479 4
108480 4
108481 4
108482 4
108483 4
108484 4
108485 4
108486 4
108487 4
108488 4
108489 4
108490 4
108491 4
108492 4
108493 4
108494 4
108495 4
108496 4
108497 4
108498 4
108499 4
108500 4
108501 4
108502 4
108503 4
108504 4
108505 4
108506 4
108507 4
108508 4
108509 4
108510 4
108511 4
108512 4
108513 4
108514 4
108515 4
108516 4
108517 4
108518 4
108519 4
108520 4
108521 4
108522 4
108523 4
108524 4
108525 4
108526 4
108527 4
108528 4
108529 4
108530 4
108531 4
108532 4
108533 4
108534 4
108535 4
108536 4
108537 4
108538 4
108539 4
108540 4
108541 4
108542 4
108543 4
108544 4
108545 4
108546 4
108547 4
108548 4
108549 4
108550 4
108551 4
108552 4
108553 4
108554 4
108555 4
108556 4
108557 4
108558 4
108559 4
108560 4
108561 4
108562 4
108563 4
108564 4
108565 4
108566 4
108567 4
108568 4
108569 4
108570 4
108571 4
108572 4
108573 4
108574 4
108575 4
108576 4
108577 4
108578 4
108579 4
108580 4
108581 4
108582 4
108583 4
108584 4
108585 4
108586 4
108587 4
108588 4
108589 4
108590 4
108591 4
108592 4
108593 4
108594 4
108595 4
108596 4
108597 4
108598 4
108599 4
108600 4
108601 4
108602 4
108603 4
108604 4
108605 4
108606 4
108607 4
108608 4
108609 4
108610 4
108611 4
108612 4
108613 4
108614 4
108615 4
108616 4
108617 4
108618 4
108619 4
108620 4
108621 4
108622 4
108623 4
108624 4
108625 4
108626 4
108627 4
108628 4
108629 4
108630 4
108631 4
108632 4
108633 4
108634 4
108635 4
108636 4
108637 4
108638 4
108639 4
108640 4
108641 4
108642 4
108643 4
108644 4
108645 4
108646 4
108647 4
108648 4
108649 4
108650 4
108651 4
108652 4
108653 4
108654 4
108655 4
108656 4
108657 4
108658 4
108659 4
108660 4
108661 4
108662 4
108663 4
108664 4
108665 4
108666 4
108667 4
108668 4
108669 4
108670 4
108671 4
108672 4
108673 4
108674 4
108675 4
108676 4
108677 4
108678 4
108679 4
108680 4
108681 4
108682 4
108683 4
108684 4
108685 4
108686 4
108687 4
108688 4
108689 4
108690 4
108691 4
108692 4
108693 4
108694 4
108695 4
108696 4
108697 4
108698 4
108699 4
108700 4
108701 4
108702 4
108703 4
108704 4
108705 4
108706 4
108707 4
108708 4
108709 4
108710 4
108711 4
108712 4
108713 4
108714 4
108715 4
108716 4
108717 4
108718 4
108719 4
108720 4
108721 4
108722 4
108723 4
108724 4
108725 4
108726 4
108727 4
108728 4
108729 4
108730 4
108731 4
108732 4
108733 4
108734 4
108735 4
108736 4
108737 4
108738 4
108739 4
108740 4
108741 4
108742 4
108743 4
108744 4
108745 4
108746 4
108747 4
108748 4
108749 4
108750 4
108751 4
108752 4
108753 4
108754 4
108755 4
108756 4
108757 4
108758 4
108759 4
108760 4
108761 4
108762 4
108763 4
108764 4
108765 4
108766 4
108767 4
108768 4
108769 4
108770 4
108771 4
108772 4
108773 4
108774 4
108775 4
108776 4
108777 4
108778 4
108779 4
108780 4
108781 4
108782 4
108783 4
108784 4
108785 4
108786 4
108787 4
108788 4
108789 4
108790 4
108791 4
108792 4
108793 4
108794 4
108795 4
108796 4
108797 4
108798 4
108799 4
108800 4
108801 4
108802 4
108803 4
108804 4
108805 4
108806 4
108807 4
108808 4
108809 4
108810 4
108811 4
108812 4
108813 4
108814 4
108815 4
108816 4
108817 4
108818 4
108819 4
108820 4
108821 4
108822 4
108823 4
108824 4
108825 4
108826 4
108827 4
108828 4
108829 4
108830 4
108831 4
108832 4
108833 4
108834 4
108835 4
108836 4
108837 4
108838 4
108839 4
108840 4
108841 4
108842 4
108843 4
108844 4
108845 4
108846 4
108847 4
108848 4
108849 4
108850 4
108851 4
108852 4
108853 4
108854 4
108855 4
108856 4
108857 4
108858 4
108859 4
108860 4
108861 4
108862 4
108863 4
108864 4
108865 4
108866 4
108867 4
108868 4
108869 4
108870 4
108871 4
108872 4
108873 4
108874 4
108875 4
108876 4
108877 4
108878 4
108879 4
108880 4
108881 4
108882 4
108883 4
108884 4
108885 4
108886 4
108887 4
108888 4
108889 4
108890 4
108891 4
108892 4
108893 4
108894 4
108895 4
108896 4
108897 4
108898 4
108899 4
108900 4
108901 4
108902 4
108903 4
108904 4
108905 4
108906 4
108907 4
108908 4
108909 4
108910 4
108911 4
108912 4
108913 4
108914 4
108915 4
108916 4
108917 4
108918 4
108919 4
108920 4
108921 4
108922 4
108923 4
108924 4
108925 4
108926 4
108927 4
108928 4
108929 4
108930 4
108931 4
108932 4
108933 4
108934 4
108935 4
108936 4
108937 4
108938 4
108939 4
108940 4
108941 4
108942 4
108943 4
108944 4
108945 4
108946 4
108947 4
108948 4
108949 4
108950 4
108951 4
108952 4
108953 4
108954 4
108955 4
108956 4
108957 4
108958 4
108959 4
108960 4
108961 4
108962 4
108963 4
108964 4
108965 4
108966 4
108967 4
108968 4
108969 4
108970 4
108971 4
108972 4
108973 4
108974 4
108975 4
108976 4
108977 4
108978 4
108979 4
108980 4
108981 4
108982 4
108983 4
108984 4
108985 4
108986 4
108987 4
108988 4
108989 4
108990 4
108991 4
108992 4
108993 4
108994 4
108995 4
108996 4
108997 4
108998 4
108999 4
109000 4
109001 4
109002 4
109003 4
109004 4
109005 4
109006 4
109007 4
109008 4
109009 4
109010 4
109011 4
109012 4
109013 4
109014 4
109015 4
109016 4
109017 4
109018 4
109019 4
109020 4
109021 4
109022 4
109023 4
109024 4
109025 4
109026 4
109027 4
109028 4
109029 4
109030 4
109031 4
109032 4
109033 4
109034 4
109035 4
109036 4
109037 4
109038 4
109039 4
109040 4
109041 4
109042 4
109043 4
109044 4
109045 4
109046 4
109047 4
109048 4
109049 4
109050 4
109051 4
109052 4
109053 4
109054 4
109055 4
109056 4
109057 4
109058 4
109059 4
109060 4
109061 4
109062 4
109063 4
109064 4
109065 4
109066 4
109067 4
109068 4
109069 4
109070 4
109071 4
109072 4
109073 4
109074 4
109075 4
109076 4
109077 4
109078 4
109079 4
109080 4
109081 4
109082 4
109083 4
109084 4
109085 4
109086 4
109087 4
109088 4
109089 4
109090 4
109091 4
109092 4
109093 4
109094 4
109095 4
109096 4
109097 4
109098 4
109099 4
109100 4
109101 4
109102 4
109103 4
109104 4
109105 4
109106 4
109107 4
109108 4
109109 4
109110 4
109111 4
109112 4
109113 4
109114 4
109115 4
109116 4
109117 4
109118 4
109119 4
109120 4
109121 4
109122 4
109123 4
109124 4
109125 4
109126 4
109127 4
109128 4
109129 4
109130 4
109131 4
109132 4
109133 4
109134 4
109135 4
109136 4
109137 4
109138 4
109139 4
109140 4
109141 4
109142 4
109143 4
109144 4
109145 4
109146 4
109147 4
109148 4
109149 4
109150 4
109151 4
109152 4
109153 4
109154 4
109155 4
109156 4
109157 4
109158 4
109159 4
109160 4
109161 4
109162 4
109163 4
109164 4
109165 4
109166 4
109167 4
109168 4
109169 4
109170 4
109171 4
109172 4
109173 4
109174 4
109175 4
109176 4
109177 4
109178 4
109179 4
109180 4
109181 4
109182 4
109183 4
109184 4
109185 4
109186 4
109187 4
109188 4
109189 4
109190 4
109191 4
109192 4
109193 4
109194 4
109195 4
109196 4
109197 4
109198 4
109199 4
109200 4
109201 4
109202 4
109203 4
109204 4
109205 4
109206 4
109207 4
109208 4
109209 4
109210 4
109211 4
109212 4
109213 4
109214 4
109215 4
109216 4
109217 4
109218 4
109219 4
109220 4
109221 4
109222 4
109223 4
109224 4
109225 4
109226 4
109227 4
109228 4
109229 4
109230 4
109231 4
109232 4
109233 4
109234 4
109235 4
109236 4
109237 4
109238 4
109239 4
109240 4
109241 4
109242 4
109243 4
109244 4
109245 4
109246 4
109247 4
109248 4
109249 4
109250 4
109251 4
109252 4
109253 4
109254 4
109255 4
109256 4
109257 4
109258 4
109259 4
109260 4
109261 4
109262 4
109263 4
109264 4
109265 4
109266 4
109267 4
109268 4
109269 4
109270 4
109271 4
109272 4
109273 4
109274 4
109275 4
109276 4
109277 4
109278 4
109279 4
109280 4
109281 4
109282 4
109283 4
109284 4
109285 4
109286 4
109287 4
109288 4
109289 4
109290 4
109291 4
109292 4
109293 4
109294 4
109295 4
109296 4
109297 4
109298 4
109299 4
109300 4
109301 4
109302 4
109303 4
109304 4
109305 4
109306 4
109307 4
109308 4
109309 4
109310 4
109311 4
109312 4
109313 4
109314 4
109315 4
109316 4
109317 4
109318 4
109319 4
109320 4
109321 4
109322 4
109323 4
109324 4
109325 4
109326 4
109327 4
109328 4
109329 4
109330 4
109331 4
109332 4
109333 4
109334 4
109335 4
109336 4
109337 4
109338 4
109339 4
109340 4
109341 4
109342 4
109343 4
109344 4
109345 4
109346 4
109347 4
109348 4
109349 4
109350 4
109351 4
109352 4
109353 4
109354 4
109355 4
109356 4
109357 4
109358 4
109359 4
109360 4
109361 4
109362 4
109363 4
109364 4
109365 4
109366 4
109367 4
109368 4
109369 4
109370 4
109371 4
109372 4
109373 4
109374 4
109375 4
109376 4
109377 4
109378 4
109379 4
109380 4
109381 4
109382 4
109383 4
109384 4
109385 4
109386 4
109387 4
109388 4
109389 4
109390 4
109391 4
109392 4
109393 4
109394 4
109395 4
109396 4
109397 4
109398 4
109399 4
109400 4
109401 4
109402 4
109403 4
109404 4
109405 4
109406 4
109407 4
109408 4
109409 4
109410 4
109411 4
109412 4
109413 4
109414 4
109415 4
109416 4
109417 4
109418 4
109419 4
109420 4
109421 4
109422 4
109423 4
109424 4
109425 4
109426 4
109427 4
109428 4
109429 4
109430 4
109431 4
109432 4
109433 4
109434 4
109435 4
109436 4
109437 4
109438 4
109439 4
109440 4
109441 4
109442 4
109443 4
109444 4
109445 4
109446 4
109447 4
109448 4
109449 4
109450 4
109451 4
109452 4
109453 4
109454 4
109455 4
109456 4
109457 4
109458 4
109459 4
109460 4
109461 4
109462 4
109463 4
109464 4
109465 4
109466 4
109467 4
109468 4
109469 4
109470 4
109471 4
109472 4
109473 4
109474 4
109475 4
109476 4
109477 4
109478 4
109479 4
109480 4
109481 4
109482 4
109483 4
109484 4
109485 4
109486 4
109487 4
109488 4
109489 4
109490 4
109491 4
109492 4
109493 4
109494 4
109495 4
109496 4
109497 4
109498 4
109499 4
109500 4
109501 4
109502 4
109503 4
109504 4
109505 4
109506 4
109507 4
109508 4
109509 4
109510 4
109511 4
109512 4
109513 4
109514 4
109515 4
109516 4
109517 4
109518 4
109519 4
109520 4
109521 4
109522 4
109523 4
109524 4
109525 4
109526 4
109527 4
109528 4
109529 4
109530 4
109531 4
109532 4
109533 4
109534 4
109535 4
109536 4
109537 4
109538 4
109539 4
109540 4
109541 4
109542 4
109543 4
109544 4
109545 4
109546 4
109547 4
109548 4
109549 4
109550 4
109551 4
109552 4
109553 4
109554 4
109555 4
109556 4
109557 4
109558 4
109559 4
109560 4
109561 4
109562 4
109563 4
109564 4
109565 4
109566 4
109567 4
109568 4
109569 4
109570 4
109571 4
109572 4
109573 4
109574 4
109575 4
109576 4
109577 4
109578 4
109579 4
109580 4
109581 4
109582 4
109583 4
109584 4
109585 4
109586 4
109587 4
109588 4
109589 4
109590 4
109591 4
109592 4
109593 4
109594 4
109595 4
109596 4
109597 4
109598 4
109599 4
109600 4
109601 4
109602 4
109603 4
109604 4
109605 4
109606 4
109607 4
109608 4
109609 4
109610 4
109611 4
109612 4
109613 4
109614 4
109615 4
109616 4
109617 4
109618 4
109619 4
109620 4
109621 4
109622 4
109623 4
109624 4
109625 4
109626 4
109627 4
109628 4
109629 4
109630 4
109631 4
109632 4
109633 4
109634 4
109635 4
109636 4
109637 4
109638 4
109639 4
109640 4
109641 4
109642 4
109643 4
109644 4
109645 4
109646 4
109647 4
109648 4
109649 4
109650 4
109651 4
109652 4
109653 4
109654 4
109655 4
109656 4
109657 4
109658 4
109659 4
109660 4
109661 4
109662 4
109663 4
109664 4
109665 4
109666 4
109667 4
109668 4
109669 4
109670 4
109671 4
109672 4
109673 4
109674 4
109675 4
109676 4
109677 4
109678 4
109679 4
109680 4
109681 4
109682 4
109683 4
109684 4
109685 4
109686 4
109687 4
109688 4
109689 4
109690 4
109691 4
109692 4
109693 4
109694 4
109695 4
109696 4
109697 4
109698 4
109699 4
109700 4
109701 4
109702 4
109703 4
109704 4
109705 4
109706 4
109707 4
109708 4
109709 4
109710 4
109711 4
109712 4
109713 4
109714 4
109715 4
109716 4
109717 4
109718 4
109719 4
109720 4
109721 4
109722 4
109723 4
109724 4
109725 4
109726 4
109727 4
109728 4
109729 4
109730 4
109731 4
109732 4
109733 4
109734 4
109735 4
109736 4
109737 4
109738 4
109739 4
109740 4
109741 4
109742 4
109743 4
109744 4
109745 4
109746 4
109747 4
109748 4
109749 4
109750 4
109751 4
109752 4
109753 4
109754 4
109755 4
109756 4
109757 4
109758 4
109759 4
109760 4
109761 4
109762 4
109763 4
109764 4
109765 4
109766 4
109767 4
109768 4
109769 4
109770 4
109771 4
109772 4
109773 4
109774 4
109775 4
109776 4
109777 4
109778 4
109779 4
109780 4
109781 4
109782 4
109783 4
109784 4
109785 4
109786 4
109787 4
109788 4
109789 4
109790 4
109791 4
109792 4
109793 4
109794 4
109795 4
109796 4
109797 4
109798 4
109799 4
109800 4
109801 4
109802 4
109803 4
109804 4
109805 4
109806 4
109807 4
109808 4
109809 4
109810 4
109811 4
109812 4
109813 4
109814 4
109815 4
109816 4
109817 4
109818 4
109819 4
109820 4
109821 4
109822 4
109823 4
109824 4
109825 4
109826 4
109827 4
109828 4
109829 4
109830 4
109831 4
109832 4
109833 4
109834 4
109835 4
109836 4
109837 4
109838 4
109839 4
109840 4
109841 4
109842 4
109843 4
109844 4
109845 4
109846 4
109847 4
109848 4
109849 4
109850 4
109851 4
109852 4
109853 4
109854 4
109855 4
109856 4
109857 4
109858 4
109859 4
109860 4
109861 4
109862 4
109863 4
109864 4
109865 4
109866 4
109867 4
109868 4
109869 4
109870 4
109871 4
109872 4
109873 4
109874 4
109875 4
109876 4
109877 4
109878 4
109879 4
109880 4
109881 4
109882 4
109883 4
109884 4
109885 4
109886 4
109887 4
109888 4
109889 4
109890 4
109891 4
109892 4
109893 4
109894 4
109895 4
109896 4
109897 4
109898 4
109899 4
109900 4
109901 4
109902 4
109903 4
109904 4
109905 4
109906 4
109907 4
109908 4
109909 4
109910 4
109911 4
109912 4
109913 4
109914 4
109915 4
109916 4
109917 4
109918 4
109919 4
109920 4
109921 4
109922 4
109923 4
109924 4
109925 4
109926 4
109927 4
109928 4
109929 4
109930 4
109931 4
109932 4
109933 4
109934 4
109935 4
109936 4
109937 4
109938 4
109939 4
109940 4
109941 4
109942 4
109943 4
109944 4
109945 4
109946 4
109947 4
109948 4
109949 4
109950 4
109951 4
109952 4
109953 4
109954 4
109955 4
109956 4
109957 4
109958 4
109959 4
109960 4
109961 4
109962 4
109963 4
109964 4
109965 4
109966 4
109967 4
109968 4
109969 4
109970 4
109971 4
109972 4
109973 4
109974 4
109975 4
109976 4
109977 4
109978 4
109979 4
109980 4
109981 4
109982 4
109983 4
109984 4
109985 4
109986 4
109987 4
109988 4
109989 4
109990 4
109991 4
109992 4
109993 4
109994 4
109995 4
109996 4
109997 4
109998 4
109999 4
110000 4
110001 4
110002 4
110003 4
110004 4
110005 4
110006 4
110007 4
110008 4
110009 4
110010 4
110011 4
110012 4
110013 4
110014 4
110015 4
110016 4
110017 4
110018 4
110019 4
110020 4
110021 4
110022 4
110023 4
110024 4
110025 4
110026 4
110027 4
110028 4
110029 4
110030 4
110031 4
110032 4
110033 4
110034 4
110035 4
110036 4
110037 4
110038 4
110039 4
110040 4
110041 4
110042 4
110043 4
110044 4
110045 4
110046 4
110047 4
110048 4
110049 4
110050 4
110051 4
110052 4
110053 4
110054 4
110055 4
110056 4
110057 4
110058 4
110059 4
110060 4
110061 4
110062 4
110063 4
110064 4
110065 4
110066 4
110067 4
110068 4
110069 4
110070 4
110071 4
110072 4
110073 4
110074 4
110075 4
110076 4
110077 4
110078 4
110079 4
110080 4
110081 4
110082 4
110083 4
110084 4
110085 4
110086 4
110087 4
110088 4
110089 4
110090 4
110091 4
110092 4
110093 4
110094 4
110095 4
110096 4
110097 4
110098 4
110099 4
110100 4
110101 4
110102 4
110103 4
110104 4
110105 4
110106 4
110107 4
110108 4
110109 4
110110 4
110111 4
110112 4
110113 4
110114 4
110115 4
110116 4
110117 4
110118 4
110119 4
110120 4
110121 4
110122 4
110123 4
110124 4
110125 4
110126 4
110127 4
110128 4
110129 4
110130 4
110131 4
110132 4
110133 4
110134 4
110135 4
110136 4
110137 4
110138 4
110139 4
110140 4
110141 4
110142 4
110143 4
110144 4
110145 4
110146 4
110147 4
110148 4
110149 4
110150 4
110151 4
110152 4
110153 4
110154 4
110155 4
110156 4
110157 4
110158 4
110159 4
110160 4
110161 4
110162 4
110163 4
110164 4
110165 4
110166 4
110167 4
110168 4
110169 4
110170 4
110171 4
110172 4
110173 4
110174 4
110175 4
110176 4
110177 4
110178 4
110179 4
110180 4
110181 4
110182 4
110183 4
110184 4
110185 4
110186 4
110187 4
110188 4
110189 4
110190 4
110191 4
110192 4
110193 4
110194 4
110195 4
110196 4
110197 4
110198 4
110199 4
110200 4
110201 4
110202 4
110203 4
110204 4
110205 4
110206 4
110207 4
110208 5
110209 5
110210 5
110211 5
110212 5
110213 5
110214 5
110215 5
110216 5
110217 5
110218 5
110219 5
110220 5
110221 5
110222 5
110223 5
110224 5
110225 5
110226 5
110227 5
110228 5
110229 5
110230 5
110231 5
110232 5
110233 5
110234 5
110235 5
110236 5
110237 5
110238 5
110239 5
110240 5
110241 5
110242 5
110243 5
110244 5
110245 5
110246 5
110247 5
110248 5
110249 5
110250 5
110251 5
110252 5
110253 5
110254 5
110255 5
110256 5
110257 5
110258 5
110259 5
110260 5
110261 5
110262 5
110263 5
110264 5
110265 5
110266 5
110267 5
110268 5
110269 5
110270 5
110271 5
110272 5
110273 5
110274 5
110275 5
110276 5
110277 5
110278 5
110279 5
110280 5
110281 5
110282 5
110283 5
110284 5
110285 5
110286 5
110287 5
110288 5
110289 5
110290 5
110291 5
110292 5
110293 5
110294 5
110295 5
110296 5
110297 5
110298 5
110299 5
110300 5
110301 5
110302 5
110303 5
110304 5
110305 5
110306 5
110307 5
110308 5
110309 5
110310 5
110311 5
110312 5
110313 5
110314 5
110315 5
110316 5
110317 5
110318 5
110319 5
110320 5
110321 5
110322 5
110323 5
110324 5
110325 5
110326 5
110327 5
110328 5
110329 5
110330 5
110331 5
110332 5
110333 5
110334 5
110335 5
110336 5
110337 5
110338 5
110339 5
110340 5
110341 5
110342 5
110343 5
110344 5
110345 5
110346 5
110347 5
110348 5
110349 5
110350 5
110351 5
110352 5
110353 5
110354 5
110355 5
110356 5
110357 5
110358 5
110359 5
110360 5
110361 5
110362 5
110363 5
110364 5
110365 5
110366 5
110367 5
110368 5
110369 5
110370 5
110371 5
110372 5
110373 5
110374 5
110375 5
110376 5
110377 5
110378 5
110379 5
110380 5
110381 5
110382 5
110383 5
110384 5
110385 5
110386 5
110387 5
110388 5
110389 5
110390 5
110391 5
110392 5
110393 5
110394 5
110395 5
110396 5
110397 5
110398 5
110399 5
110400 5
110401 5
110402 5
110403 5
110404 5
110405 5
110406 5
110407 5
110408 5
110409 5
110410 5
110411 5
110412 5
110413 5
110414 5
110415 5
110416 5
110417 5
110418 5
110419 5
110420 5
110421 5
110422 5
110423 5
110424 5
110425 5
110426 5
110427 5
110428 5
110429 5
110430 5
110431 5
110432 5
110433 5
110434 5
110435 5
110436 5
110437 5
110438 5
110439 5
110440 5
110441 5
110442 5
110443 5
110444 5
110445 5
110446 5
110447 5
110448 5
110449 5
110450 5
110451 5
110452 5
110453 5
110454 5
110455 5
110456 5
110457 5
110458 5
110459 5
110460 5
110461 5
110462 5
110463 5
110464 5
110465 5
110466 5
110467 5
110468 5
110469 5
110470 5
110471 5
110472 5
110473 5
110474 5
110475 5
110476 5
110477 5
110478 5
110479 5
110480 5
110481 5
110482 5
110483 5
110484 5
110485 5
110486 5
110487 5
110488 5
110489 5
110490 5
110491 5
110492 5
110493 5
110494 5
110495 5
110496 5
110497 5
110498 5
110499 5
110500 5
110501 5
110502 5
110503 5
110504 5
110505 5
110506 5
110507 5
110508 5
110509 5
110510 5
110511 5
110512 5
110513 5
110514 5
110515 5
110516 5
110517 5
110518 5
110519 5
110520 5
110521 5
110522 5
110523 5
110524 5
110525 5
110526 5
110527 5
110528 5
110529 5
110530 5
110531 5
110532 5
110533 5
110534 5
110535 5
110536 5
110537 5
110538 5
110539 5
110540 5
110541 5
110542 5
110543 5
110544 5
110545 5
110546 5
110547 5
110548 5
110549 5
110550 5
110551 5
110552 5
110553 5
110554 5
110555 5
110556 5
110557 5
110558 5
110559 5
110560 5
110561 5
110562 5
110563 5
110564 5
110565 5
110566 5
110567 5
110568 5
110569 5
110570 5
110571 5
110572 5
110573 5
110574 5
110575 5
110576 5
110577 5
110578 5
110579 5
110580 5
110581 5
110582 5
110583 5
110584 5
110585 5
110586 5
110587 5
110588 5
110589 5
110590 5
110591 5
